week_end,t,sku_id,sku_name,line,retailer,units,everyday_price,price,dollars,arp,promo_flag,depth,display,feature,coupon,sibling_promo,pre_promo,post_promo,stores_selling,pct_acv,oos_week,base_units_true,cogs,true_base_pe,true_promo_pe,true_display_mult,true_feature_mult,true_coupon_mult,naive_base_units,naive_incr_units
2023-09-16,0,BW-101,Bramblewick Granola Clusters Honey 12oz,Granola,Fernhollow Market,380.0,5.49,5.49,2086.19,5.49,0,0.0,0,0,0,0,0,0,74,0.632,0,383.3,1.32,-1.3,-2.0,1.32,1.2,1.12,380.0,0.0
2023-09-23,1,BW-101,Bramblewick Granola Clusters Honey 12oz,Granola,Fernhollow Market,294.7,5.49,5.49,1618.17,5.49,0,0.0,0,0,0,0,0,0,72,0.615,0,325.2,1.32,-1.3,-2.0,1.32,1.2,1.12,294.7,0.0
2023-09-30,2,BW-101,Bramblewick Granola Clusters Honey 12oz,Granola,Fernhollow Market,353.2,5.49,5.49,1939.17,5.49,0,0.0,0,0,0,1,0,0,72,0.615,0,327.5,1.32,-1.3,-2.0,1.32,1.2,1.12,353.2,0.0
2023-10-07,3,BW-101,Bramblewick Granola Clusters Honey 12oz,Granola,Fernhollow Market,364.2,5.49,5.49,1999.26,5.49,0,0.0,0,0,0,1,0,0,72,0.615,0,329.9,1.32,-1.3,-2.0,1.32,1.2,1.12,364.2,0.0
2023-10-14,4,BW-101,Bramblewick Granola Clusters Honey 12oz,Granola,Fernhollow Market,285.8,5.49,5.49,1569.09,5.49,0,0.0,0,0,0,0,1,0,72,0.615,0,332.6,1.32,-1.3,-2.0,1.32,1.2,1.12,285.8,0.0
2023-10-21,5,BW-101,Bramblewick Granola Clusters Honey 12oz,Granola,Fernhollow Market,418.8,5.49,4.67,1989.21,4.75,1,0.15,0,0,0,0,0,0,73,0.623,0,340.4,1.32,-1.3,-2.0,1.32,1.2,1.12,353.2,65.6
2023-10-28,6,BW-101,Bramblewick Granola Clusters Honey 12oz,Granola,Fernhollow Market,326.6,5.49,5.49,1792.83,5.49,0,0.0,0,0,0,0,0,1,73,0.623,0,344.1,1.32,-1.3,-2.0,1.32,1.2,1.12,326.6,0.0
2023-11-04,7,BW-101,Bramblewick Granola Clusters Honey 12oz,Granola,Fernhollow Market,379.4,5.49,5.49,2082.98,5.49,0,0.0,0,0,0,0,0,0,73,0.623,0,348.4,1.32,-1.3,-2.0,1.32,1.2,1.12,379.4,0.0
2023-11-11,8,BW-101,Bramblewick Granola Clusters Honey 12oz,Granola,Fernhollow Market,368.6,5.49,5.49,2023.49,5.49,0,0.0,0,0,0,0,0,0,72,0.615,0,348.6,1.32,-1.3,-2.0,1.32,1.2,1.12,368.6,0.0
2023-11-18,9,BW-101,Bramblewick Granola Clusters Honey 12oz,Granola,Fernhollow Market,405.9,5.49,5.49,2228.6,5.49,0,0.0,0,0,0,1,0,0,73,0.623,0,424.9,1.32,-1.3,-2.0,1.32,1.2,1.12,405.9,0.0
2023-11-25,10,BW-101,Bramblewick Granola Clusters Honey 12oz,Granola,Fernhollow Market,455.4,5.49,5.49,2499.93,5.49,0,0.0,0,0,0,1,0,0,72,0.615,0,458.3,1.32,-1.3,-2.0,1.32,1.2,1.12,455.4,0.0
2023-12-02,11,BW-101,Bramblewick Granola Clusters Honey 12oz,Granola,Fernhollow Market,374.7,5.49,5.49,2057.08,5.49,0,0.0,0,0,0,1,0,0,72,0.615,0,367.2,1.32,-1.3,-2.0,1.32,1.2,1.12,374.7,0.0
2023-12-09,12,BW-101,Bramblewick Granola Clusters Honey 12oz,Granola,Fernhollow Market,475.6,5.49,5.49,2611.19,5.49,0,0.0,0,0,0,0,0,0,73,0.623,0,379.5,1.32,-1.3,-2.0,1.32,1.2,1.12,475.6,0.0
2023-12-16,13,BW-101,Bramblewick Granola Clusters Honey 12oz,Granola,Fernhollow Market,456.2,5.49,5.49,2504.43,5.49,0,0.0,0,0,0,0,1,0,76,0.649,0,459.5,1.32,-1.3,-2.0,1.32,1.2,1.12,456.2,0.0
2023-12-23,14,BW-101,Bramblewick Granola Clusters Honey 12oz,Granola,Fernhollow Market,715.9,5.49,4.67,3436.13,4.8,1,0.15,0,0,0,0,0,0,75,0.64,0,544.7,1.32,-1.3,-2.0,1.32,1.2,1.12,392.6,323.2
2023-12-30,15,BW-101,Bramblewick Granola Clusters Honey 12oz,Granola,Fernhollow Market,466.5,5.49,5.49,2561.18,5.49,0,0.0,0,0,0,0,0,1,77,0.657,0,498.3,1.32,-1.3,-2.0,1.32,1.2,1.12,466.5,0.0
2024-01-06,16,BW-101,Bramblewick Granola Clusters Honey 12oz,Granola,Fernhollow Market,738.5,5.49,5.49,4054.34,5.49,0,0.0,0,0,0,0,0,0,75,0.64,0,563.6,1.32,-1.3,-2.0,1.32,1.2,1.12,738.5,0.0
2024-01-13,17,BW-101,Bramblewick Granola Clusters Honey 12oz,Granola,Fernhollow Market,646.3,5.49,5.49,3548.21,5.49,0,0.0,0,0,0,0,0,0,76,0.649,0,577.6,1.32,-1.3,-2.0,1.32,1.2,1.12,646.3,0.0
2024-01-20,18,BW-101,Bramblewick Granola Clusters Honey 12oz,Granola,Fernhollow Market,469.6,5.49,5.49,2578.32,5.49,0,0.0,0,0,0,0,0,0,75,0.64,0,425.5,1.32,-1.3,-2.0,1.32,1.2,1.12,469.6,0.0
2024-01-27,19,BW-101,Bramblewick Granola Clusters Honey 12oz,Granola,Fernhollow Market,520.3,5.49,5.49,2856.22,5.49,0,0.0,0,0,0,0,0,0,77,0.657,0,438.4,1.32,-1.3,-2.0,1.32,1.2,1.12,520.3,0.0
2024-02-03,20,BW-101,Bramblewick Granola Clusters Honey 12oz,Granola,Fernhollow Market,506.7,5.49,5.49,2781.56,5.49,0,0.0,0,0,0,0,0,0,76,0.649,0,432.2,1.32,-1.3,-2.0,1.32,1.2,1.12,506.7,0.0
2024-02-10,21,BW-101,Bramblewick Granola Clusters Honey 12oz,Granola,Fernhollow Market,565.3,5.49,5.49,3103.54,5.49,0,0.0,0,0,0,0,0,0,75,0.64,0,424.0,1.32,-1.3,-2.0,1.32,1.2,1.12,565.3,0.0
2024-02-17,22,BW-101,Bramblewick Granola Clusters Honey 12oz,Granola,Fernhollow Market,373.3,5.79,5.79,2161.16,5.79,0,0.0,0,0,0,0,0,0,77,0.657,0,401.8,1.32,-1.3,-2.0,1.32,1.2,1.12,373.3,0.0
2024-02-24,23,BW-101,Bramblewick Granola Clusters Honey 12oz,Granola,Fernhollow Market,348.4,5.79,5.79,2017.12,5.79,0,0.0,0,0,0,1,1,0,77,0.657,0,395.6,1.32,-1.3,-2.0,1.32,1.2,1.12,348.4,0.0
2024-03-02,24,BW-101,Bramblewick Granola Clusters Honey 12oz,Granola,Fernhollow Market,931.1,5.79,4.63,4553.32,4.89,1,0.2,0,1,1,1,0,0,77,0.657,0,387.8,1.32,-1.3,-2.0,1.32,1.2,1.12,513.5,417.6
2024-03-09,25,BW-101,Bramblewick Granola Clusters Honey 12oz,Granola,Fernhollow Market,388.8,5.79,5.79,2251.27,5.79,0,0.0,0,0,0,0,0,1,76,0.649,0,373.8,1.32,-1.3,-2.0,1.32,1.2,1.12,388.8,0.0
2024-03-16,26,BW-101,Bramblewick Granola Clusters Honey 12oz,Granola,Fernhollow Market,363.8,5.79,5.79,2106.63,5.79,0,0.0,0,0,0,0,0,0,78,0.666,0,373.4,1.32,-1.3,-2.0,1.32,1.2,1.12,363.8,0.0
2024-03-23,27,BW-101,Bramblewick Granola Clusters Honey 12oz,Granola,Fernhollow Market,310.6,5.79,5.79,1798.36,5.79,0,0.0,0,0,0,0,0,0,79,0.674,0,367.3,1.32,-1.3,-2.0,1.32,1.2,1.12,310.6,0.0
2024-03-30,28,BW-101,Bramblewick Granola Clusters Honey 12oz,Granola,Fernhollow Market,351.5,5.79,5.79,2034.98,5.79,0,0.0,0,0,0,0,0,0,79,0.674,0,356.2,1.32,-1.3,-2.0,1.32,1.2,1.12,351.5,0.0
2024-04-06,29,BW-101,Bramblewick Granola Clusters Honey 12oz,Granola,Fernhollow Market,324.7,5.79,5.79,1879.93,5.79,0,0.0,0,0,0,0,0,0,79,0.674,0,345.3,1.32,-1.3,-2.0,1.32,1.2,1.12,324.7,0.0
2024-04-13,30,BW-101,Bramblewick Granola Clusters Honey 12oz,Granola,Fernhollow Market,292.5,5.79,5.79,1693.59,5.79,0,0.0,0,0,0,1,0,0,78,0.666,0,330.7,1.32,-1.3,-2.0,1.32,1.2,1.12,292.5,0.0
2024-04-20,31,BW-101,Bramblewick Granola Clusters Honey 12oz,Granola,Fernhollow Market,326.1,5.79,5.79,1888.29,5.79,0,0.0,0,0,0,1,0,0,78,0.666,0,321.3,1.32,-1.3,-2.0,1.32,1.2,1.12,326.1,0.0
2024-04-27,32,BW-101,Bramblewick Granola Clusters Honey 12oz,Granola,Fernhollow Market,307.2,5.79,5.79,1778.52,5.79,0,0.0,0,0,0,1,0,0,79,0.674,0,316.9,1.32,-1.3,-2.0,1.32,1.2,1.12,307.2,0.0
2024-05-04,33,BW-101,Bramblewick Granola Clusters Honey 12oz,Granola,Fernhollow Market,272.5,5.79,5.79,1578.05,5.79,0,0.0,0,0,0,0,0,0,78,0.666,0,305.6,1.32,-1.3,-2.0,1.32,1.2,1.12,272.5,0.0
2024-05-11,34,BW-101,Bramblewick Granola Clusters Honey 12oz,Granola,Fernhollow Market,283.0,5.79,5.79,1638.34,5.79,0,0.0,0,0,0,0,0,0,79,0.674,0,303.4,1.32,-1.3,-2.0,1.32,1.2,1.12,283.0,0.0
2024-05-18,35,BW-101,Bramblewick Granola Clusters Honey 12oz,Granola,Fernhollow Market,323.7,5.79,5.79,1874.2,5.79,0,0.0,0,0,0,0,0,0,80,0.683,0,311.6,1.32,-1.3,-2.0,1.32,1.2,1.12,323.7,0.0
2024-05-25,36,BW-101,Bramblewick Granola Clusters Honey 12oz,Granola,Fernhollow Market,314.4,5.79,5.79,1820.55,5.79,0,0.0,0,0,0,1,0,0,79,0.674,0,308.8,1.32,-1.3,-2.0,1.32,1.2,1.12,314.4,0.0
2024-06-01,37,BW-101,Bramblewick Granola Clusters Honey 12oz,Granola,Fernhollow Market,291.8,5.79,5.79,1689.25,5.79,0,0.0,0,0,0,0,0,0,78,0.666,0,289.4,1.32,-1.3,-2.0,1.32,1.2,1.12,291.8,0.0
2024-06-08,38,BW-101,Bramblewick Granola Clusters Honey 12oz,Granola,Fernhollow Market,300.4,5.79,5.79,1739.27,5.79,0,0.0,0,0,0,0,0,0,78,0.666,0,288.6,1.32,-1.3,-2.0,1.32,1.2,1.12,300.4,0.0
2024-06-15,39,BW-101,Bramblewick Granola Clusters Honey 12oz,Granola,Fernhollow Market,259.2,5.79,5.79,1500.68,5.79,0,0.0,0,0,0,0,0,0,82,0.7,0,303.7,1.32,-1.3,-2.0,1.32,1.2,1.12,259.2,0.0
2024-06-22,40,BW-101,Bramblewick Granola Clusters Honey 12oz,Granola,Fernhollow Market,296.2,5.79,5.79,1714.82,5.79,0,0.0,0,0,0,0,0,0,83,0.709,0,308.8,1.32,-1.3,-2.0,1.32,1.2,1.12,296.2,0.0
2024-06-29,41,BW-101,Bramblewick Granola Clusters Honey 12oz,Granola,Fernhollow Market,298.6,5.79,5.79,1728.79,5.79,0,0.0,0,0,0,0,0,0,82,0.7,0,322.5,1.32,-1.3,-2.0,1.32,1.2,1.12,298.6,0.0
2024-07-06,42,BW-101,Bramblewick Granola Clusters Honey 12oz,Granola,Fernhollow Market,346.8,5.79,5.79,2007.97,5.79,0,0.0,0,0,0,0,0,0,82,0.7,0,334.6,1.32,-1.3,-2.0,1.32,1.2,1.12,346.8,0.0
2024-07-13,43,BW-101,Bramblewick Granola Clusters Honey 12oz,Granola,Fernhollow Market,315.7,5.79,5.79,1827.92,5.79,0,0.0,0,0,0,0,0,0,84,0.717,0,321.6,1.32,-1.3,-2.0,1.32,1.2,1.12,315.7,0.0
2024-07-20,44,BW-101,Bramblewick Granola Clusters Honey 12oz,Granola,Fernhollow Market,294.5,5.79,5.79,1705.05,5.79,0,0.0,0,0,0,0,0,0,83,0.709,0,321.7,1.32,-1.3,-2.0,1.32,1.2,1.12,294.5,0.0
2024-07-27,45,BW-101,Bramblewick Granola Clusters Honey 12oz,Granola,Fernhollow Market,291.0,5.79,5.79,1685.08,5.79,0,0.0,0,0,0,0,0,0,83,0.709,0,325.9,1.32,-1.3,-2.0,1.32,1.2,1.12,291.0,0.0
2024-08-03,46,BW-101,Bramblewick Granola Clusters Honey 12oz,Granola,Fernhollow Market,345.7,5.79,5.79,2001.5,5.79,0,0.0,0,0,0,0,0,0,84,0.717,0,333.9,1.32,-1.3,-2.0,1.32,1.2,1.12,345.7,0.0
2024-08-10,47,BW-101,Bramblewick Granola Clusters Honey 12oz,Granola,Fernhollow Market,272.2,5.79,5.79,1575.96,5.79,0,0.0,0,0,0,1,0,0,82,0.7,0,329.9,1.32,-1.3,-2.0,1.32,1.2,1.12,272.2,0.0
2024-08-17,48,BW-101,Bramblewick Granola Clusters Honey 12oz,Granola,Fernhollow Market,383.5,5.79,5.79,2220.7,5.79,0,0.0,0,0,0,0,0,0,82,0.7,0,333.6,1.32,-1.3,-2.0,1.32,1.2,1.12,383.5,0.0
2024-08-24,49,BW-101,Bramblewick Granola Clusters Honey 12oz,Granola,Fernhollow Market,399.6,5.79,5.79,2313.84,5.79,0,0.0,0,0,0,0,0,0,82,0.7,0,389.2,1.32,-1.3,-2.0,1.32,1.2,1.12,399.6,0.0
2024-08-31,50,BW-101,Bramblewick Granola Clusters Honey 12oz,Granola,Fernhollow Market,346.4,5.79,5.79,2005.45,5.79,0,0.0,0,0,0,1,0,0,84,0.717,0,402.2,1.32,-1.3,-2.0,1.32,1.2,1.12,346.4,0.0
2024-09-07,51,BW-101,Bramblewick Granola Clusters Honey 12oz,Granola,Fernhollow Market,383.5,5.79,5.79,2220.35,5.79,0,0.0,0,0,0,0,0,0,82,0.7,0,342.7,1.32,-1.3,-2.0,1.32,1.2,1.12,383.5,0.0
2024-09-14,52,BW-101,Bramblewick Granola Clusters Honey 12oz,Granola,Fernhollow Market,314.7,5.79,5.79,1822.38,5.79,0,0.0,0,0,0,0,0,0,85,0.726,0,357.9,1.32,-1.3,-2.0,1.32,1.2,1.12,314.7,0.0
2024-09-21,53,BW-101,Bramblewick Granola Clusters Honey 12oz,Granola,Fernhollow Market,403.2,5.79,5.79,2334.54,5.79,0,0.0,0,0,0,0,0,0,85,0.726,0,360.4,1.32,-1.3,-2.0,1.32,1.2,1.12,403.2,0.0
2024-09-28,54,BW-101,Bramblewick Granola Clusters Honey 12oz,Granola,Fernhollow Market,344.7,5.79,5.79,1995.73,5.79,0,0.0,0,0,0,0,0,0,87,0.743,0,371.4,1.32,-1.3,-2.0,1.32,1.2,1.12,344.7,0.0
2024-10-05,55,BW-101,Bramblewick Granola Clusters Honey 12oz,Granola,Fernhollow Market,393.1,5.79,5.79,2276.32,5.79,0,0.0,0,0,0,0,1,0,87,0.743,0,374.1,1.32,-1.3,-2.0,1.32,1.2,1.12,393.1,0.0
2024-10-12,56,BW-101,Bramblewick Granola Clusters Honey 12oz,Granola,Fernhollow Market,477.5,5.79,4.92,2363.42,4.95,1,0.15,0,0,0,0,0,0,87,0.743,0,377.2,1.32,-1.3,-2.0,1.32,1.2,1.12,383.5,94.0
2024-10-19,57,BW-101,Bramblewick Granola Clusters Honey 12oz,Granola,Fernhollow Market,316.3,5.79,5.79,1831.29,5.79,0,0.0,0,0,0,0,0,1,86,0.734,0,376.4,1.32,-1.3,-2.0,1.32,1.2,1.12,316.3,0.0
2024-10-26,58,BW-101,Bramblewick Granola Clusters Honey 12oz,Granola,Fernhollow Market,310.2,5.79,5.79,1796.22,5.79,0,0.0,0,0,0,0,0,0,86,0.734,0,380.5,1.32,-1.3,-2.0,1.32,1.2,1.12,310.2,0.0
2024-11-02,59,BW-101,Bramblewick Granola Clusters Honey 12oz,Granola,Fernhollow Market,394.1,5.79,5.79,2281.94,5.79,0,0.0,0,0,0,0,0,0,87,0.743,0,389.8,1.32,-1.3,-2.0,1.32,1.2,1.12,394.1,0.0
2024-11-09,60,BW-101,Bramblewick Granola Clusters Honey 12oz,Granola,Fernhollow Market,420.3,5.79,5.79,2433.79,5.79,0,0.0,0,0,0,0,0,0,87,0.743,0,395.4,1.32,-1.3,-2.0,1.32,1.2,1.12,420.3,0.0
2024-11-16,61,BW-101,Bramblewick Granola Clusters Honey 12oz,Granola,Fernhollow Market,340.5,5.79,5.79,1971.73,5.79,0,0.0,0,0,0,0,0,0,86,0.734,0,397.2,1.32,-1.3,-2.0,1.32,1.2,1.12,340.5,0.0
2024-11-23,62,BW-101,Bramblewick Granola Clusters Honey 12oz,Granola,Fernhollow Market,588.7,5.79,5.79,3408.69,5.79,0,0.0,0,0,0,0,0,0,86,0.734,0,478.1,1.32,-1.3,-2.0,1.32,1.2,1.12,588.7,0.0
2024-11-30,63,BW-101,Bramblewick Granola Clusters Honey 12oz,Granola,Fernhollow Market,467.6,5.79,5.79,2707.42,5.79,0,0.0,0,0,0,1,0,0,87,0.743,0,529.5,1.32,-1.3,-2.0,1.32,1.2,1.12,467.6,0.0
2024-12-07,64,BW-101,Bramblewick Granola Clusters Honey 12oz,Granola,Fernhollow Market,366.6,5.79,5.79,2122.37,5.79,0,0.0,0,0,0,0,0,0,85,0.726,0,414.8,1.32,-1.3,-2.0,1.32,1.2,1.12,366.6,0.0
2024-12-14,65,BW-101,Bramblewick Granola Clusters Honey 12oz,Granola,Fernhollow Market,616.2,5.79,5.79,3567.59,5.79,0,0.0,0,0,0,0,1,0,90,0.768,0,510.8,1.32,-1.3,-2.0,1.32,1.2,1.12,616.2,0.0
2024-12-21,66,BW-101,Bramblewick Granola Clusters Honey 12oz,Granola,Fernhollow Market,1884.0,5.79,4.05,8364.77,4.44,1,0.3,1,1,0,1,0,0,90,0.768,0,613.5,1.32,-1.3,-2.0,1.32,1.2,1.12,407.2,1476.8
2024-12-28,67,BW-101,Bramblewick Granola Clusters Honey 12oz,Granola,Fernhollow Market,2177.3,5.79,4.05,9101.31,4.18,1,0.3,1,1,0,1,0,0,89,0.76,0,540.6,1.32,-1.3,-2.0,1.32,1.2,1.12,407.2,1770.1
2025-01-04,68,BW-101,Bramblewick Granola Clusters Honey 12oz,Granola,Fernhollow Market,1357.7,5.79,4.05,5906.02,4.35,1,0.3,1,1,0,0,0,0,89,0.76,0,627.7,1.32,-1.3,-2.0,1.32,1.2,1.12,407.2,950.5
2025-01-11,69,BW-101,Bramblewick Granola Clusters Honey 12oz,Granola,Fernhollow Market,660.0,5.79,5.79,3821.21,5.79,0,0.0,0,0,0,1,0,1,88,0.751,0,627.8,1.32,-1.3,-2.0,1.32,1.2,1.12,660.0,0.0
2025-01-18,70,BW-101,Bramblewick Granola Clusters Honey 12oz,Granola,Fernhollow Market,423.4,5.79,5.79,2451.47,5.79,0,0.0,0,0,0,1,0,0,88,0.751,0,468.7,1.32,-1.3,-2.0,1.32,1.2,1.12,423.4,0.0
2025-01-25,71,BW-101,Bramblewick Granola Clusters Honey 12oz,Granola,Fernhollow Market,453.3,5.79,5.79,2624.46,5.79,0,0.0,0,0,0,0,1,0,88,0.751,0,470.3,1.32,-1.3,-2.0,1.32,1.2,1.12,453.3,0.0
2025-02-01,72,BW-101,Bramblewick Granola Clusters Honey 12oz,Granola,Fernhollow Market,625.2,5.79,5.21,3300.83,5.28,1,0.1,0,0,0,0,0,0,90,0.768,0,480.4,1.32,-1.3,-2.0,1.32,1.2,1.12,460.4,164.8
2025-02-08,73,BW-101,Bramblewick Granola Clusters Honey 12oz,Granola,Fernhollow Market,501.5,5.79,5.21,2622.66,5.23,1,0.1,0,0,0,0,0,0,90,0.768,0,477.6,1.32,-1.3,-2.0,1.32,1.2,1.12,460.4,41.0
2025-02-15,74,BW-101,Bramblewick Granola Clusters Honey 12oz,Granola,Fernhollow Market,421.9,5.79,5.79,2442.69,5.79,0,0.0,0,0,0,1,0,1,88,0.751,0,461.9,1.32,-1.3,-2.0,1.32,1.2,1.12,421.9,0.0
2025-02-22,75,BW-101,Bramblewick Granola Clusters Honey 12oz,Granola,Fernhollow Market,480.1,5.79,5.79,2779.93,5.79,0,0.0,0,0,0,0,0,0,88,0.751,0,454.8,1.32,-1.3,-2.0,1.32,1.2,1.12,480.1,0.0
2025-03-01,76,BW-101,Bramblewick Granola Clusters Honey 12oz,Granola,Fernhollow Market,474.8,5.79,5.79,2749.28,5.79,0,0.0,0,0,0,0,0,0,90,0.768,0,455.9,1.32,-1.3,-2.0,1.32,1.2,1.12,474.8,0.0
2025-03-08,77,BW-101,Bramblewick Granola Clusters Honey 12oz,Granola,Fernhollow Market,418.9,5.79,5.79,2425.44,5.79,0,0.0,0,0,0,0,0,0,90,0.768,0,445.2,1.32,-1.3,-2.0,1.32,1.2,1.12,418.9,0.0
2025-03-15,78,BW-101,Bramblewick Granola Clusters Honey 12oz,Granola,Fernhollow Market,372.6,5.99,5.99,2232.16,5.99,0,0.0,0,0,0,0,0,0,92,0.785,0,423.9,1.32,-1.3,-2.0,1.32,1.2,1.12,372.6,0.0
2025-03-22,79,BW-101,Bramblewick Granola Clusters Honey 12oz,Granola,Fernhollow Market,435.2,5.99,5.99,2607.02,5.99,0,0.0,0,0,0,0,0,0,93,0.794,0,416.2,1.32,-1.3,-2.0,1.32,1.2,1.12,435.2,0.0
2025-03-29,80,BW-101,Bramblewick Granola Clusters Honey 12oz,Granola,Fernhollow Market,440.0,5.99,5.99,2635.55,5.99,0,0.0,0,0,0,0,0,0,92,0.785,0,399.3,1.32,-1.3,-2.0,1.32,1.2,1.12,440.0,0.0
2025-04-05,81,BW-101,Bramblewick Granola Clusters Honey 12oz,Granola,Fernhollow Market,398.9,5.99,5.99,2389.68,5.99,0,0.0,0,0,0,0,0,0,93,0.794,0,391.3,1.32,-1.3,-2.0,1.32,1.2,1.12,398.9,0.0
2025-04-12,82,BW-101,Bramblewick Granola Clusters Honey 12oz,Granola,Fernhollow Market,331.1,5.99,5.99,1983.47,5.99,0,0.0,0,0,0,1,0,0,94,0.803,0,383.6,1.32,-1.3,-2.0,1.32,1.2,1.12,331.1,0.0
2025-04-19,83,BW-101,Bramblewick Granola Clusters Honey 12oz,Granola,Fernhollow Market,348.6,5.99,5.99,2088.39,5.99,0,0.0,0,0,0,0,0,0,93,0.794,0,368.7,1.32,-1.3,-2.0,1.32,1.2,1.12,348.6,0.0
2025-04-26,84,BW-101,Bramblewick Granola Clusters Honey 12oz,Granola,Fernhollow Market,395.0,5.99,5.99,2365.96,5.99,0,0.0,0,0,0,0,0,0,94,0.803,0,362.9,1.32,-1.3,-2.0,1.32,1.2,1.12,395.0,0.0
2025-05-03,85,BW-101,Bramblewick Granola Clusters Honey 12oz,Granola,Fernhollow Market,415.0,5.99,5.99,2486.01,5.99,0,0.0,0,0,0,0,0,0,93,0.794,0,350.6,1.32,-1.3,-2.0,1.32,1.2,1.12,415.0,0.0
2025-05-10,86,BW-101,Bramblewick Granola Clusters Honey 12oz,Granola,Fernhollow Market,338.9,5.99,5.99,2030.04,5.99,0,0.0,0,0,0,0,0,0,93,0.794,0,343.7,1.32,-1.3,-2.0,1.32,1.2,1.12,338.9,0.0
2025-05-17,87,BW-101,Bramblewick Granola Clusters Honey 12oz,Granola,Fernhollow Market,304.7,5.99,5.99,1825.3,5.99,0,0.0,0,0,0,0,0,0,92,0.785,0,334.7,1.32,-1.3,-2.0,1.32,1.2,1.12,304.7,0.0
2025-05-24,88,BW-101,Bramblewick Granola Clusters Honey 12oz,Granola,Fernhollow Market,402.8,5.99,5.99,2412.47,5.99,0,0.0,0,0,0,1,0,0,93,0.794,0,344.7,1.32,-1.3,-2.0,1.32,1.2,1.12,402.8,0.0
2025-05-31,89,BW-101,Bramblewick Granola Clusters Honey 12oz,Granola,Fernhollow Market,288.9,5.99,5.99,1730.39,5.99,0,0.0,0,0,0,0,0,0,92,0.785,0,343.7,1.32,-1.3,-2.0,1.32,1.2,1.12,288.9,0.0
2025-06-07,90,BW-101,Bramblewick Granola Clusters Honey 12oz,Granola,Fernhollow Market,345.8,5.99,5.99,2071.34,5.99,0,0.0,0,0,0,0,0,0,94,0.803,0,334.7,1.32,-1.3,-2.0,1.32,1.2,1.12,345.8,0.0
2025-06-14,91,BW-101,Bramblewick Granola Clusters Honey 12oz,Granola,Fernhollow Market,286.6,5.99,5.99,1716.93,5.99,0,0.0,0,0,0,1,1,0,96,0.82,0,342.2,1.32,-1.3,-2.0,1.32,1.2,1.12,286.6,0.0
2025-06-21,92,BW-101,Bramblewick Granola Clusters Honey 12oz,Granola,Fernhollow Market,1303.7,5.99,4.49,5970.95,4.58,1,0.25,1,1,1,1,0,0,95,0.811,0,340.2,1.32,-1.3,-2.0,1.32,1.2,1.12,342.4,961.4
2025-06-28,93,BW-101,Bramblewick Granola Clusters Honey 12oz,Granola,Fernhollow Market,333.7,5.99,5.99,1998.99,5.99,0,0.0,0,0,0,0,0,1,96,0.82,0,363.4,1.32,-1.3,-2.0,1.32,1.2,1.12,333.7,0.0
2025-07-05,94,BW-101,Bramblewick Granola Clusters Honey 12oz,Granola,Fernhollow Market,309.8,5.99,5.99,1855.63,5.99,0,0.0,0,0,0,0,0,0,95,0.811,0,373.1,1.32,-1.3,-2.0,1.32,1.2,1.12,309.8,0.0
2025-07-12,95,BW-101,Bramblewick Granola Clusters Honey 12oz,Granola,Fernhollow Market,308.6,5.99,5.99,1848.72,5.99,0,0.0,0,0,0,0,0,0,95,0.811,0,350.1,1.32,-1.3,-2.0,1.32,1.2,1.12,308.6,0.0
2025-07-19,96,BW-101,Bramblewick Granola Clusters Honey 12oz,Granola,Fernhollow Market,316.7,5.99,5.99,1897.08,5.99,0,0.0,0,0,0,1,0,0,95,0.811,0,354.4,1.32,-1.3,-2.0,1.32,1.2,1.12,316.7,0.0
2025-07-26,97,BW-101,Bramblewick Granola Clusters Honey 12oz,Granola,Fernhollow Market,362.9,5.99,5.99,2173.59,5.99,0,0.0,0,0,0,0,0,0,96,0.82,0,362.7,1.32,-1.3,-2.0,1.32,1.2,1.12,362.9,0.0
2025-08-02,98,BW-101,Bramblewick Granola Clusters Honey 12oz,Granola,Fernhollow Market,345.3,5.99,5.99,2068.09,5.99,0,0.0,0,0,0,0,0,0,97,0.828,0,371.1,1.32,-1.3,-2.0,1.32,1.2,1.12,345.3,0.0
2025-08-09,99,BW-101,Bramblewick Granola Clusters Honey 12oz,Granola,Fernhollow Market,353.5,5.99,5.99,2117.49,5.99,0,0.0,0,0,0,0,0,0,97,0.828,0,375.6,1.32,-1.3,-2.0,1.32,1.2,1.12,353.5,0.0
2025-08-16,100,BW-101,Bramblewick Granola Clusters Honey 12oz,Granola,Fernhollow Market,319.0,5.99,5.99,1911.0,5.99,0,0.0,0,0,0,0,0,0,97,0.828,0,379.8,1.32,-1.3,-2.0,1.32,1.2,1.12,319.0,0.0
2025-08-23,101,BW-101,Bramblewick Granola Clusters Honey 12oz,Granola,Fernhollow Market,371.7,5.99,5.99,2226.54,5.99,0,0.0,0,0,0,0,0,0,96,0.82,0,438.5,1.32,-1.3,-2.0,1.32,1.2,1.12,371.7,0.0
2025-08-30,102,BW-101,Bramblewick Granola Clusters Honey 12oz,Granola,Fernhollow Market,408.9,5.99,5.99,2449.23,5.99,0,0.0,0,0,0,0,0,0,95,0.811,0,437.8,1.32,-1.3,-2.0,1.32,1.2,1.12,408.9,0.0
2025-09-06,103,BW-101,Bramblewick Granola Clusters Honey 12oz,Granola,Fernhollow Market,361.9,5.99,5.99,2168.03,5.99,0,0.0,0,0,0,0,0,0,97,0.828,0,390.2,1.32,-1.3,-2.0,1.32,1.2,1.12,361.9,0.0
2025-09-13,104,BW-101,Bramblewick Granola Clusters Honey 12oz,Granola,Fernhollow Market,400.0,5.99,5.99,2395.99,5.99,0,0.0,0,0,0,0,0,0,100,0.854,0,405.2,1.32,-1.3,-2.0,1.32,1.2,1.12,400.0,0.0
2025-09-20,105,BW-101,Bramblewick Granola Clusters Honey 12oz,Granola,Fernhollow Market,350.9,5.99,5.99,2101.88,5.99,0,0.0,0,0,0,0,0,0,98,0.837,0,399.9,1.32,-1.3,-2.0,1.32,1.2,1.12,350.9,0.0
2025-09-27,106,BW-101,Bramblewick Granola Clusters Honey 12oz,Granola,Fernhollow Market,482.4,5.99,5.99,2889.57,5.99,0,0.0,0,0,0,0,0,0,98,0.837,0,402.6,1.32,-1.3,-2.0,1.32,1.2,1.12,482.4,0.0
2025-10-04,107,BW-101,Bramblewick Granola Clusters Honey 12oz,Granola,Fernhollow Market,336.9,5.99,5.99,2018.11,5.99,0,0.0,0,0,0,0,0,0,99,0.845,0,409.7,1.32,-1.3,-2.0,1.32,1.2,1.12,336.9,0.0
2025-10-11,108,BW-101,Bramblewick Granola Clusters Honey 12oz,Granola,Fernhollow Market,402.6,5.99,5.99,2411.63,5.99,0,0.0,0,0,0,1,0,0,99,0.845,0,413.1,1.32,-1.3,-2.0,1.32,1.2,1.12,402.6,0.0
2025-10-18,109,BW-101,Bramblewick Granola Clusters Honey 12oz,Granola,Fernhollow Market,392.1,5.99,5.99,2348.47,5.99,0,0.0,0,0,0,1,0,0,99,0.845,0,417.0,1.32,-1.3,-2.0,1.32,1.2,1.12,392.1,0.0
2025-10-25,110,BW-101,Bramblewick Granola Clusters Honey 12oz,Granola,Fernhollow Market,506.6,5.99,5.99,3034.73,5.99,0,0.0,0,0,0,0,0,0,99,0.845,0,421.6,1.32,-1.3,-2.0,1.32,1.2,1.12,506.6,0.0
2025-11-01,111,BW-101,Bramblewick Granola Clusters Honey 12oz,Granola,Fernhollow Market,506.7,5.99,5.99,3035.16,5.99,0,0.0,0,0,0,0,0,0,100,0.854,0,431.2,1.32,-1.3,-2.0,1.32,1.2,1.12,506.7,0.0
2025-11-08,112,BW-101,Bramblewick Granola Clusters Honey 12oz,Granola,Fernhollow Market,112.1,5.99,5.99,671.57,5.99,0,0.0,0,0,0,1,0,0,99,0.845,1,433.1,1.32,-1.3,-2.0,1.32,1.2,1.12,112.1,0.0
2025-11-15,113,BW-101,Bramblewick Granola Clusters Honey 12oz,Granola,Fernhollow Market,401.1,5.99,5.99,2402.38,5.99,0,0.0,0,0,0,1,0,0,98,0.837,0,435.6,1.32,-1.3,-2.0,1.32,1.2,1.12,401.1,0.0
2025-11-22,114,BW-101,Bramblewick Granola Clusters Honey 12oz,Granola,Fernhollow Market,580.6,5.99,5.99,3477.69,5.99,0,0.0,0,0,0,0,0,0,99,0.845,0,529.7,1.32,-1.3,-2.0,1.32,1.2,1.12,580.6,0.0
2025-11-29,115,BW-101,Bramblewick Granola Clusters Honey 12oz,Granola,Fernhollow Market,655.4,5.99,5.99,3926.11,5.99,0,0.0,0,0,0,0,0,0,100,0.854,0,585.8,1.32,-1.3,-2.0,1.32,1.2,1.12,655.4,0.0
2025-12-06,116,BW-101,Bramblewick Granola Clusters Honey 12oz,Granola,Fernhollow Market,495.7,5.99,5.99,2969.42,5.99,0,0.0,0,0,0,0,0,0,99,0.845,0,465.0,1.32,-1.3,-2.0,1.32,1.2,1.12,495.7,0.0
2025-12-13,117,BW-101,Bramblewick Granola Clusters Honey 12oz,Granola,Fernhollow Market,471.4,5.99,5.99,2823.76,5.99,0,0.0,0,0,0,1,0,0,104,0.888,0,568.1,1.32,-1.3,-2.0,1.32,1.2,1.12,471.4,0.0
2025-12-20,118,BW-101,Bramblewick Granola Clusters Honey 12oz,Granola,Fernhollow Market,745.8,6.29,6.29,4690.88,6.29,0,0.0,0,0,0,0,0,0,104,0.888,0,640.3,1.32,-1.3,-2.0,1.32,1.2,1.12,745.8,0.0
2025-12-27,119,BW-101,Bramblewick Granola Clusters Honey 12oz,Granola,Fernhollow Market,561.1,6.29,6.29,3529.28,6.29,0,0.0,0,0,0,0,0,0,103,0.879,0,565.1,1.32,-1.3,-2.0,1.32,1.2,1.12,561.1,0.0
2026-01-03,120,BW-101,Bramblewick Granola Clusters Honey 12oz,Granola,Fernhollow Market,522.8,6.29,6.29,3288.45,6.29,0,0.0,0,0,0,1,1,0,102,0.871,0,649.8,1.32,-1.3,-2.0,1.32,1.2,1.12,522.8,0.0
2026-01-10,121,BW-101,Bramblewick Granola Clusters Honey 12oz,Granola,Fernhollow Market,1907.3,6.29,5.03,9975.3,5.23,1,0.2,1,1,1,1,0,0,103,0.879,0,663.7,1.32,-1.3,-2.0,1.32,1.2,1.12,542.0,1365.4
2026-01-17,122,BW-101,Bramblewick Granola Clusters Honey 12oz,Granola,Fernhollow Market,445.3,6.29,6.29,2801.07,6.29,0,0.0,0,0,0,0,0,1,104,0.888,0,500.3,1.32,-1.3,-2.0,1.32,1.2,1.12,445.3,0.0
2026-01-24,123,BW-101,Bramblewick Granola Clusters Honey 12oz,Granola,Fernhollow Market,468.7,6.29,6.29,2947.86,6.29,0,0.0,0,0,0,0,0,0,104,0.888,0,502.0,1.32,-1.3,-2.0,1.32,1.2,1.12,468.7,0.0
2026-01-31,124,BW-101,Bramblewick Granola Clusters Honey 12oz,Granola,Fernhollow Market,507.1,6.29,6.29,3189.4,6.29,0,0.0,0,0,0,0,0,0,103,0.879,0,496.6,1.32,-1.3,-2.0,1.32,1.2,1.12,507.1,0.0
2026-02-07,125,BW-101,Bramblewick Granola Clusters Honey 12oz,Granola,Fernhollow Market,663.2,6.29,6.29,4171.39,6.29,0,0.0,0,0,0,0,0,0,102,0.871,0,488.9,1.32,-1.3,-2.0,1.32,1.2,1.12,663.2,0.0
2026-02-14,126,BW-101,Bramblewick Granola Clusters Honey 12oz,Granola,Fernhollow Market,515.1,6.29,6.29,3239.86,6.29,0,0.0,0,0,0,0,0,0,104,0.888,0,493.1,1.32,-1.3,-2.0,1.32,1.2,1.12,515.1,0.0
2026-02-21,127,BW-101,Bramblewick Granola Clusters Honey 12oz,Granola,Fernhollow Market,484.1,6.29,6.29,3044.92,6.29,0,0.0,0,0,0,0,0,0,102,0.871,0,476.1,1.32,-1.3,-2.0,1.32,1.2,1.12,484.1,0.0
2026-02-28,128,BW-101,Bramblewick Granola Clusters Honey 12oz,Granola,Fernhollow Market,451.3,6.29,6.29,2838.61,6.29,0,0.0,0,0,0,0,0,0,103,0.879,0,471.3,1.32,-1.3,-2.0,1.32,1.2,1.12,451.3,0.0
2026-03-07,129,BW-101,Bramblewick Granola Clusters Honey 12oz,Granola,Fernhollow Market,477.8,6.29,6.29,3005.36,6.29,0,0.0,0,0,0,0,0,0,102,0.871,0,455.7,1.32,-1.3,-2.0,1.32,1.2,1.12,477.8,0.0
2026-03-14,130,BW-101,Bramblewick Granola Clusters Honey 12oz,Granola,Fernhollow Market,406.5,6.29,6.29,2556.64,6.29,0,0.0,0,0,0,0,0,0,106,0.905,0,461.0,1.32,-1.3,-2.0,1.32,1.2,1.12,406.5,0.0
2026-03-21,131,BW-101,Bramblewick Granola Clusters Honey 12oz,Granola,Fernhollow Market,472.2,6.29,6.29,2970.28,6.29,0,0.0,0,0,0,0,0,0,105,0.896,0,443.5,1.32,-1.3,-2.0,1.32,1.2,1.12,472.2,0.0
2026-03-28,132,BW-101,Bramblewick Granola Clusters Honey 12oz,Granola,Fernhollow Market,451.2,6.29,6.29,2837.88,6.29,0,0.0,0,0,0,0,0,0,106,0.905,0,434.3,1.32,-1.3,-2.0,1.32,1.2,1.12,451.2,0.0
2026-04-04,133,BW-101,Bramblewick Granola Clusters Honey 12oz,Granola,Fernhollow Market,432.6,6.29,6.29,2720.83,6.29,0,0.0,0,0,0,0,0,0,107,0.914,0,425.0,1.32,-1.3,-2.0,1.32,1.2,1.12,432.6,0.0
2026-04-11,134,BW-101,Bramblewick Granola Clusters Honey 12oz,Granola,Fernhollow Market,416.9,6.29,6.29,2622.45,6.29,0,0.0,0,0,0,0,1,0,106,0.905,0,408.3,1.32,-1.3,-2.0,1.32,1.2,1.12,416.9,0.0
2026-04-18,135,BW-101,Bramblewick Granola Clusters Honey 12oz,Granola,Fernhollow Market,920.7,6.29,4.72,4437.72,4.82,1,0.25,0,1,1,0,0,0,105,0.896,0,392.9,1.32,-1.3,-2.0,1.32,1.2,1.12,451.2,469.4
2026-04-25,136,BW-101,Bramblewick Granola Clusters Honey 12oz,Granola,Fernhollow Market,390.3,6.29,6.29,2454.78,6.29,0,0.0,0,0,0,0,0,1,106,0.905,0,386.2,1.32,-1.3,-2.0,1.32,1.2,1.12,390.3,0.0
2026-05-02,137,BW-101,Bramblewick Granola Clusters Honey 12oz,Granola,Fernhollow Market,404.0,6.29,6.29,2541.39,6.29,0,0.0,0,0,0,0,0,0,106,0.905,0,377.3,1.32,-1.3,-2.0,1.32,1.2,1.12,404.0,0.0
2026-05-09,138,BW-101,Bramblewick Granola Clusters Honey 12oz,Granola,Fernhollow Market,397.0,6.29,6.29,2497.4,6.29,0,0.0,0,0,0,0,0,0,106,0.905,0,369.8,1.32,-1.3,-2.0,1.32,1.2,1.12,397.0,0.0
2026-05-16,139,BW-101,Bramblewick Granola Clusters Honey 12oz,Granola,Fernhollow Market,323.0,6.29,6.29,2031.77,6.29,0,0.0,0,0,0,1,0,0,106,0.905,0,364.0,1.32,-1.3,-2.0,1.32,1.2,1.12,323.0,0.0
2026-05-23,140,BW-101,Bramblewick Granola Clusters Honey 12oz,Granola,Fernhollow Market,363.4,6.29,6.29,2285.69,6.29,0,0.0,0,0,0,1,0,0,106,0.905,0,370.8,1.32,-1.3,-2.0,1.32,1.2,1.12,363.4,0.0
2026-05-30,141,BW-101,Bramblewick Granola Clusters Honey 12oz,Granola,Fernhollow Market,372.6,6.29,6.29,2343.4,6.29,0,0.0,0,0,0,0,0,0,107,0.914,0,377.3,1.32,-1.3,-2.0,1.32,1.2,1.12,372.6,0.0
2026-06-06,142,BW-101,Bramblewick Granola Clusters Honey 12oz,Granola,Fernhollow Market,419.3,6.29,6.29,2637.27,6.29,0,0.0,0,0,0,0,0,0,107,0.914,0,359.7,1.32,-1.3,-2.0,1.32,1.2,1.12,419.3,0.0
2026-06-13,143,BW-101,Bramblewick Granola Clusters Honey 12oz,Granola,Fernhollow Market,365.1,6.29,6.29,2296.27,6.29,0,0.0,0,0,0,0,0,0,109,0.931,0,366.8,1.32,-1.3,-2.0,1.32,1.2,1.12,365.1,0.0
2026-06-20,144,BW-101,Bramblewick Granola Clusters Honey 12oz,Granola,Fernhollow Market,377.5,6.29,6.29,2374.56,6.29,0,0.0,0,0,0,1,0,0,109,0.931,0,368.5,1.32,-1.3,-2.0,1.32,1.2,1.12,377.5,0.0
2026-06-27,145,BW-101,Bramblewick Granola Clusters Honey 12oz,Granola,Fernhollow Market,362.1,6.29,6.29,2277.43,6.29,0,0.0,0,0,0,1,0,0,111,0.948,0,396.6,1.32,-1.3,-2.0,1.32,1.2,1.12,362.1,0.0
2026-07-04,146,BW-101,Bramblewick Granola Clusters Honey 12oz,Granola,Fernhollow Market,363.7,6.29,6.29,2287.88,6.29,0,0.0,0,0,0,1,0,0,111,0.948,0,411.5,1.32,-1.3,-2.0,1.32,1.2,1.12,363.7,0.0
2026-07-11,147,BW-101,Bramblewick Granola Clusters Honey 12oz,Granola,Fernhollow Market,344.3,6.29,6.29,2165.74,6.29,0,0.0,0,0,0,0,0,0,110,0.939,0,382.6,1.32,-1.3,-2.0,1.32,1.2,1.12,344.3,0.0
2026-07-18,148,BW-101,Bramblewick Granola Clusters Honey 12oz,Granola,Fernhollow Market,419.4,6.29,6.29,2637.92,6.29,0,0.0,0,0,0,0,0,0,110,0.939,0,387.4,1.32,-1.3,-2.0,1.32,1.2,1.12,419.4,0.0
2026-07-25,149,BW-101,Bramblewick Granola Clusters Honey 12oz,Granola,Fernhollow Market,408.2,6.29,6.29,2567.35,6.29,0,0.0,0,0,0,0,0,0,109,0.931,0,388.8,1.32,-1.3,-2.0,1.32,1.2,1.12,408.2,0.0
2026-08-01,150,BW-101,Bramblewick Granola Clusters Honey 12oz,Granola,Fernhollow Market,357.6,6.29,6.29,2249.36,6.29,0,0.0,0,0,0,1,0,0,111,0.948,0,400.9,1.32,-1.3,-2.0,1.32,1.2,1.12,357.6,0.0
2026-08-08,151,BW-101,Bramblewick Granola Clusters Honey 12oz,Granola,Fernhollow Market,361.9,6.29,6.29,2276.34,6.29,0,0.0,0,0,0,1,1,0,111,0.948,0,405.7,1.32,-1.3,-2.0,1.32,1.2,1.12,361.9,0.0
2026-08-15,152,BW-101,Bramblewick Granola Clusters Honey 12oz,Granola,Fernhollow Market,793.0,6.29,5.03,4171.12,5.26,1,0.2,0,1,0,1,0,0,111,0.948,0,410.3,1.32,-1.3,-2.0,1.32,1.2,1.12,362.9,430.1
2026-08-22,153,BW-101,Bramblewick Granola Clusters Honey 12oz,Granola,Fernhollow Market,795.6,6.29,5.03,4057.56,5.1,1,0.2,0,1,0,0,0,0,111,0.948,0,478.6,1.32,-1.3,-2.0,1.32,1.2,1.12,362.9,432.7
2026-08-29,154,BW-101,Bramblewick Granola Clusters Honey 12oz,Granola,Fernhollow Market,389.4,6.29,6.29,2449.5,6.29,0,0.0,0,0,0,0,0,1,109,0.931,0,474.2,1.32,-1.3,-2.0,1.32,1.2,1.12,389.4,0.0
2026-09-05,155,BW-101,Bramblewick Granola Clusters Honey 12oz,Granola,Fernhollow Market,456.4,6.29,6.29,2870.83,6.29,0,0.0,0,0,0,0,0,0,111,0.948,0,421.5,1.32,-1.3,-2.0,1.32,1.2,1.12,456.4,0.0
2023-09-16,0,BW-101,Bramblewick Granola Clusters Honey 12oz,Granola,Granite Peak Grocers,343.1,4.99,4.99,1711.94,4.99,0,0.0,0,0,0,0,0,0,65,0.625,0,374.1,1.32,-1.3,-2.0,1.32,1.2,1.12,343.1,0.0
2023-09-23,1,BW-101,Bramblewick Granola Clusters Honey 12oz,Granola,Granite Peak Grocers,311.2,4.99,4.99,1552.83,4.99,0,0.0,0,0,0,0,0,0,65,0.625,0,326.2,1.32,-1.3,-2.0,1.32,1.2,1.12,311.2,0.0
2023-09-30,2,BW-101,Bramblewick Granola Clusters Honey 12oz,Granola,Granite Peak Grocers,343.4,4.99,4.99,1713.56,4.99,0,0.0,0,0,0,0,0,0,63,0.605,0,318.4,1.32,-1.3,-2.0,1.32,1.2,1.12,343.4,0.0
2023-10-07,3,BW-101,Bramblewick Granola Clusters Honey 12oz,Granola,Granite Peak Grocers,301.8,4.99,4.99,1505.96,4.99,0,0.0,0,0,0,0,0,0,63,0.605,0,320.8,1.32,-1.3,-2.0,1.32,1.2,1.12,301.8,0.0
2023-10-14,4,BW-101,Bramblewick Granola Clusters Honey 12oz,Granola,Granite Peak Grocers,305.0,4.99,4.99,1521.94,4.99,0,0.0,0,0,0,0,0,0,65,0.625,0,333.8,1.32,-1.3,-2.0,1.32,1.2,1.12,305.0,0.0
2023-10-21,5,BW-101,Bramblewick Granola Clusters Honey 12oz,Granola,Granite Peak Grocers,326.2,4.99,4.99,1627.72,4.99,0,0.0,0,0,0,1,0,0,64,0.615,0,331.8,1.32,-1.3,-2.0,1.32,1.2,1.12,326.2,0.0
2023-10-28,6,BW-101,Bramblewick Granola Clusters Honey 12oz,Granola,Granite Peak Grocers,393.7,4.99,4.99,1964.7,4.99,0,0.0,0,0,0,0,0,0,64,0.615,0,335.4,1.32,-1.3,-2.0,1.32,1.2,1.12,393.7,0.0
2023-11-04,7,BW-101,Bramblewick Granola Clusters Honey 12oz,Granola,Granite Peak Grocers,310.5,4.99,4.99,1549.26,4.99,0,0.0,0,0,0,0,0,0,65,0.625,0,345.0,1.32,-1.3,-2.0,1.32,1.2,1.12,310.5,0.0
2023-11-11,8,BW-101,Bramblewick Granola Clusters Honey 12oz,Granola,Granite Peak Grocers,292.9,4.99,4.99,1461.73,4.99,0,0.0,0,0,0,1,0,0,63,0.605,0,339.3,1.32,-1.3,-2.0,1.32,1.2,1.12,292.9,0.0
2023-11-18,9,BW-101,Bramblewick Granola Clusters Honey 12oz,Granola,Granite Peak Grocers,407.1,4.99,4.99,2031.64,4.99,0,0.0,0,0,0,1,0,0,63,0.605,0,407.9,1.32,-1.3,-2.0,1.32,1.2,1.12,407.1,0.0
2023-11-25,10,BW-101,Bramblewick Granola Clusters Honey 12oz,Granola,Granite Peak Grocers,431.8,4.99,4.99,2154.5,4.99,0,0.0,0,0,0,0,0,0,64,0.615,0,453.2,1.32,-1.3,-2.0,1.32,1.2,1.12,431.8,0.0
2023-12-02,11,BW-101,Bramblewick Granola Clusters Honey 12oz,Granola,Granite Peak Grocers,395.0,4.99,4.99,1970.86,4.99,0,0.0,0,0,0,0,0,0,63,0.605,0,357.5,1.32,-1.3,-2.0,1.32,1.2,1.12,395.0,0.0
2023-12-09,12,BW-101,Bramblewick Granola Clusters Honey 12oz,Granola,Granite Peak Grocers,297.4,4.99,4.99,1483.96,4.99,0,0.0,0,0,0,0,1,0,63,0.605,0,364.5,1.32,-1.3,-2.0,1.32,1.2,1.12,297.4,0.0
2023-12-16,13,BW-101,Bramblewick Granola Clusters Honey 12oz,Granola,Granite Peak Grocers,1208.2,4.99,3.74,4615.26,3.82,1,0.25,1,1,0,1,0,0,66,0.634,0,444.1,1.32,-1.3,-2.0,1.32,1.2,1.12,360.0,848.2
2023-12-23,14,BW-101,Bramblewick Granola Clusters Honey 12oz,Granola,Granite Peak Grocers,1669.9,4.99,3.74,6595.97,3.95,1,0.25,1,1,0,0,0,0,67,0.644,0,541.6,1.32,-1.3,-2.0,1.32,1.2,1.12,360.0,1310.0
2023-12-30,15,BW-101,Bramblewick Granola Clusters Honey 12oz,Granola,Granite Peak Grocers,1661.0,4.99,3.74,6428.07,3.87,1,0.25,1,1,0,1,0,0,66,0.634,0,475.4,1.32,-1.3,-2.0,1.32,1.2,1.12,360.0,1301.0
2024-01-06,16,BW-101,Bramblewick Granola Clusters Honey 12oz,Granola,Granite Peak Grocers,493.4,4.99,4.99,2461.94,4.99,0,0.0,0,0,0,1,0,1,65,0.625,0,543.8,1.32,-1.3,-2.0,1.32,1.2,1.12,493.4,0.0
2024-01-13,17,BW-101,Bramblewick Granola Clusters Honey 12oz,Granola,Granite Peak Grocers,402.2,4.99,4.99,2006.75,4.99,0,0.0,0,0,0,1,0,0,65,0.625,0,550.1,1.32,-1.3,-2.0,1.32,1.2,1.12,402.2,0.0
2024-01-20,18,BW-101,Bramblewick Granola Clusters Honey 12oz,Granola,Granite Peak Grocers,330.7,4.99,4.99,1650.03,4.99,0,0.0,0,0,0,0,1,0,65,0.625,0,410.7,1.32,-1.3,-2.0,1.32,1.2,1.12,330.7,0.0
2024-01-27,19,BW-101,Bramblewick Granola Clusters Honey 12oz,Granola,Granite Peak Grocers,454.4,4.99,4.49,2058.64,4.53,1,0.1,0,0,0,0,0,0,66,0.634,0,418.5,1.32,-1.3,-2.0,1.32,1.2,1.12,398.6,55.8
2024-02-03,20,BW-101,Bramblewick Granola Clusters Honey 12oz,Granola,Granite Peak Grocers,569.7,4.99,4.49,2586.46,4.54,1,0.1,0,0,0,0,0,0,65,0.625,0,411.8,1.32,-1.3,-2.0,1.32,1.2,1.12,398.6,171.1
2024-02-10,21,BW-101,Bramblewick Granola Clusters Honey 12oz,Granola,Granite Peak Grocers,145.3,4.99,4.99,725.01,4.99,0,0.0,0,0,0,0,0,1,65,0.625,1,409.4,1.32,-1.3,-2.0,1.32,1.2,1.12,145.3,0.0
2024-02-17,22,BW-101,Bramblewick Granola Clusters Honey 12oz,Granola,Granite Peak Grocers,462.7,4.99,4.99,2308.9,4.99,0,0.0,0,0,0,0,0,0,66,0.634,0,411.2,1.32,-1.3,-2.0,1.32,1.2,1.12,462.7,0.0
2024-02-24,23,BW-101,Bramblewick Granola Clusters Honey 12oz,Granola,Granite Peak Grocers,435.8,4.99,4.99,2174.83,4.99,0,0.0,0,0,0,0,0,0,66,0.634,0,404.9,1.32,-1.3,-2.0,1.32,1.2,1.12,435.8,0.0
2024-03-02,24,BW-101,Bramblewick Granola Clusters Honey 12oz,Granola,Granite Peak Grocers,326.3,4.99,4.99,1628.23,4.99,0,0.0,0,0,0,1,0,0,66,0.634,0,397.0,1.32,-1.3,-2.0,1.32,1.2,1.12,326.3,0.0
2024-03-09,25,BW-101,Bramblewick Granola Clusters Honey 12oz,Granola,Granite Peak Grocers,364.5,4.99,4.99,1818.91,4.99,0,0.0,0,0,0,0,0,0,65,0.625,0,381.8,1.32,-1.3,-2.0,1.32,1.2,1.12,364.5,0.0
2024-03-16,26,BW-101,Bramblewick Granola Clusters Honey 12oz,Granola,Granite Peak Grocers,355.6,4.99,4.99,1774.58,4.99,0,0.0,0,0,0,0,0,0,69,0.663,0,394.6,1.32,-1.3,-2.0,1.32,1.2,1.12,355.6,0.0
2024-03-23,27,BW-101,Bramblewick Granola Clusters Honey 12oz,Granola,Granite Peak Grocers,374.1,4.99,4.99,1866.84,4.99,0,0.0,0,0,0,1,0,0,70,0.673,0,388.8,1.32,-1.3,-2.0,1.32,1.2,1.12,374.1,0.0
2024-03-30,28,BW-101,Bramblewick Granola Clusters Honey 12oz,Granola,Granite Peak Grocers,297.9,5.29,5.29,1575.92,5.29,0,0.0,0,0,0,0,0,0,69,0.663,0,344.6,1.32,-1.3,-2.0,1.32,1.2,1.12,297.9,0.0
2024-04-06,29,BW-101,Bramblewick Granola Clusters Honey 12oz,Granola,Granite Peak Grocers,330.2,5.29,5.29,1746.87,5.29,0,0.0,0,0,0,0,0,0,68,0.653,0,329.3,1.32,-1.3,-2.0,1.32,1.2,1.12,330.2,0.0
2024-04-13,30,BW-101,Bramblewick Granola Clusters Honey 12oz,Granola,Granite Peak Grocers,287.8,5.29,5.29,1522.23,5.29,0,0.0,0,0,0,1,0,0,68,0.653,0,319.4,1.32,-1.3,-2.0,1.32,1.2,1.12,287.8,0.0
2024-04-20,31,BW-101,Bramblewick Granola Clusters Honey 12oz,Granola,Granite Peak Grocers,316.8,5.29,5.29,1676.03,5.29,0,0.0,0,0,0,1,0,0,69,0.663,0,314.9,1.32,-1.3,-2.0,1.32,1.2,1.12,316.8,0.0
2024-04-27,32,BW-101,Bramblewick Granola Clusters Honey 12oz,Granola,Granite Peak Grocers,276.2,5.29,5.29,1461.23,5.29,0,0.0,0,0,0,0,0,0,68,0.653,0,302.2,1.32,-1.3,-2.0,1.32,1.2,1.12,276.2,0.0
2024-05-04,33,BW-101,Bramblewick Granola Clusters Honey 12oz,Granola,Granite Peak Grocers,307.5,5.29,5.29,1626.42,5.29,0,0.0,0,0,0,0,0,0,68,0.653,0,295.2,1.32,-1.3,-2.0,1.32,1.2,1.12,307.5,0.0
2024-05-11,34,BW-101,Bramblewick Granola Clusters Honey 12oz,Granola,Granite Peak Grocers,261.4,5.29,5.29,1382.79,5.29,0,0.0,0,0,0,0,0,0,69,0.663,0,293.7,1.32,-1.3,-2.0,1.32,1.2,1.12,261.4,0.0
2024-05-18,35,BW-101,Bramblewick Granola Clusters Honey 12oz,Granola,Granite Peak Grocers,328.1,5.29,5.29,1735.46,5.29,0,0.0,0,0,0,0,0,0,68,0.653,0,293.6,1.32,-1.3,-2.0,1.32,1.2,1.12,328.1,0.0
2024-05-25,36,BW-101,Bramblewick Granola Clusters Honey 12oz,Granola,Granite Peak Grocers,255.2,5.29,5.29,1350.15,5.29,0,0.0,0,0,0,1,0,0,70,0.673,0,303.4,1.32,-1.3,-2.0,1.32,1.2,1.12,255.2,0.0
2024-06-01,37,BW-101,Bramblewick Granola Clusters Honey 12oz,Granola,Granite Peak Grocers,258.4,5.29,5.29,1366.89,5.29,0,0.0,0,0,0,0,1,0,68,0.653,0,279.8,1.32,-1.3,-2.0,1.32,1.2,1.12,258.4,0.0
2024-06-08,38,BW-101,Bramblewick Granola Clusters Honey 12oz,Granola,Granite Peak Grocers,344.6,5.29,4.5,1578.42,4.58,1,0.15,0,0,0,0,0,0,70,0.673,0,287.2,1.32,-1.3,-2.0,1.32,1.2,1.12,282.0,62.6
2024-06-15,39,BW-101,Bramblewick Granola Clusters Honey 12oz,Granola,Granite Peak Grocers,367.6,5.29,4.5,1665.23,4.53,1,0.15,0,0,0,0,0,0,71,0.682,0,291.6,1.32,-1.3,-2.0,1.32,1.2,1.12,282.0,85.6
2024-06-22,40,BW-101,Bramblewick Granola Clusters Honey 12oz,Granola,Granite Peak Grocers,228.3,5.29,5.29,1207.81,5.29,0,0.0,0,0,0,1,0,1,73,0.702,0,301.3,1.32,-1.3,-2.0,1.32,1.2,1.12,228.3,0.0
2024-06-29,41,BW-101,Bramblewick Granola Clusters Honey 12oz,Granola,Granite Peak Grocers,246.8,5.29,5.29,1305.42,5.29,0,0.0,0,0,0,1,1,0,72,0.692,0,314.1,1.32,-1.3,-2.0,1.32,1.2,1.12,246.8,0.0
2024-07-06,42,BW-101,Bramblewick Granola Clusters Honey 12oz,Granola,Granite Peak Grocers,707.9,5.29,4.23,3135.85,4.43,1,0.2,0,1,0,1,0,0,71,0.682,0,321.4,1.32,-1.3,-2.0,1.32,1.2,1.12,259.9,448.0
2024-07-13,43,BW-101,Bramblewick Granola Clusters Honey 12oz,Granola,Granite Peak Grocers,495.9,5.29,4.23,2162.34,4.36,1,0.2,0,1,0,0,0,0,72,0.692,0,305.9,1.32,-1.3,-2.0,1.32,1.2,1.12,259.9,236.0
2024-07-20,44,BW-101,Bramblewick Granola Clusters Honey 12oz,Granola,Granite Peak Grocers,290.7,5.29,5.29,1537.62,5.29,0,0.0,0,0,0,0,0,1,71,0.682,0,305.4,1.32,-1.3,-2.0,1.32,1.2,1.12,290.7,0.0
2024-07-27,45,BW-101,Bramblewick Granola Clusters Honey 12oz,Granola,Granite Peak Grocers,338.4,5.29,5.29,1790.06,5.29,0,0.0,0,0,0,0,0,0,71,0.682,0,309.4,1.32,-1.3,-2.0,1.32,1.2,1.12,338.4,0.0
2024-08-03,46,BW-101,Bramblewick Granola Clusters Honey 12oz,Granola,Granite Peak Grocers,278.7,5.29,5.29,1474.11,5.29,0,0.0,0,0,0,0,0,0,72,0.692,0,317.7,1.32,-1.3,-2.0,1.32,1.2,1.12,278.7,0.0
2024-08-10,47,BW-101,Bramblewick Granola Clusters Honey 12oz,Granola,Granite Peak Grocers,221.5,5.29,5.29,1171.72,5.29,0,0.0,0,0,0,1,0,0,72,0.692,0,321.6,1.32,-1.3,-2.0,1.32,1.2,1.12,221.5,0.0
2024-08-17,48,BW-101,Bramblewick Granola Clusters Honey 12oz,Granola,Granite Peak Grocers,288.4,5.29,5.29,1525.77,5.29,0,0.0,0,0,0,1,1,0,72,0.692,0,325.2,1.32,-1.3,-2.0,1.32,1.2,1.12,288.4,0.0
2024-08-24,49,BW-101,Bramblewick Granola Clusters Honey 12oz,Granola,Granite Peak Grocers,373.5,5.29,4.76,1815.41,4.86,1,0.1,0,0,0,1,0,0,73,0.702,0,384.7,1.32,-1.3,-2.0,1.32,1.2,1.12,268.5,105.0
2024-08-31,50,BW-101,Bramblewick Granola Clusters Honey 12oz,Granola,Granite Peak Grocers,282.1,5.29,5.29,1492.29,5.29,0,0.0,0,0,0,1,0,1,71,0.682,0,377.6,1.32,-1.3,-2.0,1.32,1.2,1.12,282.1,0.0
2024-09-07,51,BW-101,Bramblewick Granola Clusters Honey 12oz,Granola,Granite Peak Grocers,289.7,5.29,5.29,1532.73,5.29,0,0.0,0,0,0,1,0,0,72,0.692,0,334.2,1.32,-1.3,-2.0,1.32,1.2,1.12,289.7,0.0
2024-09-14,52,BW-101,Bramblewick Granola Clusters Honey 12oz,Granola,Granite Peak Grocers,355.4,5.29,5.29,1880.23,5.29,0,0.0,0,0,0,0,0,0,74,0.711,0,346.1,1.32,-1.3,-2.0,1.32,1.2,1.12,355.4,0.0
2024-09-21,53,BW-101,Bramblewick Granola Clusters Honey 12oz,Granola,Granite Peak Grocers,341.4,5.29,5.29,1806.1,5.29,0,0.0,0,0,0,0,0,0,75,0.721,0,353.2,1.32,-1.3,-2.0,1.32,1.2,1.12,341.4,0.0
2024-09-28,54,BW-101,Bramblewick Granola Clusters Honey 12oz,Granola,Granite Peak Grocers,280.3,5.29,5.29,1482.91,5.29,0,0.0,0,0,0,1,1,0,76,0.73,0,360.5,1.32,-1.3,-2.0,1.32,1.2,1.12,280.3,0.0
2024-10-05,55,BW-101,Bramblewick Granola Clusters Honey 12oz,Granola,Granite Peak Grocers,514.0,5.29,4.76,2503.41,4.87,1,0.1,0,0,0,0,0,0,76,0.73,0,363.2,1.32,-1.3,-2.0,1.32,1.2,1.12,285.2,228.8
2024-10-12,56,BW-101,Bramblewick Granola Clusters Honey 12oz,Granola,Granite Peak Grocers,464.6,5.29,4.76,2239.17,4.82,1,0.1,0,0,0,0,0,0,76,0.73,0,366.2,1.32,-1.3,-2.0,1.32,1.2,1.12,285.2,179.4
2024-10-19,57,BW-101,Bramblewick Granola Clusters Honey 12oz,Granola,Granite Peak Grocers,424.7,5.29,5.29,2246.43,5.29,0,0.0,0,0,0,0,0,1,76,0.73,0,369.7,1.32,-1.3,-2.0,1.32,1.2,1.12,424.7,0.0
2024-10-26,58,BW-101,Bramblewick Granola Clusters Honey 12oz,Granola,Granite Peak Grocers,292.3,5.29,5.29,1546.05,5.29,0,0.0,0,0,0,1,0,0,75,0.721,0,368.9,1.32,-1.3,-2.0,1.32,1.2,1.12,292.3,0.0
2024-11-02,59,BW-101,Bramblewick Granola Clusters Honey 12oz,Granola,Granite Peak Grocers,328.5,5.29,5.29,1737.56,5.29,0,0.0,0,0,0,1,0,0,76,0.73,0,378.6,1.32,-1.3,-2.0,1.32,1.2,1.12,328.5,0.0
2024-11-09,60,BW-101,Bramblewick Granola Clusters Honey 12oz,Granola,Granite Peak Grocers,380.7,5.29,5.29,2014.0,5.29,0,0.0,0,0,0,0,0,0,76,0.73,0,384.1,1.32,-1.3,-2.0,1.32,1.2,1.12,380.7,0.0
2024-11-16,61,BW-101,Bramblewick Granola Clusters Honey 12oz,Granola,Granite Peak Grocers,402.1,5.29,5.29,2127.28,5.29,0,0.0,0,0,0,0,0,0,74,0.711,0,380.1,1.32,-1.3,-2.0,1.32,1.2,1.12,402.1,0.0
2024-11-23,62,BW-101,Bramblewick Granola Clusters Honey 12oz,Granola,Granite Peak Grocers,422.7,5.29,5.29,2236.19,5.29,0,0.0,0,0,0,1,0,0,76,0.73,0,469.9,1.32,-1.3,-2.0,1.32,1.2,1.12,422.7,0.0
2024-11-30,63,BW-101,Bramblewick Granola Clusters Honey 12oz,Granola,Granite Peak Grocers,507.2,5.29,5.29,2683.12,5.29,0,0.0,0,0,0,0,0,0,75,0.721,0,507.7,1.32,-1.3,-2.0,1.32,1.2,1.12,507.2,0.0
2024-12-07,64,BW-101,Bramblewick Granola Clusters Honey 12oz,Granola,Granite Peak Grocers,491.2,5.29,5.29,2598.48,5.29,0,0.0,0,0,0,0,1,0,76,0.73,0,412.6,1.32,-1.3,-2.0,1.32,1.2,1.12,491.2,0.0
2024-12-14,65,BW-101,Bramblewick Granola Clusters Honey 12oz,Granola,Granite Peak Grocers,1760.1,5.29,3.7,7040.23,4.0,1,0.3,1,1,1,1,0,0,79,0.759,0,498.8,1.32,-1.3,-2.0,1.32,1.2,1.12,412.4,1347.7
2024-12-21,66,BW-101,Bramblewick Granola Clusters Honey 12oz,Granola,Granite Peak Grocers,2273.8,5.29,3.7,8686.02,3.82,1,0.3,1,1,1,1,0,0,78,0.75,0,591.6,1.32,-1.3,-2.0,1.32,1.2,1.12,412.4,1861.4
2024-12-28,67,BW-101,Bramblewick Granola Clusters Honey 12oz,Granola,Granite Peak Grocers,444.7,5.29,5.29,2352.69,5.29,0,0.0,0,0,0,1,0,1,79,0.759,0,534.0,1.32,-1.3,-2.0,1.32,1.2,1.12,444.7,0.0
2025-01-04,68,BW-101,Bramblewick Granola Clusters Honey 12oz,Granola,Granite Peak Grocers,577.3,5.29,5.29,3053.7,5.29,0,0.0,0,0,0,0,0,0,79,0.759,0,620.2,1.32,-1.3,-2.0,1.32,1.2,1.12,577.3,0.0
2025-01-11,69,BW-101,Bramblewick Granola Clusters Honey 12oz,Granola,Granite Peak Grocers,670.7,5.29,5.29,3547.95,5.29,0,0.0,0,0,0,0,0,0,78,0.75,0,619.4,1.32,-1.3,-2.0,1.32,1.2,1.12,670.7,0.0
2025-01-18,70,BW-101,Bramblewick Granola Clusters Honey 12oz,Granola,Granite Peak Grocers,325.1,5.29,5.29,1719.67,5.29,0,0.0,0,0,0,1,0,0,77,0.74,0,456.5,1.32,-1.3,-2.0,1.32,1.2,1.12,325.1,0.0
2025-01-25,71,BW-101,Bramblewick Granola Clusters Honey 12oz,Granola,Granite Peak Grocers,518.8,5.29,5.29,2744.52,5.29,0,0.0,0,0,0,0,0,0,77,0.74,0,458.2,1.32,-1.3,-2.0,1.32,1.2,1.12,518.8,0.0
2025-02-01,72,BW-101,Bramblewick Granola Clusters Honey 12oz,Granola,Granite Peak Grocers,368.1,5.29,5.29,1947.34,5.29,0,0.0,0,0,0,0,1,0,77,0.74,0,457.7,1.32,-1.3,-2.0,1.32,1.2,1.12,368.1,0.0
2025-02-08,73,BW-101,Bramblewick Granola Clusters Honey 12oz,Granola,Granite Peak Grocers,813.1,5.29,4.23,3488.29,4.29,1,0.2,0,1,0,0,0,0,77,0.74,0,455.0,1.32,-1.3,-2.0,1.32,1.2,1.12,499.2,313.9
2025-02-15,74,BW-101,Bramblewick Granola Clusters Honey 12oz,Granola,Granite Peak Grocers,864.4,5.29,4.23,3768.94,4.36,1,0.2,0,1,0,1,0,0,78,0.75,0,456.0,1.32,-1.3,-2.0,1.32,1.2,1.12,499.2,365.2
2025-02-22,75,BW-101,Bramblewick Granola Clusters Honey 12oz,Granola,Granite Peak Grocers,399.0,5.29,5.29,2110.56,5.29,0,0.0,0,0,0,0,0,1,79,0.759,0,454.8,1.32,-1.3,-2.0,1.32,1.2,1.12,399.0,0.0
2025-03-01,76,BW-101,Bramblewick Granola Clusters Honey 12oz,Granola,Granite Peak Grocers,408.6,5.29,5.29,2161.54,5.29,0,0.0,0,0,0,0,0,0,77,0.74,0,434.6,1.32,-1.3,-2.0,1.32,1.2,1.12,408.6,0.0
2025-03-08,77,BW-101,Bramblewick Granola Clusters Honey 12oz,Granola,Granite Peak Grocers,496.0,5.29,5.29,2624.09,5.29,0,0.0,0,0,0,0,0,0,79,0.759,0,435.4,1.32,-1.3,-2.0,1.32,1.2,1.12,496.0,0.0
2025-03-15,78,BW-101,Bramblewick Granola Clusters Honey 12oz,Granola,Granite Peak Grocers,565.9,5.29,5.29,2993.37,5.29,0,0.0,0,0,0,0,0,0,81,0.778,0,434.7,1.32,-1.3,-2.0,1.32,1.2,1.12,565.9,0.0
2025-03-22,79,BW-101,Bramblewick Granola Clusters Honey 12oz,Granola,Granite Peak Grocers,461.1,5.29,5.29,2439.08,5.29,0,0.0,0,0,0,0,0,0,79,0.759,0,411.8,1.32,-1.3,-2.0,1.32,1.2,1.12,461.1,0.0
2025-03-29,80,BW-101,Bramblewick Granola Clusters Honey 12oz,Granola,Granite Peak Grocers,415.6,5.29,5.29,2198.54,5.29,0,0.0,0,0,0,0,0,0,81,0.778,0,409.5,1.32,-1.3,-2.0,1.32,1.2,1.12,415.6,0.0
2025-04-05,81,BW-101,Bramblewick Granola Clusters Honey 12oz,Granola,Granite Peak Grocers,364.4,5.29,5.29,1927.72,5.29,0,0.0,0,0,0,0,0,0,80,0.769,0,392.2,1.32,-1.3,-2.0,1.32,1.2,1.12,364.4,0.0
2025-04-12,82,BW-101,Bramblewick Granola Clusters Honey 12oz,Granola,Granite Peak Grocers,352.4,5.29,5.29,1863.94,5.29,0,0.0,0,0,0,0,0,0,81,0.778,0,385.2,1.32,-1.3,-2.0,1.32,1.2,1.12,352.4,0.0
2025-04-19,83,BW-101,Bramblewick Granola Clusters Honey 12oz,Granola,Granite Peak Grocers,399.7,5.29,5.29,2114.63,5.29,0,0.0,0,0,0,0,1,0,79,0.759,0,365.0,1.32,-1.3,-2.0,1.32,1.2,1.12,399.7,0.0
2025-04-26,84,BW-101,Bramblewick Granola Clusters Honey 12oz,Granola,Granite Peak Grocers,508.9,5.29,4.76,2432.77,4.78,1,0.1,0,0,0,0,0,0,81,0.778,0,364.4,1.32,-1.3,-2.0,1.32,1.2,1.12,412.1,96.8
2025-05-03,85,BW-101,Bramblewick Granola Clusters Honey 12oz,Granola,Granite Peak Grocers,377.6,5.29,5.29,1997.51,5.29,0,0.0,0,0,0,0,0,1,80,0.769,0,351.6,1.32,-1.3,-2.0,1.32,1.2,1.12,377.6,0.0
2025-05-10,86,BW-101,Bramblewick Granola Clusters Honey 12oz,Granola,Granite Peak Grocers,366.2,5.49,5.49,2010.33,5.49,0,0.0,0,0,0,0,0,0,80,0.769,0,328.5,1.32,-1.3,-2.0,1.32,1.2,1.12,366.2,0.0
2025-05-17,87,BW-101,Bramblewick Granola Clusters Honey 12oz,Granola,Granite Peak Grocers,354.3,5.49,5.49,1945.09,5.49,0,0.0,0,0,0,0,1,0,79,0.759,0,319.3,1.32,-1.3,-2.0,1.32,1.2,1.12,354.3,0.0
2025-05-24,88,BW-101,Bramblewick Granola Clusters Honey 12oz,Granola,Granite Peak Grocers,367.4,5.49,4.94,1840.83,5.01,1,0.1,0,0,0,1,0,0,79,0.759,0,325.4,1.32,-1.3,-2.0,1.32,1.2,1.12,371.9,0.0
2025-05-31,89,BW-101,Bramblewick Granola Clusters Honey 12oz,Granola,Granite Peak Grocers,248.1,5.49,5.49,1362.22,5.49,0,0.0,0,0,0,1,0,1,80,0.769,0,332.1,1.32,-1.3,-2.0,1.32,1.2,1.12,248.1,0.0
2025-06-07,90,BW-101,Bramblewick Granola Clusters Honey 12oz,Granola,Granite Peak Grocers,278.3,5.49,5.49,1527.9,5.49,0,0.0,0,0,0,0,0,0,79,0.759,0,312.7,1.32,-1.3,-2.0,1.32,1.2,1.12,278.3,0.0
2025-06-14,91,BW-101,Bramblewick Granola Clusters Honey 12oz,Granola,Granite Peak Grocers,322.8,5.49,5.49,1772.24,5.49,0,0.0,0,0,0,0,0,0,82,0.788,0,324.9,1.32,-1.3,-2.0,1.32,1.2,1.12,322.8,0.0
2025-06-21,92,BW-101,Bramblewick Granola Clusters Honey 12oz,Granola,Granite Peak Grocers,318.4,5.49,5.49,1748.02,5.49,0,0.0,0,0,0,0,0,0,82,0.788,0,326.5,1.32,-1.3,-2.0,1.32,1.2,1.12,318.4,0.0
2025-06-28,93,BW-101,Bramblewick Granola Clusters Honey 12oz,Granola,Granite Peak Grocers,352.4,5.49,5.49,1934.79,5.49,0,0.0,0,0,0,0,0,0,83,0.798,0,349.3,1.32,-1.3,-2.0,1.32,1.2,1.12,352.4,0.0
2025-07-05,94,BW-101,Bramblewick Granola Clusters Honey 12oz,Granola,Granite Peak Grocers,315.8,5.49,5.49,1733.61,5.49,0,0.0,0,0,0,0,0,0,83,0.798,0,362.4,1.32,-1.3,-2.0,1.32,1.2,1.12,315.8,0.0
2025-07-12,95,BW-101,Bramblewick Granola Clusters Honey 12oz,Granola,Granite Peak Grocers,304.0,5.49,5.49,1669.07,5.49,0,0.0,0,0,0,1,0,0,83,0.798,0,340.1,1.32,-1.3,-2.0,1.32,1.2,1.12,304.0,0.0
2025-07-19,96,BW-101,Bramblewick Granola Clusters Honey 12oz,Granola,Granite Peak Grocers,330.4,5.49,5.49,1813.73,5.49,0,0.0,0,0,0,1,0,0,83,0.798,0,344.4,1.32,-1.3,-2.0,1.32,1.2,1.12,330.4,0.0
2025-07-26,97,BW-101,Bramblewick Granola Clusters Honey 12oz,Granola,Granite Peak Grocers,340.7,5.49,5.49,1870.21,5.49,0,0.0,0,0,0,0,1,0,84,0.807,0,353.1,1.32,-1.3,-2.0,1.32,1.2,1.12,340.7,0.0
2025-08-02,98,BW-101,Bramblewick Granola Clusters Honey 12oz,Granola,Granite Peak Grocers,299.9,5.49,4.94,1490.5,4.97,1,0.1,0,0,0,0,0,0,84,0.807,0,357.6,1.32,-1.3,-2.0,1.32,1.2,1.12,320.6,0.0
2025-08-09,99,BW-101,Bramblewick Granola Clusters Honey 12oz,Granola,Granite Peak Grocers,294.4,5.49,5.49,1615.99,5.49,0,0.0,0,0,0,1,0,1,84,0.807,0,361.9,1.32,-1.3,-2.0,1.32,1.2,1.12,294.4,0.0
2025-08-16,100,BW-101,Bramblewick Granola Clusters Honey 12oz,Granola,Granite Peak Grocers,308.4,5.49,5.49,1692.94,5.49,0,0.0,0,0,0,1,0,0,84,0.807,0,366.0,1.32,-1.3,-2.0,1.32,1.2,1.12,308.4,0.0
2025-08-23,101,BW-101,Bramblewick Granola Clusters Honey 12oz,Granola,Granite Peak Grocers,446.9,5.49,5.49,2453.59,5.49,0,0.0,0,0,0,0,1,0,83,0.798,0,421.9,1.32,-1.3,-2.0,1.32,1.2,1.12,446.9,0.0
2025-08-30,102,BW-101,Bramblewick Granola Clusters Honey 12oz,Granola,Granite Peak Grocers,768.1,5.49,4.39,3494.88,4.55,1,0.2,0,1,0,0,0,0,82,0.788,0,420.7,1.32,-1.3,-2.0,1.32,1.2,1.12,323.1,445.0
2025-09-06,103,BW-101,Bramblewick Granola Clusters Honey 12oz,Granola,Granite Peak Grocers,768.6,5.49,4.39,3566.21,4.64,1,0.2,0,1,0,0,0,0,84,0.807,0,376.2,1.32,-1.3,-2.0,1.32,1.2,1.12,323.1,445.5
2025-09-13,104,BW-101,Bramblewick Granola Clusters Honey 12oz,Granola,Granite Peak Grocers,348.4,5.49,5.49,1912.55,5.49,0,0.0,0,0,0,0,0,1,87,0.836,0,392.5,1.32,-1.3,-2.0,1.32,1.2,1.12,348.4,0.0
2025-09-20,105,BW-101,Bramblewick Granola Clusters Honey 12oz,Granola,Granite Peak Grocers,399.0,5.49,5.49,2190.6,5.49,0,0.0,0,0,0,0,0,0,85,0.817,0,386.2,1.32,-1.3,-2.0,1.32,1.2,1.12,399.0,0.0
2025-09-27,106,BW-101,Bramblewick Granola Clusters Honey 12oz,Granola,Granite Peak Grocers,436.8,5.49,5.49,2398.06,5.49,0,0.0,0,0,0,0,0,0,86,0.826,0,393.5,1.32,-1.3,-2.0,1.32,1.2,1.12,436.8,0.0
2025-10-04,107,BW-101,Bramblewick Granola Clusters Honey 12oz,Granola,Granite Peak Grocers,387.7,5.49,5.49,2128.38,5.49,0,0.0,0,0,0,0,0,0,87,0.836,0,401.1,1.32,-1.3,-2.0,1.32,1.2,1.12,387.7,0.0
2025-10-11,108,BW-101,Bramblewick Granola Clusters Honey 12oz,Granola,Granite Peak Grocers,407.4,5.49,5.49,2236.58,5.49,0,0.0,0,0,0,0,0,0,85,0.817,0,395.1,1.32,-1.3,-2.0,1.32,1.2,1.12,407.4,0.0
2025-10-18,109,BW-101,Bramblewick Granola Clusters Honey 12oz,Granola,Granite Peak Grocers,414.1,5.49,5.49,2273.56,5.49,0,0.0,0,0,0,0,0,0,87,0.836,0,408.3,1.32,-1.3,-2.0,1.32,1.2,1.12,414.1,0.0
2025-10-25,110,BW-101,Bramblewick Granola Clusters Honey 12oz,Granola,Granite Peak Grocers,440.2,5.49,5.49,2416.55,5.49,0,0.0,0,0,0,0,0,0,87,0.836,0,412.8,1.32,-1.3,-2.0,1.32,1.2,1.12,440.2,0.0
2025-11-01,111,BW-101,Bramblewick Granola Clusters Honey 12oz,Granola,Granite Peak Grocers,406.3,5.49,5.49,2230.42,5.49,0,0.0,0,0,0,0,0,0,86,0.826,0,413.3,1.32,-1.3,-2.0,1.32,1.2,1.12,406.3,0.0
2025-11-08,112,BW-101,Bramblewick Granola Clusters Honey 12oz,Granola,Granite Peak Grocers,445.5,5.49,5.49,2445.83,5.49,0,0.0,0,0,0,0,0,0,87,0.836,0,424.1,1.32,-1.3,-2.0,1.32,1.2,1.12,445.5,0.0
2025-11-15,113,BW-101,Bramblewick Granola Clusters Honey 12oz,Granola,Granite Peak Grocers,336.4,5.49,5.49,1846.96,5.49,0,0.0,0,0,0,0,1,0,87,0.836,0,431.0,1.32,-1.3,-2.0,1.32,1.2,1.12,336.4,0.0
2025-11-22,114,BW-101,Bramblewick Granola Clusters Honey 12oz,Granola,Granite Peak Grocers,1405.7,5.49,4.12,6255.27,4.45,1,0.25,1,1,0,0,0,0,87,0.836,0,518.9,1.32,-1.3,-2.0,1.32,1.2,1.12,410.8,995.0
2025-11-29,115,BW-101,Bramblewick Granola Clusters Honey 12oz,Granola,Granite Peak Grocers,1746.4,5.49,4.12,7492.04,4.29,1,0.25,1,1,0,0,0,0,85,0.817,0,555.1,1.32,-1.3,-2.0,1.32,1.2,1.12,410.8,1335.6
2025-12-06,116,BW-101,Bramblewick Granola Clusters Honey 12oz,Granola,Granite Peak Grocers,449.5,5.49,5.49,2467.61,5.49,0,0.0,0,0,0,0,0,1,86,0.826,0,450.4,1.32,-1.3,-2.0,1.32,1.2,1.12,449.5,0.0
2025-12-13,117,BW-101,Bramblewick Granola Clusters Honey 12oz,Granola,Granite Peak Grocers,479.8,5.49,5.49,2634.09,5.49,0,0.0,0,0,0,0,0,0,88,0.846,0,536.0,1.32,-1.3,-2.0,1.32,1.2,1.12,479.8,0.0
2025-12-20,118,BW-101,Bramblewick Granola Clusters Honey 12oz,Granola,Granite Peak Grocers,586.9,5.49,5.49,3222.24,5.49,0,0.0,0,0,0,0,0,0,88,0.846,0,643.9,1.32,-1.3,-2.0,1.32,1.2,1.12,586.9,0.0
2025-12-27,119,BW-101,Bramblewick Granola Clusters Honey 12oz,Granola,Granite Peak Grocers,516.1,5.49,5.49,2833.39,5.49,0,0.0,0,0,0,1,1,0,90,0.865,0,586.9,1.32,-1.3,-2.0,1.32,1.2,1.12,516.1,0.0
2026-01-03,120,BW-101,Bramblewick Granola Clusters Honey 12oz,Granola,Granite Peak Grocers,871.3,5.49,4.94,4408.99,5.06,1,0.1,0,0,0,1,0,0,89,0.855,0,674.0,1.32,-1.3,-2.0,1.32,1.2,1.12,447.5,423.8
2026-01-10,121,BW-101,Bramblewick Granola Clusters Honey 12oz,Granola,Granite Peak Grocers,664.9,5.49,5.49,3650.52,5.49,0,0.0,0,0,0,0,0,1,89,0.855,0,681.8,1.32,-1.3,-2.0,1.32,1.2,1.12,664.9,0.0
2026-01-17,122,BW-101,Bramblewick Granola Clusters Honey 12oz,Granola,Granite Peak Grocers,516.4,5.49,5.49,2834.87,5.49,0,0.0,0,0,0,0,0,0,90,0.865,0,514.8,1.32,-1.3,-2.0,1.32,1.2,1.12,516.4,0.0
2026-01-24,123,BW-101,Bramblewick Granola Clusters Honey 12oz,Granola,Granite Peak Grocers,514.9,5.49,5.49,2826.98,5.49,0,0.0,0,0,0,0,0,0,89,0.855,0,510.9,1.32,-1.3,-2.0,1.32,1.2,1.12,514.9,0.0
2026-01-31,124,BW-101,Bramblewick Granola Clusters Honey 12oz,Granola,Granite Peak Grocers,501.8,5.49,5.49,2754.88,5.49,0,0.0,0,0,0,1,0,0,89,0.855,0,510.4,1.32,-1.3,-2.0,1.32,1.2,1.12,501.8,0.0
2026-02-07,125,BW-101,Bramblewick Granola Clusters Honey 12oz,Granola,Granite Peak Grocers,401.1,5.49,5.49,2201.95,5.49,0,0.0,0,0,0,1,0,0,89,0.855,0,507.4,1.32,-1.3,-2.0,1.32,1.2,1.12,401.1,0.0
2026-02-14,126,BW-101,Bramblewick Granola Clusters Honey 12oz,Granola,Granite Peak Grocers,348.3,5.79,5.79,2016.45,5.79,0,0.0,0,0,0,1,0,0,88,0.846,0,463.2,1.32,-1.3,-2.0,1.32,1.2,1.12,348.3,0.0
2026-02-21,127,BW-101,Bramblewick Granola Clusters Honey 12oz,Granola,Granite Peak Grocers,508.0,5.79,5.79,2941.14,5.79,0,0.0,0,0,0,0,0,0,88,0.846,0,456.1,1.32,-1.3,-2.0,1.32,1.2,1.12,508.0,0.0
2026-02-28,128,BW-101,Bramblewick Granola Clusters Honey 12oz,Granola,Granite Peak Grocers,413.8,5.79,5.79,2396.11,5.79,0,0.0,0,0,0,0,0,0,89,0.855,0,452.2,1.32,-1.3,-2.0,1.32,1.2,1.12,413.8,0.0
2026-03-07,129,BW-101,Bramblewick Granola Clusters Honey 12oz,Granola,Granite Peak Grocers,479.9,5.79,5.79,2778.69,5.79,0,0.0,0,0,0,0,0,0,90,0.865,0,446.6,1.32,-1.3,-2.0,1.32,1.2,1.12,479.9,0.0
2026-03-14,130,BW-101,Bramblewick Granola Clusters Honey 12oz,Granola,Granite Peak Grocers,415.1,5.79,5.79,2403.33,5.79,0,0.0,0,0,0,0,0,0,93,0.894,0,449.3,1.32,-1.3,-2.0,1.32,1.2,1.12,415.1,0.0
2026-03-21,131,BW-101,Bramblewick Granola Clusters Honey 12oz,Granola,Granite Peak Grocers,380.5,5.79,5.79,2203.02,5.79,0,0.0,0,0,0,0,0,0,92,0.884,0,431.7,1.32,-1.3,-2.0,1.32,1.2,1.12,380.5,0.0
2026-03-28,132,BW-101,Bramblewick Granola Clusters Honey 12oz,Granola,Granite Peak Grocers,440.0,5.79,5.79,2547.66,5.79,0,0.0,0,0,0,1,0,0,93,0.894,0,423.3,1.32,-1.3,-2.0,1.32,1.2,1.12,440.0,0.0
2026-04-04,133,BW-101,Bramblewick Granola Clusters Honey 12oz,Granola,Granite Peak Grocers,353.0,5.79,5.79,2043.92,5.79,0,0.0,0,0,0,1,0,0,92,0.884,0,406.0,1.32,-1.3,-2.0,1.32,1.2,1.12,353.0,0.0
2026-04-11,134,BW-101,Bramblewick Granola Clusters Honey 12oz,Granola,Granite Peak Grocers,331.9,5.79,5.79,1921.94,5.79,0,0.0,0,0,0,0,0,0,91,0.874,0,389.6,1.32,-1.3,-2.0,1.32,1.2,1.12,331.9,0.0
2026-04-18,135,BW-101,Bramblewick Granola Clusters Honey 12oz,Granola,Granite Peak Grocers,371.8,5.79,5.79,2152.56,5.79,0,0.0,0,0,0,0,0,0,92,0.884,0,382.6,1.32,-1.3,-2.0,1.32,1.2,1.12,371.8,0.0
2026-04-25,136,BW-101,Bramblewick Granola Clusters Honey 12oz,Granola,Granite Peak Grocers,363.9,5.79,5.79,2107.09,5.79,0,0.0,0,0,0,0,0,0,92,0.884,0,372.6,1.32,-1.3,-2.0,1.32,1.2,1.12,363.9,0.0
2026-05-02,137,BW-101,Bramblewick Granola Clusters Honey 12oz,Granola,Granite Peak Grocers,353.9,5.79,5.79,2049.36,5.79,0,0.0,0,0,0,0,0,0,92,0.884,0,364.0,1.32,-1.3,-2.0,1.32,1.2,1.12,353.9,0.0
2026-05-09,138,BW-101,Bramblewick Granola Clusters Honey 12oz,Granola,Granite Peak Grocers,302.2,5.79,5.79,1749.87,5.79,0,0.0,0,0,0,1,1,0,91,0.874,0,353.0,1.32,-1.3,-2.0,1.32,1.2,1.12,302.2,0.0
2026-05-16,139,BW-101,Bramblewick Granola Clusters Honey 12oz,Granola,Granite Peak Grocers,362.6,5.79,5.21,1936.44,5.34,1,0.1,0,0,0,0,0,0,91,0.874,0,347.5,1.32,-1.3,-2.0,1.32,1.2,1.12,358.9,3.7
2026-05-23,140,BW-101,Bramblewick Granola Clusters Honey 12oz,Granola,Granite Peak Grocers,279.3,5.79,5.79,1617.31,5.79,0,0.0,0,0,0,1,0,1,91,0.874,0,354.1,1.32,-1.3,-2.0,1.32,1.2,1.12,279.3,0.0
2026-05-30,141,BW-101,Bramblewick Granola Clusters Honey 12oz,Granola,Granite Peak Grocers,328.4,5.79,5.79,1901.17,5.79,0,0.0,0,0,0,1,0,0,91,0.874,0,356.9,1.32,-1.3,-2.0,1.32,1.2,1.12,328.4,0.0
2026-06-06,142,BW-101,Bramblewick Granola Clusters Honey 12oz,Granola,Granite Peak Grocers,366.4,5.79,5.79,2121.29,5.79,0,0.0,0,0,0,0,0,0,92,0.884,0,344.0,1.32,-1.3,-2.0,1.32,1.2,1.12,366.4,0.0
2026-06-13,143,BW-101,Bramblewick Granola Clusters Honey 12oz,Granola,Granite Peak Grocers,360.8,5.79,5.79,2089.27,5.79,0,0.0,0,0,0,0,0,0,96,0.923,0,359.4,1.32,-1.3,-2.0,1.32,1.2,1.12,360.8,0.0
2026-06-20,144,BW-101,Bramblewick Granola Clusters Honey 12oz,Granola,Granite Peak Grocers,283.2,5.79,5.79,1639.7,5.79,0,0.0,0,0,0,1,0,0,94,0.903,0,353.5,1.32,-1.3,-2.0,1.32,1.2,1.12,283.2,0.0
2026-06-27,145,BW-101,Bramblewick Granola Clusters Honey 12oz,Granola,Granite Peak Grocers,265.9,5.79,5.79,1539.48,5.79,0,0.0,0,0,0,1,0,0,95,0.913,0,377.7,1.32,-1.3,-2.0,1.32,1.2,1.12,265.9,0.0
2026-07-04,146,BW-101,Bramblewick Granola Clusters Honey 12oz,Granola,Granite Peak Grocers,403.1,5.79,5.79,2334.01,5.79,0,0.0,0,0,0,1,0,0,95,0.913,0,391.9,1.32,-1.3,-2.0,1.32,1.2,1.12,403.1,0.0
2026-07-11,147,BW-101,Bramblewick Granola Clusters Honey 12oz,Granola,Granite Peak Grocers,319.9,5.79,5.79,1852.06,5.79,0,0.0,0,0,0,0,0,0,94,0.903,0,363.9,1.32,-1.3,-2.0,1.32,1.2,1.12,319.9,0.0
2026-07-18,148,BW-101,Bramblewick Granola Clusters Honey 12oz,Granola,Granite Peak Grocers,356.1,5.79,5.79,2061.57,5.79,0,0.0,0,0,0,0,0,0,96,0.923,0,376.3,1.32,-1.3,-2.0,1.32,1.2,1.12,356.1,0.0
2026-07-25,149,BW-101,Bramblewick Granola Clusters Honey 12oz,Granola,Granite Peak Grocers,327.2,5.79,5.79,1894.49,5.79,0,0.0,0,0,0,1,0,0,94,0.903,0,373.3,1.32,-1.3,-2.0,1.32,1.2,1.12,327.2,0.0
2026-08-01,150,BW-101,Bramblewick Granola Clusters Honey 12oz,Granola,Granite Peak Grocers,395.0,5.79,5.79,2286.85,5.79,0,0.0,0,0,0,0,0,0,94,0.903,0,378.0,1.32,-1.3,-2.0,1.32,1.2,1.12,395.0,0.0
2026-08-08,151,BW-101,Bramblewick Granola Clusters Honey 12oz,Granola,Granite Peak Grocers,327.5,5.79,5.79,1896.06,5.79,0,0.0,0,0,0,1,1,0,96,0.923,0,390.8,1.32,-1.3,-2.0,1.32,1.2,1.12,327.5,0.0
2026-08-15,152,BW-101,Bramblewick Granola Clusters Honey 12oz,Granola,Granite Peak Grocers,474.6,5.79,4.92,2434.64,5.13,1,0.15,0,0,0,0,0,0,94,0.903,0,387.0,1.32,-1.3,-2.0,1.32,1.2,1.12,327.4,147.2
2026-08-22,153,BW-101,Bramblewick Granola Clusters Honey 12oz,Granola,Granite Peak Grocers,365.9,5.79,5.79,2118.59,5.79,0,0.0,0,0,0,1,0,1,94,0.903,0,451.5,1.32,-1.3,-2.0,1.32,1.2,1.12,365.9,0.0
2026-08-29,154,BW-101,Bramblewick Granola Clusters Honey 12oz,Granola,Granite Peak Grocers,569.6,5.79,5.79,3297.96,5.79,0,0.0,0,0,0,0,0,0,94,0.903,0,455.6,1.32,-1.3,-2.0,1.32,1.2,1.12,569.6,0.0
2026-09-05,155,BW-101,Bramblewick Granola Clusters Honey 12oz,Granola,Granite Peak Grocers,527.0,5.79,5.79,3051.56,5.79,0,0.0,0,0,0,0,0,0,95,0.913,0,401.9,1.32,-1.3,-2.0,1.32,1.2,1.12,527.0,0.0
2023-09-16,0,BW-101,Bramblewick Granola Clusters Honey 12oz,Granola,Hollybrook Foods,113.5,5.49,5.49,623.03,5.49,0,0.0,0,0,0,0,0,0,26,0.563,0,119.7,1.32,-1.3,-2.0,1.32,1.2,1.12,113.5,0.0
2023-09-23,1,BW-101,Bramblewick Granola Clusters Honey 12oz,Granola,Hollybrook Foods,109.7,5.49,5.49,602.24,5.49,0,0.0,0,0,0,0,0,0,26,0.563,0,104.5,1.32,-1.3,-2.0,1.32,1.2,1.12,109.7,0.0
2023-09-30,2,BW-101,Bramblewick Granola Clusters Honey 12oz,Granola,Hollybrook Foods,98.2,5.49,5.49,539.36,5.49,0,0.0,0,0,0,1,0,0,25,0.541,0,101.3,1.32,-1.3,-2.0,1.32,1.2,1.12,98.2,0.0
2023-10-07,3,BW-101,Bramblewick Granola Clusters Honey 12oz,Granola,Hollybrook Foods,93.0,5.49,5.49,510.52,5.49,0,0.0,0,0,0,1,0,0,24,0.519,0,98.1,1.32,-1.3,-2.0,1.32,1.2,1.12,93.0,0.0
2023-10-14,4,BW-101,Bramblewick Granola Clusters Honey 12oz,Granola,Hollybrook Foods,111.6,5.49,5.49,612.59,5.49,0,0.0,0,0,0,0,0,0,25,0.541,0,103.2,1.32,-1.3,-2.0,1.32,1.2,1.12,111.6,0.0
2023-10-21,5,BW-101,Bramblewick Granola Clusters Honey 12oz,Granola,Hollybrook Foods,113.9,5.49,5.49,625.07,5.49,0,0.0,0,0,0,0,0,0,25,0.541,0,104.3,1.32,-1.3,-2.0,1.32,1.2,1.12,113.9,0.0
2023-10-28,6,BW-101,Bramblewick Granola Clusters Honey 12oz,Granola,Hollybrook Foods,112.2,5.49,5.49,615.99,5.49,0,0.0,0,0,0,0,1,0,26,0.563,0,109.8,1.32,-1.3,-2.0,1.32,1.2,1.12,112.2,0.0
2023-11-04,7,BW-101,Bramblewick Granola Clusters Honey 12oz,Granola,Hollybrook Foods,143.9,5.49,4.67,699.4,4.86,1,0.15,0,0,0,1,0,0,25,0.541,0,107.0,1.32,-1.3,-2.0,1.32,1.2,1.12,111.6,32.3
2023-11-11,8,BW-101,Bramblewick Granola Clusters Honey 12oz,Granola,Hollybrook Foods,93.0,5.49,5.49,510.46,5.49,0,0.0,0,0,0,1,0,1,24,0.519,0,104.4,1.32,-1.3,-2.0,1.32,1.2,1.12,93.0,0.0
2023-11-18,9,BW-101,Bramblewick Granola Clusters Honey 12oz,Granola,Hollybrook Foods,128.7,5.49,5.49,706.61,5.49,0,0.0,0,0,0,1,0,0,25,0.541,0,130.9,1.32,-1.3,-2.0,1.32,1.2,1.12,128.7,0.0
2023-11-25,10,BW-101,Bramblewick Granola Clusters Honey 12oz,Granola,Hollybrook Foods,158.3,5.49,5.49,868.98,5.49,0,0.0,0,0,0,0,0,0,25,0.541,0,143.3,1.32,-1.3,-2.0,1.32,1.2,1.12,158.3,0.0
2023-12-02,11,BW-101,Bramblewick Granola Clusters Honey 12oz,Granola,Hollybrook Foods,114.3,5.49,5.49,627.44,5.49,0,0.0,0,0,0,0,0,0,24,0.519,0,110.4,1.32,-1.3,-2.0,1.32,1.2,1.12,114.3,0.0
2023-12-09,12,BW-101,Bramblewick Granola Clusters Honey 12oz,Granola,Hollybrook Foods,121.5,5.49,5.49,667.05,5.49,0,0.0,0,0,0,0,0,0,25,0.541,0,117.3,1.32,-1.3,-2.0,1.32,1.2,1.12,121.5,0.0
2023-12-16,13,BW-101,Bramblewick Granola Clusters Honey 12oz,Granola,Hollybrook Foods,100.8,5.49,5.49,553.44,5.49,0,0.0,0,0,0,1,0,0,26,0.563,0,142.1,1.32,-1.3,-2.0,1.32,1.2,1.12,100.8,0.0
2023-12-23,14,BW-101,Bramblewick Granola Clusters Honey 12oz,Granola,Hollybrook Foods,150.5,5.49,5.49,826.05,5.49,0,0.0,0,0,0,0,1,0,26,0.563,0,170.9,1.32,-1.3,-2.0,1.32,1.2,1.12,150.5,0.0
2023-12-30,15,BW-101,Bramblewick Granola Clusters Honey 12oz,Granola,Hollybrook Foods,369.1,5.49,4.12,1620.43,4.39,1,0.25,0,1,1,1,0,0,27,0.584,0,158.4,1.32,-1.3,-2.0,1.32,1.2,1.12,117.9,251.2
2024-01-06,16,BW-101,Bramblewick Granola Clusters Honey 12oz,Granola,Hollybrook Foods,184.8,5.49,5.49,1014.5,5.49,0,0.0,0,0,0,0,0,1,26,0.563,0,177.3,1.32,-1.3,-2.0,1.32,1.2,1.12,184.8,0.0
2024-01-13,17,BW-101,Bramblewick Granola Clusters Honey 12oz,Granola,Hollybrook Foods,213.5,5.49,5.49,1172.24,5.49,0,0.0,0,0,0,0,0,0,27,0.584,0,186.5,1.32,-1.3,-2.0,1.32,1.2,1.12,213.5,0.0
2024-01-20,18,BW-101,Bramblewick Granola Clusters Honey 12oz,Granola,Hollybrook Foods,131.5,5.49,5.49,722.16,5.49,0,0.0,0,0,0,0,0,0,25,0.541,0,129.1,1.32,-1.3,-2.0,1.32,1.2,1.12,131.5,0.0
2024-01-27,19,BW-101,Bramblewick Granola Clusters Honey 12oz,Granola,Hollybrook Foods,124.1,5.49,5.49,681.37,5.49,0,0.0,0,0,0,0,0,0,27,0.584,0,140.0,1.32,-1.3,-2.0,1.32,1.2,1.12,124.1,0.0
2024-02-03,20,BW-101,Bramblewick Granola Clusters Honey 12oz,Granola,Hollybrook Foods,131.8,5.49,5.49,723.55,5.49,0,0.0,0,0,0,0,1,0,25,0.541,0,129.7,1.32,-1.3,-2.0,1.32,1.2,1.12,131.8,0.0
2024-02-10,21,BW-101,Bramblewick Granola Clusters Honey 12oz,Granola,Hollybrook Foods,214.0,5.49,4.67,1027.11,4.8,1,0.15,0,0,0,0,0,0,26,0.563,0,134.2,1.32,-1.3,-2.0,1.32,1.2,1.12,131.6,82.4
2024-02-17,22,BW-101,Bramblewick Granola Clusters Honey 12oz,Granola,Hollybrook Foods,205.4,5.49,4.67,977.72,4.76,1,0.15,0,0,0,0,0,0,26,0.563,0,133.0,1.32,-1.3,-2.0,1.32,1.2,1.12,131.6,73.8
2024-02-24,23,BW-101,Bramblewick Granola Clusters Honey 12oz,Granola,Hollybrook Foods,108.9,5.49,5.49,597.67,5.49,0,0.0,0,0,0,0,0,1,25,0.541,0,126.0,1.32,-1.3,-2.0,1.32,1.2,1.12,108.9,0.0
2024-03-02,24,BW-101,Bramblewick Granola Clusters Honey 12oz,Granola,Hollybrook Foods,110.2,5.49,5.49,604.8,5.49,0,0.0,0,0,0,0,0,0,25,0.541,0,123.7,1.32,-1.3,-2.0,1.32,1.2,1.12,110.2,0.0
2024-03-09,25,BW-101,Bramblewick Granola Clusters Honey 12oz,Granola,Hollybrook Foods,93.8,5.79,5.79,543.17,5.79,0,0.0,0,0,0,1,0,0,26,0.563,0,117.4,1.32,-1.3,-2.0,1.32,1.2,1.12,93.8,0.0
2024-03-16,26,BW-101,Bramblewick Granola Clusters Honey 12oz,Granola,Hollybrook Foods,93.1,5.79,5.79,539.18,5.79,0,0.0,0,0,0,1,0,0,27,0.584,0,118.8,1.32,-1.3,-2.0,1.32,1.2,1.12,93.1,0.0
2024-03-23,27,BW-101,Bramblewick Granola Clusters Honey 12oz,Granola,Hollybrook Foods,118.1,5.79,5.79,683.81,5.79,0,0.0,0,0,0,1,0,0,28,0.606,0,119.8,1.32,-1.3,-2.0,1.32,1.2,1.12,118.1,0.0
2024-03-30,28,BW-101,Bramblewick Granola Clusters Honey 12oz,Granola,Hollybrook Foods,125.1,5.79,5.79,724.34,5.79,0,0.0,0,0,0,0,0,0,29,0.628,0,120.5,1.32,-1.3,-2.0,1.32,1.2,1.12,125.1,0.0
2024-04-06,29,BW-101,Bramblewick Granola Clusters Honey 12oz,Granola,Hollybrook Foods,143.8,5.79,5.79,832.45,5.79,0,0.0,0,0,0,0,0,0,28,0.606,0,113.0,1.32,-1.3,-2.0,1.32,1.2,1.12,143.8,0.0
2024-04-13,30,BW-101,Bramblewick Granola Clusters Honey 12oz,Granola,Hollybrook Foods,116.1,5.79,5.79,672.48,5.79,0,0.0,0,0,0,1,0,0,28,0.606,0,109.7,1.32,-1.3,-2.0,1.32,1.2,1.12,116.1,0.0
2024-04-20,31,BW-101,Bramblewick Granola Clusters Honey 12oz,Granola,Hollybrook Foods,101.5,5.79,5.79,587.81,5.79,0,0.0,0,0,0,1,0,0,27,0.584,0,102.9,1.32,-1.3,-2.0,1.32,1.2,1.12,101.5,0.0
2024-04-27,32,BW-101,Bramblewick Granola Clusters Honey 12oz,Granola,Hollybrook Foods,93.3,5.79,5.79,540.18,5.79,0,0.0,0,0,0,0,0,0,27,0.584,0,100.3,1.32,-1.3,-2.0,1.32,1.2,1.12,93.3,0.0
2024-05-04,33,BW-101,Bramblewick Granola Clusters Honey 12oz,Granola,Hollybrook Foods,109.8,5.79,5.79,635.56,5.79,0,0.0,0,0,0,0,0,0,28,0.606,0,101.7,1.32,-1.3,-2.0,1.32,1.2,1.12,109.8,0.0
2024-05-11,34,BW-101,Bramblewick Granola Clusters Honey 12oz,Granola,Hollybrook Foods,101.5,5.79,5.79,587.68,5.79,0,0.0,0,0,0,0,0,0,27,0.584,0,96.3,1.32,-1.3,-2.0,1.32,1.2,1.12,101.5,0.0
2024-05-18,35,BW-101,Bramblewick Granola Clusters Honey 12oz,Granola,Hollybrook Foods,84.0,5.79,5.79,486.26,5.79,0,0.0,0,0,0,0,0,0,27,0.584,0,97.8,1.32,-1.3,-2.0,1.32,1.2,1.12,84.0,0.0
2024-05-25,36,BW-101,Bramblewick Granola Clusters Honey 12oz,Granola,Hollybrook Foods,88.8,5.79,5.79,514.31,5.79,0,0.0,0,0,0,0,0,0,28,0.606,0,101.9,1.32,-1.3,-2.0,1.32,1.2,1.12,88.8,0.0
2024-06-01,37,BW-101,Bramblewick Granola Clusters Honey 12oz,Granola,Hollybrook Foods,92.7,5.79,5.79,536.92,5.79,0,0.0,0,0,0,0,0,0,29,0.628,0,100.3,1.32,-1.3,-2.0,1.32,1.2,1.12,92.7,0.0
2024-06-08,38,BW-101,Bramblewick Granola Clusters Honey 12oz,Granola,Hollybrook Foods,111.5,5.79,5.79,645.31,5.79,0,0.0,0,0,0,0,0,0,28,0.606,0,96.7,1.32,-1.3,-2.0,1.32,1.2,1.12,111.5,0.0
2024-06-15,39,BW-101,Bramblewick Granola Clusters Honey 12oz,Granola,Hollybrook Foods,95.7,5.79,5.79,554.31,5.79,0,0.0,0,0,0,0,1,0,30,0.649,0,103.9,1.32,-1.3,-2.0,1.32,1.2,1.12,95.7,0.0
2024-06-22,40,BW-101,Bramblewick Granola Clusters Honey 12oz,Granola,Hollybrook Foods,119.5,5.79,4.92,596.15,4.99,1,0.15,0,0,0,0,0,0,30,0.649,0,104.5,1.32,-1.3,-2.0,1.32,1.2,1.12,94.5,25.0
2024-06-29,41,BW-101,Bramblewick Granola Clusters Honey 12oz,Granola,Hollybrook Foods,104.1,5.79,5.79,602.54,5.79,0,0.0,0,0,0,0,0,1,30,0.649,0,110.6,1.32,-1.3,-2.0,1.32,1.2,1.12,104.1,0.0
2024-07-06,42,BW-101,Bramblewick Granola Clusters Honey 12oz,Granola,Hollybrook Foods,118.9,5.79,5.79,688.69,5.79,0,0.0,0,0,0,0,0,0,29,0.628,0,111.0,1.32,-1.3,-2.0,1.32,1.2,1.12,118.9,0.0
2024-07-13,43,BW-101,Bramblewick Granola Clusters Honey 12oz,Granola,Hollybrook Foods,91.5,5.79,5.79,529.51,5.79,0,0.0,0,0,0,0,0,0,29,0.628,0,104.3,1.32,-1.3,-2.0,1.32,1.2,1.12,91.5,0.0
2024-07-20,44,BW-101,Bramblewick Granola Clusters Honey 12oz,Granola,Hollybrook Foods,135.4,5.79,5.79,784.2,5.79,0,0.0,0,0,0,0,0,0,30,0.649,0,109.4,1.32,-1.3,-2.0,1.32,1.2,1.12,135.4,0.0
2024-07-27,45,BW-101,Bramblewick Granola Clusters Honey 12oz,Granola,Hollybrook Foods,102.4,5.79,5.79,592.68,5.79,0,0.0,0,0,0,0,0,0,30,0.649,0,111.0,1.32,-1.3,-2.0,1.32,1.2,1.12,102.4,0.0
2024-08-03,46,BW-101,Bramblewick Granola Clusters Honey 12oz,Granola,Hollybrook Foods,122.5,5.79,5.79,709.23,5.79,0,0.0,0,0,0,0,0,0,29,0.628,0,108.8,1.32,-1.3,-2.0,1.32,1.2,1.12,122.5,0.0
2024-08-10,47,BW-101,Bramblewick Granola Clusters Honey 12oz,Granola,Hollybrook Foods,127.3,5.79,5.79,737.13,5.79,0,0.0,0,0,0,0,0,0,31,0.671,0,117.8,1.32,-1.3,-2.0,1.32,1.2,1.12,127.3,0.0
2024-08-17,48,BW-101,Bramblewick Granola Clusters Honey 12oz,Granola,Hollybrook Foods,103.1,5.79,5.79,596.85,5.79,0,0.0,0,0,0,0,0,0,29,0.628,0,111.6,1.32,-1.3,-2.0,1.32,1.2,1.12,103.1,0.0
2024-08-24,49,BW-101,Bramblewick Granola Clusters Honey 12oz,Granola,Hollybrook Foods,137.8,5.79,5.79,797.67,5.79,0,0.0,0,0,0,0,0,0,31,0.671,0,139.3,1.32,-1.3,-2.0,1.32,1.2,1.12,137.8,0.0
2024-08-31,50,BW-101,Bramblewick Granola Clusters Honey 12oz,Granola,Hollybrook Foods,141.3,5.79,5.79,817.91,5.79,0,0.0,0,0,0,0,0,0,31,0.671,0,140.8,1.32,-1.3,-2.0,1.32,1.2,1.12,141.3,0.0
2024-09-07,51,BW-101,Bramblewick Granola Clusters Honey 12oz,Granola,Hollybrook Foods,104.2,5.79,5.79,603.51,5.79,0,0.0,0,0,0,1,0,0,31,0.671,0,123.0,1.32,-1.3,-2.0,1.32,1.2,1.12,104.2,0.0
2024-09-14,52,BW-101,Bramblewick Granola Clusters Honey 12oz,Granola,Hollybrook Foods,143.8,5.79,5.79,832.58,5.79,0,0.0,0,0,0,0,0,0,33,0.714,0,132.1,1.32,-1.3,-2.0,1.32,1.2,1.12,143.8,0.0
2024-09-21,53,BW-101,Bramblewick Granola Clusters Honey 12oz,Granola,Hollybrook Foods,134.2,5.79,5.79,777.13,5.79,0,0.0,0,0,0,0,0,0,33,0.714,0,133.2,1.32,-1.3,-2.0,1.32,1.2,1.12,134.2,0.0
2024-09-28,54,BW-101,Bramblewick Granola Clusters Honey 12oz,Granola,Hollybrook Foods,107.6,5.79,5.79,623.17,5.79,0,0.0,0,0,0,0,0,0,32,0.693,0,130.2,1.32,-1.3,-2.0,1.32,1.2,1.12,107.6,0.0
2024-10-05,55,BW-101,Bramblewick Granola Clusters Honey 12oz,Granola,Hollybrook Foods,132.9,5.79,5.79,769.27,5.79,0,0.0,0,0,0,0,0,0,32,0.693,0,131.3,1.32,-1.3,-2.0,1.32,1.2,1.12,132.9,0.0
2024-10-12,56,BW-101,Bramblewick Granola Clusters Honey 12oz,Granola,Hollybrook Foods,113.3,5.79,5.79,655.76,5.79,0,0.0,0,0,0,0,0,0,31,0.671,0,128.4,1.32,-1.3,-2.0,1.32,1.2,1.12,113.3,0.0
2024-10-19,57,BW-101,Bramblewick Granola Clusters Honey 12oz,Granola,Hollybrook Foods,125.5,5.79,5.79,726.72,5.79,0,0.0,0,0,0,0,1,0,32,0.693,0,134.0,1.32,-1.3,-2.0,1.32,1.2,1.12,125.5,0.0
2024-10-26,58,BW-101,Bramblewick Granola Clusters Honey 12oz,Granola,Hollybrook Foods,509.0,5.79,4.05,2203.99,4.33,1,0.3,1,1,1,0,0,0,32,0.693,0,135.6,1.32,-1.3,-2.0,1.32,1.2,1.12,129.2,379.8
2024-11-02,59,BW-101,Bramblewick Granola Clusters Honey 12oz,Granola,Hollybrook Foods,491.6,5.79,4.05,2035.3,4.14,1,0.3,1,1,1,0,0,0,32,0.693,0,137.5,1.32,-1.3,-2.0,1.32,1.2,1.12,129.2,362.4
2024-11-09,60,BW-101,Bramblewick Granola Clusters Honey 12oz,Granola,Hollybrook Foods,145.6,5.79,5.79,843.03,5.79,0,0.0,0,0,0,0,0,1,32,0.693,0,139.7,1.32,-1.3,-2.0,1.32,1.2,1.12,145.6,0.0
2024-11-16,61,BW-101,Bramblewick Granola Clusters Honey 12oz,Granola,Hollybrook Foods,124.2,5.79,5.79,718.91,5.79,0,0.0,0,0,0,1,0,0,32,0.693,0,142.1,1.32,-1.3,-2.0,1.32,1.2,1.12,124.2,0.0
2024-11-23,62,BW-101,Bramblewick Granola Clusters Honey 12oz,Granola,Hollybrook Foods,161.9,5.79,5.79,937.44,5.79,0,0.0,0,0,0,0,0,0,32,0.693,0,171.3,1.32,-1.3,-2.0,1.32,1.2,1.12,161.9,0.0
2024-11-30,63,BW-101,Bramblewick Granola Clusters Honey 12oz,Granola,Hollybrook Foods,232.7,5.79,5.79,1347.6,5.79,0,0.0,0,0,0,0,0,0,33,0.714,0,193.7,1.32,-1.3,-2.0,1.32,1.2,1.12,232.7,0.0
2024-12-07,64,BW-101,Bramblewick Granola Clusters Honey 12oz,Granola,Hollybrook Foods,168.8,5.79,5.79,977.63,5.79,0,0.0,0,0,0,0,0,0,33,0.714,0,155.5,1.32,-1.3,-2.0,1.32,1.2,1.12,168.8,0.0
2024-12-14,65,BW-101,Bramblewick Granola Clusters Honey 12oz,Granola,Hollybrook Foods,189.4,5.79,5.79,1096.64,5.79,0,0.0,0,0,0,0,0,0,35,0.758,0,192.0,1.32,-1.3,-2.0,1.32,1.2,1.12,189.4,0.0
2024-12-21,66,BW-101,Bramblewick Granola Clusters Honey 12oz,Granola,Hollybrook Foods,215.8,5.79,5.79,1249.58,5.79,0,0.0,0,0,0,0,1,0,34,0.736,0,224.4,1.32,-1.3,-2.0,1.32,1.2,1.12,215.8,0.0
2024-12-28,67,BW-101,Bramblewick Granola Clusters Honey 12oz,Granola,Hollybrook Foods,262.3,5.79,4.92,1340.39,5.11,1,0.15,0,0,0,0,0,0,34,0.736,0,200.2,1.32,-1.3,-2.0,1.32,1.2,1.12,165.4,96.9
2025-01-04,68,BW-101,Bramblewick Granola Clusters Honey 12oz,Granola,Hollybrook Foods,336.1,5.79,4.92,1720.73,5.12,1,0.15,0,0,0,0,0,0,35,0.758,0,239.6,1.32,-1.3,-2.0,1.32,1.2,1.12,165.4,170.8
2025-01-11,69,BW-101,Bramblewick Granola Clusters Honey 12oz,Granola,Hollybrook Foods,203.0,5.79,5.79,1175.64,5.79,0,0.0,0,0,0,0,0,1,35,0.758,0,242.6,1.32,-1.3,-2.0,1.32,1.2,1.12,203.0,0.0
2025-01-18,70,BW-101,Bramblewick Granola Clusters Honey 12oz,Granola,Hollybrook Foods,214.4,5.79,5.79,1241.24,5.79,0,0.0,0,0,0,0,0,0,34,0.736,0,176.2,1.32,-1.3,-2.0,1.32,1.2,1.12,214.4,0.0
2025-01-25,71,BW-101,Bramblewick Granola Clusters Honey 12oz,Granola,Hollybrook Foods,209.1,5.79,5.79,1210.63,5.79,0,0.0,0,0,0,0,0,0,35,0.758,0,182.2,1.32,-1.3,-2.0,1.32,1.2,1.12,209.1,0.0
2025-02-01,72,BW-101,Bramblewick Granola Clusters Honey 12oz,Granola,Hollybrook Foods,142.3,5.79,5.79,823.91,5.79,0,0.0,0,0,0,0,0,0,35,0.758,0,182.3,1.32,-1.3,-2.0,1.32,1.2,1.12,142.3,0.0
2025-02-08,73,BW-101,Bramblewick Granola Clusters Honey 12oz,Granola,Hollybrook Foods,163.2,5.79,5.79,945.21,5.79,0,0.0,0,0,0,0,0,0,35,0.758,0,181.4,1.32,-1.3,-2.0,1.32,1.2,1.12,163.2,0.0
2025-02-15,74,BW-101,Bramblewick Granola Clusters Honey 12oz,Granola,Hollybrook Foods,178.9,5.79,5.79,1035.78,5.79,0,0.0,0,0,0,0,0,0,35,0.758,0,179.7,1.32,-1.3,-2.0,1.32,1.2,1.12,178.9,0.0
2025-02-22,75,BW-101,Bramblewick Granola Clusters Honey 12oz,Granola,Hollybrook Foods,141.1,5.79,5.79,816.72,5.79,0,0.0,0,0,0,1,0,0,34,0.736,0,172.1,1.32,-1.3,-2.0,1.32,1.2,1.12,141.1,0.0
2025-03-01,76,BW-101,Bramblewick Granola Clusters Honey 12oz,Granola,Hollybrook Foods,117.5,5.79,5.79,680.21,5.79,0,0.0,0,0,0,1,0,0,34,0.736,0,168.9,1.32,-1.3,-2.0,1.32,1.2,1.12,117.5,0.0
2025-03-08,77,BW-101,Bramblewick Granola Clusters Honey 12oz,Granola,Hollybrook Foods,178.5,5.79,5.79,1033.26,5.79,0,0.0,0,0,0,0,0,0,34,0.736,0,165.1,1.32,-1.3,-2.0,1.32,1.2,1.12,178.5,0.0
2025-03-15,78,BW-101,Bramblewick Granola Clusters Honey 12oz,Granola,Hollybrook Foods,145.3,5.79,5.79,841.46,5.79,0,0.0,0,0,0,0,0,0,35,0.758,0,165.7,1.32,-1.3,-2.0,1.32,1.2,1.12,145.3,0.0
2025-03-22,79,BW-101,Bramblewick Granola Clusters Honey 12oz,Granola,Hollybrook Foods,168.9,5.79,5.79,978.1,5.79,0,0.0,0,0,0,0,0,0,34,0.736,0,156.5,1.32,-1.3,-2.0,1.32,1.2,1.12,168.9,0.0
2025-03-29,80,BW-101,Bramblewick Granola Clusters Honey 12oz,Granola,Hollybrook Foods,169.4,5.79,5.79,980.65,5.79,0,0.0,0,0,0,0,0,0,36,0.779,0,161.0,1.32,-1.3,-2.0,1.32,1.2,1.12,169.4,0.0
2025-04-05,81,BW-101,Bramblewick Granola Clusters Honey 12oz,Granola,Hollybrook Foods,174.7,5.79,5.79,1011.68,5.79,0,0.0,0,0,0,0,0,0,34,0.736,0,147.6,1.32,-1.3,-2.0,1.32,1.2,1.12,174.7,0.0
2025-04-12,82,BW-101,Bramblewick Granola Clusters Honey 12oz,Granola,Hollybrook Foods,131.6,5.99,5.99,788.25,5.99,0,0.0,0,0,0,0,0,0,36,0.779,0,145.2,1.32,-1.3,-2.0,1.32,1.2,1.12,131.6,0.0
2025-04-19,83,BW-101,Bramblewick Granola Clusters Honey 12oz,Granola,Hollybrook Foods,168.1,5.99,5.99,1007.0,5.99,0,0.0,0,0,0,0,0,0,35,0.758,0,137.3,1.32,-1.3,-2.0,1.32,1.2,1.12,168.1,0.0
2025-04-26,84,BW-101,Bramblewick Granola Clusters Honey 12oz,Granola,Hollybrook Foods,113.6,5.99,5.99,680.23,5.99,0,0.0,0,0,0,0,0,0,34,0.736,0,130.0,1.32,-1.3,-2.0,1.32,1.2,1.12,113.6,0.0
2025-05-03,85,BW-101,Bramblewick Granola Clusters Honey 12oz,Granola,Hollybrook Foods,159.1,5.99,5.99,952.91,5.99,0,0.0,0,0,0,0,0,0,36,0.779,0,134.7,1.32,-1.3,-2.0,1.32,1.2,1.12,159.1,0.0
2025-05-10,86,BW-101,Bramblewick Granola Clusters Honey 12oz,Granola,Hollybrook Foods,144.7,5.99,5.99,866.63,5.99,0,0.0,0,0,0,0,0,0,35,0.758,0,128.5,1.32,-1.3,-2.0,1.32,1.2,1.12,144.7,0.0
2025-05-17,87,BW-101,Bramblewick Granola Clusters Honey 12oz,Granola,Hollybrook Foods,136.8,5.99,5.99,819.55,5.99,0,0.0,0,0,0,0,0,0,36,0.779,0,130.3,1.32,-1.3,-2.0,1.32,1.2,1.12,136.8,0.0
2025-05-24,88,BW-101,Bramblewick Granola Clusters Honey 12oz,Granola,Hollybrook Foods,98.0,5.99,5.99,586.88,5.99,0,0.0,0,0,0,1,0,0,34,0.736,0,125.5,1.32,-1.3,-2.0,1.32,1.2,1.12,98.0,0.0
2025-05-31,89,BW-101,Bramblewick Granola Clusters Honey 12oz,Granola,Hollybrook Foods,133.4,5.99,5.99,798.97,5.99,0,0.0,0,0,0,1,0,0,34,0.736,0,126.7,1.32,-1.3,-2.0,1.32,1.2,1.12,133.4,0.0
2025-06-07,90,BW-101,Bramblewick Granola Clusters Honey 12oz,Granola,Hollybrook Foods,140.1,5.99,5.99,839.12,5.99,0,0.0,0,0,0,0,0,0,36,0.779,0,128.0,1.32,-1.3,-2.0,1.32,1.2,1.12,140.1,0.0
2025-06-14,91,BW-101,Bramblewick Granola Clusters Honey 12oz,Granola,Hollybrook Foods,112.7,5.99,5.99,675.23,5.99,0,0.0,0,0,0,0,0,0,38,0.822,0,135.4,1.32,-1.3,-2.0,1.32,1.2,1.12,112.7,0.0
2025-06-21,92,BW-101,Bramblewick Granola Clusters Honey 12oz,Granola,Hollybrook Foods,93.0,5.99,5.99,556.95,5.99,0,0.0,0,0,0,0,1,0,36,0.779,0,129.1,1.32,-1.3,-2.0,1.32,1.2,1.12,93.0,0.0
2025-06-28,93,BW-101,Bramblewick Granola Clusters Honey 12oz,Granola,Hollybrook Foods,393.1,5.99,4.49,1800.53,4.58,1,0.25,1,1,1,0,0,0,36,0.779,0,136.6,1.32,-1.3,-2.0,1.32,1.2,1.12,135.1,258.0
2025-07-05,94,BW-101,Bramblewick Granola Clusters Honey 12oz,Granola,Hollybrook Foods,397.1,5.99,4.49,1850.63,4.66,1,0.25,1,1,1,1,0,0,36,0.779,0,141.9,1.32,-1.3,-2.0,1.32,1.2,1.12,135.1,262.0
2025-07-12,95,BW-101,Bramblewick Granola Clusters Honey 12oz,Granola,Hollybrook Foods,478.7,5.99,4.49,2192.64,4.58,1,0.25,1,1,1,1,0,0,37,0.801,0,137.0,1.32,-1.3,-2.0,1.32,1.2,1.12,135.1,343.6
2025-07-19,96,BW-101,Bramblewick Granola Clusters Honey 12oz,Granola,Hollybrook Foods,127.7,5.99,5.99,765.06,5.99,0,0.0,0,0,0,0,0,1,36,0.779,0,135.2,1.32,-1.3,-2.0,1.32,1.2,1.12,127.7,0.0
2025-07-26,97,BW-101,Bramblewick Granola Clusters Honey 12oz,Granola,Hollybrook Foods,150.0,5.99,5.99,898.39,5.99,0,0.0,0,0,0,0,0,0,38,0.822,0,144.7,1.32,-1.3,-2.0,1.32,1.2,1.12,150.0,0.0
2025-08-02,98,BW-101,Bramblewick Granola Clusters Honey 12oz,Granola,Hollybrook Foods,122.1,5.99,5.99,731.16,5.99,0,0.0,0,0,0,1,0,0,38,0.822,0,146.7,1.32,-1.3,-2.0,1.32,1.2,1.12,122.1,0.0
2025-08-09,99,BW-101,Bramblewick Granola Clusters Honey 12oz,Granola,Hollybrook Foods,141.6,5.99,5.99,848.42,5.99,0,0.0,0,0,0,1,0,0,37,0.801,0,144.7,1.32,-1.3,-2.0,1.32,1.2,1.12,141.6,0.0
2025-08-16,100,BW-101,Bramblewick Granola Clusters Honey 12oz,Granola,Hollybrook Foods,117.9,5.99,5.99,705.98,5.99,0,0.0,0,0,0,1,0,0,36,0.779,0,142.6,1.32,-1.3,-2.0,1.32,1.2,1.12,117.9,0.0
2025-08-23,101,BW-101,Bramblewick Granola Clusters Honey 12oz,Granola,Hollybrook Foods,127.5,5.99,5.99,763.68,5.99,0,0.0,0,0,0,1,0,0,37,0.801,0,171.2,1.32,-1.3,-2.0,1.32,1.2,1.12,127.5,0.0
2025-08-30,102,BW-101,Bramblewick Granola Clusters Honey 12oz,Granola,Hollybrook Foods,132.6,5.99,5.99,794.08,5.99,0,0.0,0,0,0,0,0,0,37,0.801,0,172.9,1.32,-1.3,-2.0,1.32,1.2,1.12,132.6,0.0
2025-09-06,103,BW-101,Bramblewick Granola Clusters Honey 12oz,Granola,Hollybrook Foods,160.3,5.99,5.99,960.12,5.99,0,0.0,0,0,0,0,0,0,37,0.801,0,151.1,1.32,-1.3,-2.0,1.32,1.2,1.12,160.3,0.0
2025-09-13,104,BW-101,Bramblewick Granola Clusters Honey 12oz,Granola,Hollybrook Foods,154.2,5.99,5.99,923.44,5.99,0,0.0,0,0,0,0,0,0,40,0.866,0,164.8,1.32,-1.3,-2.0,1.32,1.2,1.12,154.2,0.0
2025-09-20,105,BW-101,Bramblewick Granola Clusters Honey 12oz,Granola,Hollybrook Foods,134.0,5.99,5.99,802.9,5.99,0,0.0,0,0,0,0,0,0,39,0.844,0,162.0,1.32,-1.3,-2.0,1.32,1.2,1.12,134.0,0.0
2025-09-27,106,BW-101,Bramblewick Granola Clusters Honey 12oz,Granola,Hollybrook Foods,148.3,5.99,5.99,888.12,5.99,0,0.0,0,0,0,0,0,0,39,0.844,0,163.3,1.32,-1.3,-2.0,1.32,1.2,1.12,148.3,0.0
2025-10-04,107,BW-101,Bramblewick Granola Clusters Honey 12oz,Granola,Hollybrook Foods,157.9,5.99,5.99,945.65,5.99,0,0.0,0,0,0,0,0,0,39,0.844,0,164.8,1.32,-1.3,-2.0,1.32,1.2,1.12,157.9,0.0
2025-10-11,108,BW-101,Bramblewick Granola Clusters Honey 12oz,Granola,Hollybrook Foods,162.2,5.99,5.99,971.84,5.99,0,0.0,0,0,0,1,0,0,40,0.866,0,170.6,1.32,-1.3,-2.0,1.32,1.2,1.12,162.2,0.0
2025-10-18,109,BW-101,Bramblewick Granola Clusters Honey 12oz,Granola,Hollybrook Foods,132.8,5.99,5.99,795.74,5.99,0,0.0,0,0,0,0,0,0,39,0.844,0,168.1,1.32,-1.3,-2.0,1.32,1.2,1.12,132.8,0.0
2025-10-25,110,BW-101,Bramblewick Granola Clusters Honey 12oz,Granola,Hollybrook Foods,167.0,5.99,5.99,1000.06,5.99,0,0.0,0,0,0,0,0,0,40,0.866,0,174.5,1.32,-1.3,-2.0,1.32,1.2,1.12,167.0,0.0
2025-11-01,111,BW-101,Bramblewick Granola Clusters Honey 12oz,Granola,Hollybrook Foods,192.3,5.99,5.99,1152.11,5.99,0,0.0,0,0,0,0,0,0,40,0.866,0,177.0,1.32,-1.3,-2.0,1.32,1.2,1.12,192.3,0.0
2025-11-08,112,BW-101,Bramblewick Granola Clusters Honey 12oz,Granola,Hollybrook Foods,173.6,6.29,6.29,1091.93,6.29,0,0.0,0,0,0,0,0,0,39,0.844,0,164.5,1.32,-1.3,-2.0,1.32,1.2,1.12,173.6,0.0
2025-11-15,113,BW-101,Bramblewick Granola Clusters Honey 12oz,Granola,Hollybrook Foods,183.6,6.29,6.29,1154.66,6.29,0,0.0,0,0,0,0,0,0,39,0.844,0,167.3,1.32,-1.3,-2.0,1.32,1.2,1.12,183.6,0.0
2025-11-22,114,BW-101,Bramblewick Granola Clusters Honey 12oz,Granola,Hollybrook Foods,235.5,6.29,6.29,1481.02,6.29,0,0.0,0,0,0,0,1,0,38,0.822,0,196.5,1.32,-1.3,-2.0,1.32,1.2,1.12,235.5,0.0
2025-11-29,115,BW-101,Bramblewick Granola Clusters Honey 12oz,Granola,Hollybrook Foods,486.5,6.29,5.03,2495.92,5.13,1,0.2,1,1,0,0,0,0,39,0.844,0,221.1,1.32,-1.3,-2.0,1.32,1.2,1.12,170.3,316.2
2025-12-06,116,BW-101,Bramblewick Granola Clusters Honey 12oz,Granola,Hollybrook Foods,158.7,6.29,6.29,998.46,6.29,0,0.0,0,0,0,0,0,1,40,0.866,0,182.1,1.32,-1.3,-2.0,1.32,1.2,1.12,158.7,0.0
2025-12-13,117,BW-101,Bramblewick Granola Clusters Honey 12oz,Granola,Hollybrook Foods,239.5,6.29,6.29,1506.57,6.29,0,0.0,0,0,0,0,0,0,40,0.866,0,212.0,1.32,-1.3,-2.0,1.32,1.2,1.12,239.5,0.0
2025-12-20,118,BW-101,Bramblewick Granola Clusters Honey 12oz,Granola,Hollybrook Foods,313.7,6.29,6.29,1973.48,6.29,0,0.0,0,0,0,0,0,0,41,0.887,0,261.3,1.32,-1.3,-2.0,1.32,1.2,1.12,313.7,0.0
2025-12-27,119,BW-101,Bramblewick Granola Clusters Honey 12oz,Granola,Hollybrook Foods,208.7,6.29,6.29,1312.42,6.29,0,0.0,0,0,0,1,0,0,40,0.866,0,227.5,1.32,-1.3,-2.0,1.32,1.2,1.12,208.7,0.0
2026-01-03,120,BW-101,Bramblewick Granola Clusters Honey 12oz,Granola,Hollybrook Foods,262.7,6.29,6.29,1652.16,6.29,0,0.0,0,0,0,0,0,0,41,0.887,0,271.1,1.32,-1.3,-2.0,1.32,1.2,1.12,262.7,0.0
2026-01-10,121,BW-101,Bramblewick Granola Clusters Honey 12oz,Granola,Hollybrook Foods,236.6,6.29,6.29,1487.9,6.29,0,0.0,0,0,0,0,0,0,40,0.866,0,267.9,1.32,-1.3,-2.0,1.32,1.2,1.12,236.6,0.0
2026-01-17,122,BW-101,Bramblewick Granola Clusters Honey 12oz,Granola,Hollybrook Foods,215.5,6.29,6.29,1355.42,6.29,0,0.0,0,0,0,0,0,0,40,0.866,0,200.2,1.32,-1.3,-2.0,1.32,1.2,1.12,215.5,0.0
2026-01-24,123,BW-101,Bramblewick Granola Clusters Honey 12oz,Granola,Hollybrook Foods,220.6,6.29,6.29,1387.87,6.29,0,0.0,0,0,0,0,0,0,42,0.909,0,211.3,1.32,-1.3,-2.0,1.32,1.2,1.12,220.6,0.0
2026-01-31,124,BW-101,Bramblewick Granola Clusters Honey 12oz,Granola,Hollybrook Foods,184.0,6.29,6.29,1157.48,6.29,0,0.0,0,0,0,0,0,0,41,0.887,0,206.3,1.32,-1.3,-2.0,1.32,1.2,1.12,184.0,0.0
2026-02-07,125,BW-101,Bramblewick Granola Clusters Honey 12oz,Granola,Hollybrook Foods,194.7,6.29,6.29,1224.53,6.29,0,0.0,0,0,0,0,0,0,41,0.887,0,205.3,1.32,-1.3,-2.0,1.32,1.2,1.12,194.7,0.0
2026-02-14,126,BW-101,Bramblewick Granola Clusters Honey 12oz,Granola,Hollybrook Foods,178.8,6.29,6.29,1124.69,6.29,0,0.0,0,0,0,0,0,0,40,0.866,0,198.4,1.32,-1.3,-2.0,1.32,1.2,1.12,178.8,0.0
2026-02-21,127,BW-101,Bramblewick Granola Clusters Honey 12oz,Granola,Hollybrook Foods,215.0,6.29,6.29,1352.21,6.29,0,0.0,0,0,0,0,0,0,41,0.887,0,200.5,1.32,-1.3,-2.0,1.32,1.2,1.12,215.0,0.0
2026-02-28,128,BW-101,Bramblewick Granola Clusters Honey 12oz,Granola,Hollybrook Foods,194.6,6.29,6.29,1224.0,6.29,0,0.0,0,0,0,0,0,0,41,0.887,0,196.8,1.32,-1.3,-2.0,1.32,1.2,1.12,194.6,0.0
2026-03-07,129,BW-101,Bramblewick Granola Clusters Honey 12oz,Granola,Hollybrook Foods,216.6,6.29,6.29,1362.37,6.29,0,0.0,0,0,0,0,0,0,40,0.866,0,187.7,1.32,-1.3,-2.0,1.32,1.2,1.12,216.6,0.0
2026-03-14,130,BW-101,Bramblewick Granola Clusters Honey 12oz,Granola,Hollybrook Foods,229.7,6.29,6.29,1444.93,6.29,0,0.0,0,0,0,0,0,0,43,0.931,0,196.7,1.32,-1.3,-2.0,1.32,1.2,1.12,229.7,0.0
2026-03-21,131,BW-101,Bramblewick Granola Clusters Honey 12oz,Granola,Hollybrook Foods,204.1,6.29,6.29,1283.96,6.29,0,0.0,0,0,0,0,0,0,44,0.952,0,195.7,1.32,-1.3,-2.0,1.32,1.2,1.12,204.1,0.0
2026-03-28,132,BW-101,Bramblewick Granola Clusters Honey 12oz,Granola,Hollybrook Foods,183.3,6.29,6.29,1152.77,6.29,0,0.0,0,0,0,1,0,0,42,0.909,0,181.4,1.32,-1.3,-2.0,1.32,1.2,1.12,183.3,0.0
2026-04-04,133,BW-101,Bramblewick Granola Clusters Honey 12oz,Granola,Hollybrook Foods,183.5,6.29,6.29,1153.96,6.29,0,0.0,0,0,0,1,0,0,44,0.952,0,184.5,1.32,-1.3,-2.0,1.32,1.2,1.12,183.5,0.0
2026-04-11,134,BW-101,Bramblewick Granola Clusters Honey 12oz,Granola,Hollybrook Foods,203.3,6.29,6.29,1278.66,6.29,0,0.0,0,0,0,0,0,0,42,0.909,0,171.0,1.32,-1.3,-2.0,1.32,1.2,1.12,203.3,0.0
2026-04-18,135,BW-101,Bramblewick Granola Clusters Honey 12oz,Granola,Hollybrook Foods,146.5,6.29,6.29,921.54,6.29,0,0.0,0,0,0,1,0,0,44,0.952,0,174.3,1.32,-1.3,-2.0,1.32,1.2,1.12,146.5,0.0
2026-04-25,136,BW-101,Bramblewick Granola Clusters Honey 12oz,Granola,Hollybrook Foods,183.5,6.29,6.29,1154.47,6.29,0,0.0,0,0,0,0,0,0,44,0.952,0,169.9,1.32,-1.3,-2.0,1.32,1.2,1.12,183.5,0.0
2026-05-02,137,BW-101,Bramblewick Granola Clusters Honey 12oz,Granola,Hollybrook Foods,200.9,6.29,6.29,1263.59,6.29,0,0.0,0,0,0,0,0,0,43,0.931,0,162.4,1.32,-1.3,-2.0,1.32,1.2,1.12,200.9,0.0
2026-05-09,138,BW-101,Bramblewick Granola Clusters Honey 12oz,Granola,Hollybrook Foods,176.9,6.29,6.29,1112.8,6.29,0,0.0,0,0,0,0,0,0,44,0.952,0,163.1,1.32,-1.3,-2.0,1.32,1.2,1.12,176.9,0.0
2026-05-16,139,BW-101,Bramblewick Granola Clusters Honey 12oz,Granola,Hollybrook Foods,154.8,6.29,6.29,973.7,6.29,0,0.0,0,0,0,0,0,0,44,0.952,0,160.8,1.32,-1.3,-2.0,1.32,1.2,1.12,154.8,0.0
2026-05-23,140,BW-101,Bramblewick Granola Clusters Honey 12oz,Granola,Hollybrook Foods,162.3,6.29,6.29,1020.72,6.29,0,0.0,0,0,0,0,0,0,42,0.909,0,156.5,1.32,-1.3,-2.0,1.32,1.2,1.12,162.3,0.0
2026-05-30,141,BW-101,Bramblewick Granola Clusters Honey 12oz,Granola,Hollybrook Foods,202.0,6.29,6.29,1270.74,6.29,0,0.0,0,0,0,0,1,0,43,0.931,0,161.7,1.32,-1.3,-2.0,1.32,1.2,1.12,202.0,0.0
2026-06-06,142,BW-101,Bramblewick Granola Clusters Honey 12oz,Granola,Hollybrook Foods,465.8,6.29,4.72,2273.34,4.88,1,0.25,1,1,1,0,0,0,43,0.931,0,154.4,1.32,-1.3,-2.0,1.32,1.2,1.12,180.2,285.6
2026-06-13,143,BW-101,Bramblewick Granola Clusters Honey 12oz,Granola,Hollybrook Foods,472.5,6.29,4.72,2357.86,4.99,1,0.25,1,1,1,0,0,0,45,0.974,0,161.9,1.32,-1.3,-2.0,1.32,1.2,1.12,180.2,292.3
2026-06-20,144,BW-101,Bramblewick Granola Clusters Honey 12oz,Granola,Hollybrook Foods,577.4,6.29,4.72,2852.29,4.94,1,0.25,1,1,1,0,0,0,44,0.952,0,159.3,1.32,-1.3,-2.0,1.32,1.2,1.12,180.2,397.2
2026-06-27,145,BW-101,Bramblewick Granola Clusters Honey 12oz,Granola,Hollybrook Foods,158.8,6.29,6.29,998.65,6.29,0,0.0,0,0,0,0,0,1,46,0.996,0,176.2,1.32,-1.3,-2.0,1.32,1.2,1.12,158.8,0.0
2026-07-04,146,BW-101,Bramblewick Granola Clusters Honey 12oz,Granola,Hollybrook Foods,148.6,6.29,6.29,934.49,6.29,0,0.0,0,0,0,0,0,0,44,0.952,0,175.1,1.32,-1.3,-2.0,1.32,1.2,1.12,148.6,0.0
2026-07-11,147,BW-101,Bramblewick Granola Clusters Honey 12oz,Granola,Hollybrook Foods,139.4,6.29,6.29,876.82,6.29,0,0.0,0,0,0,0,0,0,44,0.952,0,164.5,1.32,-1.3,-2.0,1.32,1.2,1.12,139.4,0.0
2026-07-18,148,BW-101,Bramblewick Granola Clusters Honey 12oz,Granola,Hollybrook Foods,176.4,6.29,6.29,1109.46,6.29,0,0.0,0,0,0,0,0,0,46,0.996,0,174.4,1.32,-1.3,-2.0,1.32,1.2,1.12,176.4,0.0
2026-07-25,149,BW-101,Bramblewick Granola Clusters Honey 12oz,Granola,Hollybrook Foods,159.3,6.29,6.29,1002.17,6.29,0,0.0,0,0,0,0,0,0,44,0.952,0,169.1,1.32,-1.3,-2.0,1.32,1.2,1.12,159.3,0.0
2026-08-01,150,BW-101,Bramblewick Granola Clusters Honey 12oz,Granola,Hollybrook Foods,203.9,6.29,6.29,1282.63,6.29,0,0.0,0,0,0,0,0,0,44,0.952,0,171.5,1.32,-1.3,-2.0,1.32,1.2,1.12,203.9,0.0
2026-08-08,151,BW-101,Bramblewick Granola Clusters Honey 12oz,Granola,Hollybrook Foods,141.9,6.29,6.29,892.55,6.29,0,0.0,0,0,0,1,1,0,45,0.974,0,177.7,1.32,-1.3,-2.0,1.32,1.2,1.12,141.9,0.0
2026-08-15,152,BW-101,Bramblewick Granola Clusters Honey 12oz,Granola,Hollybrook Foods,371.0,6.29,5.03,1947.68,5.25,1,0.2,1,1,0,0,0,0,45,0.974,0,179.9,1.32,-1.3,-2.0,1.32,1.2,1.12,159.0,212.0
2026-08-22,153,BW-101,Bramblewick Granola Clusters Honey 12oz,Granola,Hollybrook Foods,462.1,6.29,5.03,2426.25,5.25,1,0.2,1,1,0,0,0,0,44,0.952,0,205.5,1.32,-1.3,-2.0,1.32,1.2,1.12,159.0,303.0
2026-08-29,154,BW-101,Bramblewick Granola Clusters Honey 12oz,Granola,Hollybrook Foods,177.8,6.29,6.29,1118.1,6.29,0,0.0,0,0,0,0,0,1,46,0.996,0,217.1,1.32,-1.3,-2.0,1.32,1.2,1.12,177.8,0.0
2026-09-05,155,BW-101,Bramblewick Granola Clusters Honey 12oz,Granola,Hollybrook Foods,213.6,6.29,6.29,1343.76,6.29,0,0.0,0,0,0,0,0,0,45,0.974,0,185.6,1.32,-1.3,-2.0,1.32,1.2,1.12,213.6,0.0
2023-09-16,0,BW-101,Bramblewick Granola Clusters Honey 12oz,Granola,ThriftLane,890.3,4.29,4.29,3819.25,4.29,0,0.0,0,0,0,0,0,0,94,0.617,0,811.6,1.32,-1.3,-2.0,1.32,1.2,1.12,890.3,0.0
2023-09-23,1,BW-101,Bramblewick Granola Clusters Honey 12oz,Granola,ThriftLane,676.8,4.29,4.29,2903.53,4.29,0,0.0,0,0,0,0,0,0,95,0.623,0,715.1,1.32,-1.3,-2.0,1.32,1.2,1.12,676.8,0.0
2023-09-30,2,BW-101,Bramblewick Granola Clusters Honey 12oz,Granola,ThriftLane,658.0,4.29,4.29,2822.84,4.29,0,0.0,0,0,0,1,0,0,94,0.617,0,712.5,1.32,-1.3,-2.0,1.32,1.2,1.12,658.0,0.0
2023-10-07,3,BW-101,Bramblewick Granola Clusters Honey 12oz,Granola,ThriftLane,649.1,4.29,4.29,2784.55,4.29,0,0.0,0,0,0,1,0,0,94,0.617,0,717.7,1.32,-1.3,-2.0,1.32,1.2,1.12,649.1,0.0
2023-10-14,4,BW-101,Bramblewick Granola Clusters Honey 12oz,Granola,ThriftLane,587.9,4.29,4.29,2521.99,4.29,0,0.0,0,0,0,0,0,0,94,0.617,0,723.6,1.32,-1.3,-2.0,1.32,1.2,1.12,587.9,0.0
2023-10-21,5,BW-101,Bramblewick Granola Clusters Honey 12oz,Granola,ThriftLane,507.1,4.29,4.29,2175.34,4.29,0,0.0,0,0,0,1,1,0,93,0.61,0,722.6,1.32,-1.3,-2.0,1.32,1.2,1.12,507.1,0.0
2023-10-28,6,BW-101,Bramblewick Granola Clusters Honey 12oz,Granola,ThriftLane,472.4,4.29,3.86,1837.55,3.89,1,0.1,0,0,0,0,0,0,94,0.617,0,738.4,1.32,-1.3,-2.0,1.32,1.2,1.12,653.6,0.0
2023-11-04,7,BW-101,Bramblewick Granola Clusters Honey 12oz,Granola,ThriftLane,775.0,4.29,3.86,3053.63,3.94,1,0.1,0,0,0,1,0,0,94,0.617,0,747.7,1.32,-1.3,-2.0,1.32,1.2,1.12,653.6,121.5
2023-11-11,8,BW-101,Bramblewick Granola Clusters Honey 12oz,Granola,ThriftLane,629.3,4.29,4.29,2699.64,4.29,0,0.0,0,0,0,1,0,1,93,0.61,0,750.4,1.32,-1.3,-2.0,1.32,1.2,1.12,629.3,0.0
2023-11-18,9,BW-101,Bramblewick Granola Clusters Honey 12oz,Granola,ThriftLane,724.1,4.29,4.29,3106.31,4.29,0,0.0,0,0,0,1,1,0,94,0.617,0,911.7,1.32,-1.3,-2.0,1.32,1.2,1.12,724.1,0.0
2023-11-25,10,BW-101,Bramblewick Granola Clusters Honey 12oz,Granola,ThriftLane,2563.9,4.29,3.22,8537.8,3.33,1,0.25,1,1,0,0,0,0,93,0.61,0,986.4,1.32,-1.3,-2.0,1.32,1.2,1.12,653.6,1910.4
2023-12-02,11,BW-101,Bramblewick Granola Clusters Honey 12oz,Granola,ThriftLane,706.8,4.29,4.29,3032.05,4.29,0,0.0,0,0,0,0,0,1,93,0.61,0,790.5,1.32,-1.3,-2.0,1.32,1.2,1.12,706.8,0.0
2023-12-09,12,BW-101,Bramblewick Granola Clusters Honey 12oz,Granola,ThriftLane,658.8,4.29,4.29,2826.19,4.29,0,0.0,0,0,0,1,0,0,93,0.61,0,805.7,1.32,-1.3,-2.0,1.32,1.2,1.12,658.8,0.0
2023-12-16,13,BW-101,Bramblewick Granola Clusters Honey 12oz,Granola,ThriftLane,861.6,4.29,4.29,3696.16,4.29,0,0.0,0,0,0,1,0,0,98,0.643,0,987.4,1.32,-1.3,-2.0,1.32,1.2,1.12,861.6,0.0
2023-12-23,14,BW-101,Bramblewick Granola Clusters Honey 12oz,Granola,ThriftLane,1003.8,4.29,4.29,4306.2,4.29,0,0.0,0,0,0,1,1,0,99,0.65,0,1198.0,1.32,-1.3,-2.0,1.32,1.2,1.12,1003.8,0.0
2023-12-30,15,BW-101,Bramblewick Granola Clusters Honey 12oz,Granola,ThriftLane,1282.0,4.29,3.65,4717.92,3.68,1,0.15,0,0,0,0,0,0,98,0.643,0,1056.8,1.32,-1.3,-2.0,1.32,1.2,1.12,682.8,599.2
2024-01-06,16,BW-101,Bramblewick Granola Clusters Honey 12oz,Granola,ThriftLane,2057.8,4.29,3.65,7819.45,3.8,1,0.15,0,0,0,0,0,0,98,0.643,0,1227.0,1.32,-1.3,-2.0,1.32,1.2,1.12,682.8,1375.0
2024-01-13,17,BW-101,Bramblewick Granola Clusters Honey 12oz,Granola,ThriftLane,1141.7,4.29,4.29,4898.06,4.29,0,0.0,0,0,0,1,0,1,99,0.65,0,1253.7,1.32,-1.3,-2.0,1.32,1.2,1.12,1141.7,0.0
2024-01-20,18,BW-101,Bramblewick Granola Clusters Honey 12oz,Granola,ThriftLane,784.5,4.29,4.29,3365.31,4.29,0,0.0,0,0,0,1,0,0,99,0.65,0,936.0,1.32,-1.3,-2.0,1.32,1.2,1.12,784.5,0.0
2024-01-27,19,BW-101,Bramblewick Granola Clusters Honey 12oz,Granola,ThriftLane,1139.9,4.29,4.29,4890.14,4.29,0,0.0,0,0,0,0,1,0,99,0.65,0,939.2,1.32,-1.3,-2.0,1.32,1.2,1.12,1139.9,0.0
2024-02-03,20,BW-101,Bramblewick Granola Clusters Honey 12oz,Granola,ThriftLane,1780.0,4.29,3.65,6657.03,3.74,1,0.15,0,0,0,1,0,0,97,0.636,0,919.2,1.32,-1.3,-2.0,1.32,1.2,1.12,823.0,957.0
2024-02-10,21,BW-101,Bramblewick Granola Clusters Honey 12oz,Granola,ThriftLane,970.1,4.29,4.29,4161.79,4.29,0,0.0,0,0,0,0,0,1,97,0.636,0,913.7,1.32,-1.3,-2.0,1.32,1.2,1.12,970.1,0.0
2024-02-17,22,BW-101,Bramblewick Granola Clusters Honey 12oz,Granola,ThriftLane,1047.9,4.29,4.29,4495.53,4.29,0,0.0,0,0,0,0,0,0,99,0.65,0,922.4,1.32,-1.3,-2.0,1.32,1.2,1.12,1047.9,0.0
2024-02-24,23,BW-101,Bramblewick Granola Clusters Honey 12oz,Granola,ThriftLane,840.2,4.29,4.29,3604.53,4.29,0,0.0,0,0,0,0,0,0,98,0.643,0,899.0,1.32,-1.3,-2.0,1.32,1.2,1.12,840.2,0.0
2024-03-02,24,BW-101,Bramblewick Granola Clusters Honey 12oz,Granola,ThriftLane,857.0,4.29,4.29,3676.42,4.29,0,0.0,0,0,0,0,0,0,99,0.65,0,890.2,1.32,-1.3,-2.0,1.32,1.2,1.12,857.0,0.0
2024-03-09,25,BW-101,Bramblewick Granola Clusters Honey 12oz,Granola,ThriftLane,713.5,4.29,4.29,3060.92,4.29,0,0.0,0,0,0,0,0,0,97,0.636,0,851.7,1.32,-1.3,-2.0,1.32,1.2,1.12,713.5,0.0
2024-03-16,26,BW-101,Bramblewick Granola Clusters Honey 12oz,Granola,ThriftLane,821.7,4.29,4.29,3525.25,4.29,0,0.0,0,0,0,0,0,0,101,0.663,0,863.3,1.32,-1.3,-2.0,1.32,1.2,1.12,821.7,0.0
2024-03-23,27,BW-101,Bramblewick Granola Clusters Honey 12oz,Granola,ThriftLane,948.7,4.29,4.29,4069.75,4.29,0,0.0,0,0,0,0,0,0,103,0.676,0,855.0,1.32,-1.3,-2.0,1.32,1.2,1.12,948.7,0.0
2024-03-30,28,BW-101,Bramblewick Granola Clusters Honey 12oz,Granola,ThriftLane,688.6,4.29,4.29,2954.1,4.29,0,0.0,0,0,0,1,0,0,102,0.669,0,821.2,1.32,-1.3,-2.0,1.32,1.2,1.12,688.6,0.0
2024-04-06,29,BW-101,Bramblewick Granola Clusters Honey 12oz,Granola,ThriftLane,575.0,4.29,4.29,2466.84,4.29,0,0.0,0,0,0,1,0,0,101,0.663,0,788.3,1.32,-1.3,-2.0,1.32,1.2,1.12,575.0,0.0
2024-04-13,30,BW-101,Bramblewick Granola Clusters Honey 12oz,Granola,ThriftLane,909.0,4.29,4.29,3899.5,4.29,0,0.0,0,0,0,0,0,0,101,0.663,0,764.6,1.32,-1.3,-2.0,1.32,1.2,1.12,909.0,0.0
2024-04-20,31,BW-101,Bramblewick Granola Clusters Honey 12oz,Granola,ThriftLane,816.9,4.29,4.29,3504.29,4.29,0,0.0,0,0,0,1,0,0,102,0.669,0,750.1,1.32,-1.3,-2.0,1.32,1.2,1.12,816.9,0.0
2024-04-27,32,BW-101,Bramblewick Granola Clusters Honey 12oz,Granola,ThriftLane,726.5,4.29,4.29,3116.63,4.29,0,0.0,0,0,0,1,1,0,102,0.669,0,730.4,1.32,-1.3,-2.0,1.32,1.2,1.12,726.5,0.0
2024-05-04,33,BW-101,Bramblewick Granola Clusters Honey 12oz,Granola,ThriftLane,1613.4,4.29,3.22,5372.73,3.33,1,0.25,1,1,0,1,0,0,102,0.669,0,713.3,1.32,-1.3,-2.0,1.32,1.2,1.12,771.7,841.7
2024-05-11,34,BW-101,Bramblewick Granola Clusters Honey 12oz,Granola,ThriftLane,717.1,4.29,4.29,3076.56,4.29,0,0.0,0,0,0,0,0,1,103,0.676,0,706.2,1.32,-1.3,-2.0,1.32,1.2,1.12,717.1,0.0
2024-05-18,35,BW-101,Bramblewick Granola Clusters Honey 12oz,Granola,ThriftLane,613.7,4.29,4.29,2632.9,4.29,0,0.0,0,0,0,0,1,0,101,0.663,0,702.3,1.32,-1.3,-2.0,1.32,1.2,1.12,613.7,0.0
2024-05-25,36,BW-101,Bramblewick Granola Clusters Honey 12oz,Granola,ThriftLane,1837.1,4.49,3.59,6962.58,3.79,1,0.2,1,1,1,1,0,0,103,0.676,0,677.4,1.32,-1.3,-2.0,1.32,1.2,1.12,721.8,1115.3
2024-06-01,37,BW-101,Bramblewick Granola Clusters Honey 12oz,Granola,ThriftLane,561.2,4.49,4.49,2519.95,4.49,0,0.0,0,0,0,1,0,1,102,0.669,0,636.8,1.32,-1.3,-2.0,1.32,1.2,1.12,561.2,0.0
2024-06-08,38,BW-101,Bramblewick Granola Clusters Honey 12oz,Granola,ThriftLane,742.0,4.49,4.49,3331.74,4.49,0,0.0,0,0,0,0,0,0,101,0.663,0,628.7,1.32,-1.3,-2.0,1.32,1.2,1.12,742.0,0.0
2024-06-15,39,BW-101,Bramblewick Granola Clusters Honey 12oz,Granola,ThriftLane,615.0,4.49,4.49,2761.13,4.49,0,0.0,0,0,0,0,0,0,106,0.695,0,660.5,1.32,-1.3,-2.0,1.32,1.2,1.12,615.0,0.0
2024-06-22,40,BW-101,Bramblewick Granola Clusters Honey 12oz,Granola,ThriftLane,642.9,4.49,4.49,2886.51,4.49,0,0.0,0,0,0,0,0,0,107,0.702,0,669.8,1.32,-1.3,-2.0,1.32,1.2,1.12,642.9,0.0
2024-06-29,41,BW-101,Bramblewick Granola Clusters Honey 12oz,Granola,ThriftLane,535.6,4.49,4.49,2405.02,4.49,0,0.0,0,0,0,1,0,0,106,0.695,0,701.4,1.32,-1.3,-2.0,1.32,1.2,1.12,535.6,0.0
2024-07-06,42,BW-101,Bramblewick Granola Clusters Honey 12oz,Granola,ThriftLane,733.1,4.49,4.49,3291.64,4.49,0,0.0,0,0,0,0,0,0,107,0.702,0,734.5,1.32,-1.3,-2.0,1.32,1.2,1.12,733.1,0.0
2024-07-13,43,BW-101,Bramblewick Granola Clusters Honey 12oz,Granola,ThriftLane,543.3,4.49,4.49,2439.53,4.49,0,0.0,0,0,0,1,0,0,107,0.702,0,689.2,1.32,-1.3,-2.0,1.32,1.2,1.12,543.3,0.0
2024-07-20,44,BW-101,Bramblewick Granola Clusters Honey 12oz,Granola,ThriftLane,658.9,4.49,4.49,2958.52,4.49,0,0.0,0,0,0,0,0,0,107,0.702,0,697.8,1.32,-1.3,-2.0,1.32,1.2,1.12,658.9,0.0
2024-07-27,45,BW-101,Bramblewick Granola Clusters Honey 12oz,Granola,ThriftLane,766.4,4.49,4.49,3441.01,4.49,0,0.0,0,0,0,0,0,0,107,0.702,0,706.7,1.32,-1.3,-2.0,1.32,1.2,1.12,766.4,0.0
2024-08-03,46,BW-101,Bramblewick Granola Clusters Honey 12oz,Granola,ThriftLane,627.2,4.49,4.49,2816.23,4.49,0,0.0,0,0,0,1,0,0,107,0.702,0,715.6,1.32,-1.3,-2.0,1.32,1.2,1.12,627.2,0.0
2024-08-10,47,BW-101,Bramblewick Granola Clusters Honey 12oz,Granola,ThriftLane,718.3,4.49,4.49,3225.07,4.49,0,0.0,0,0,0,0,0,0,105,0.689,0,710.7,1.32,-1.3,-2.0,1.32,1.2,1.12,718.3,0.0
2024-08-17,48,BW-101,Bramblewick Granola Clusters Honey 12oz,Granola,ThriftLane,723.2,4.49,4.49,3247.19,4.49,0,0.0,0,0,0,0,1,0,107,0.702,0,732.3,1.32,-1.3,-2.0,1.32,1.2,1.12,723.2,0.0
2024-08-24,49,BW-101,Bramblewick Granola Clusters Honey 12oz,Granola,ThriftLane,1177.0,4.49,4.04,4849.29,4.12,1,0.1,0,0,0,0,0,0,107,0.702,0,854.2,1.32,-1.3,-2.0,1.32,1.2,1.12,688.6,488.4
2024-08-31,50,BW-101,Bramblewick Granola Clusters Honey 12oz,Granola,ThriftLane,819.6,4.49,4.49,3680.19,4.49,0,0.0,0,0,0,1,0,1,107,0.702,0,861.9,1.32,-1.3,-2.0,1.32,1.2,1.12,819.6,0.0
2024-09-07,51,BW-101,Bramblewick Granola Clusters Honey 12oz,Granola,ThriftLane,575.4,4.49,4.49,2583.61,4.49,0,0.0,0,0,0,1,0,0,106,0.695,0,745.3,1.32,-1.3,-2.0,1.32,1.2,1.12,575.4,0.0
2024-09-14,52,BW-101,Bramblewick Granola Clusters Honey 12oz,Granola,ThriftLane,644.9,4.49,4.49,2895.67,4.49,0,0.0,0,0,0,0,0,0,109,0.715,0,772.0,1.32,-1.3,-2.0,1.32,1.2,1.12,644.9,0.0
2024-09-21,53,BW-101,Bramblewick Granola Clusters Honey 12oz,Granola,ThriftLane,835.8,4.49,4.49,3752.78,4.49,0,0.0,0,0,0,0,0,0,111,0.728,0,791.6,1.32,-1.3,-2.0,1.32,1.2,1.12,835.8,0.0
2024-09-28,54,BW-101,Bramblewick Granola Clusters Honey 12oz,Granola,ThriftLane,858.4,4.49,4.49,3854.21,4.49,0,0.0,0,0,0,0,0,0,111,0.728,0,797.1,1.32,-1.3,-2.0,1.32,1.2,1.12,858.4,0.0
2024-10-05,55,BW-101,Bramblewick Granola Clusters Honey 12oz,Granola,ThriftLane,814.3,4.49,4.49,3656.27,4.49,0,0.0,0,0,0,1,0,0,110,0.722,0,795.7,1.32,-1.3,-2.0,1.32,1.2,1.12,814.3,0.0
2024-10-12,56,BW-101,Bramblewick Granola Clusters Honey 12oz,Granola,ThriftLane,880.5,4.49,4.49,3953.22,4.49,0,0.0,0,0,0,0,0,0,111,0.728,0,809.5,1.32,-1.3,-2.0,1.32,1.2,1.12,880.5,0.0
2024-10-19,57,BW-101,Bramblewick Granola Clusters Honey 12oz,Granola,ThriftLane,986.6,4.49,4.49,4429.81,4.49,0,0.0,0,0,0,0,0,0,111,0.728,0,817.1,1.32,-1.3,-2.0,1.32,1.2,1.12,986.6,0.0
2024-10-26,58,BW-101,Bramblewick Granola Clusters Honey 12oz,Granola,ThriftLane,864.1,4.49,4.49,3879.65,4.49,0,0.0,0,0,0,0,0,0,110,0.722,0,818.6,1.32,-1.3,-2.0,1.32,1.2,1.12,864.1,0.0
2024-11-02,59,BW-101,Bramblewick Granola Clusters Honey 12oz,Granola,ThriftLane,678.5,4.49,4.49,3046.35,4.49,0,0.0,0,0,0,1,0,0,110,0.722,0,829.0,1.32,-1.3,-2.0,1.32,1.2,1.12,678.5,0.0
2024-11-09,60,BW-101,Bramblewick Granola Clusters Honey 12oz,Granola,ThriftLane,832.1,4.49,4.49,3736.05,4.49,0,0.0,0,0,0,1,0,0,111,0.728,0,848.6,1.32,-1.3,-2.0,1.32,1.2,1.12,832.1,0.0
2024-11-16,61,BW-101,Bramblewick Granola Clusters Honey 12oz,Granola,ThriftLane,741.6,4.49,4.49,3329.94,4.49,0,0.0,0,0,0,0,1,0,110,0.722,0,854.5,1.32,-1.3,-2.0,1.32,1.2,1.12,741.6,0.0
2024-11-23,62,BW-101,Bramblewick Granola Clusters Honey 12oz,Granola,ThriftLane,1274.8,4.49,3.82,5010.13,3.93,1,0.15,0,0,0,0,0,0,109,0.715,0,1019.2,1.32,-1.3,-2.0,1.32,1.2,1.12,845.2,429.6
2024-11-30,63,BW-101,Bramblewick Granola Clusters Honey 12oz,Granola,ThriftLane,1627.5,4.49,3.82,6298.41,3.87,1,0.15,0,0,0,1,0,0,109,0.715,0,1115.8,1.32,-1.3,-2.0,1.32,1.2,1.12,845.2,782.2
2024-12-07,64,BW-101,Bramblewick Granola Clusters Honey 12oz,Granola,ThriftLane,814.3,4.49,4.49,3656.39,4.49,0,0.0,0,0,0,0,0,1,110,0.722,0,902.8,1.32,-1.3,-2.0,1.32,1.2,1.12,814.3,0.0
2024-12-14,65,BW-101,Bramblewick Granola Clusters Honey 12oz,Granola,ThriftLane,1192.9,4.49,4.49,5356.0,4.49,0,0.0,0,0,0,0,0,0,113,0.741,0,1078.6,1.32,-1.3,-2.0,1.32,1.2,1.12,1192.9,0.0
2024-12-21,66,BW-101,Bramblewick Granola Clusters Honey 12oz,Granola,ThriftLane,1110.7,4.49,4.49,4987.09,4.49,0,0.0,0,0,0,1,0,0,115,0.755,0,1318.4,1.32,-1.3,-2.0,1.32,1.2,1.12,1110.7,0.0
2024-12-28,67,BW-101,Bramblewick Granola Clusters Honey 12oz,Granola,ThriftLane,1251.0,4.49,4.49,5617.03,4.49,0,0.0,0,0,0,1,0,0,114,0.748,0,1164.6,1.32,-1.3,-2.0,1.32,1.2,1.12,1251.0,0.0
2025-01-04,68,BW-101,Bramblewick Granola Clusters Honey 12oz,Granola,ThriftLane,1060.6,4.49,4.49,4762.02,4.49,0,0.0,0,0,0,1,0,0,114,0.748,0,1352.3,1.32,-1.3,-2.0,1.32,1.2,1.12,1060.6,0.0
2025-01-11,69,BW-101,Bramblewick Granola Clusters Honey 12oz,Granola,ThriftLane,1475.2,4.49,4.49,6623.66,4.49,0,0.0,0,0,0,0,0,0,114,0.748,0,1367.7,1.32,-1.3,-2.0,1.32,1.2,1.12,1475.2,0.0
2025-01-18,70,BW-101,Bramblewick Granola Clusters Honey 12oz,Granola,ThriftLane,851.9,4.49,4.49,3824.81,4.49,0,0.0,0,0,0,1,0,0,114,0.748,0,1021.1,1.32,-1.3,-2.0,1.32,1.2,1.12,851.9,0.0
2025-01-25,71,BW-101,Bramblewick Granola Clusters Honey 12oz,Granola,ThriftLane,1195.2,4.49,4.49,5366.32,4.49,0,0.0,0,0,0,0,0,0,114,0.748,0,1024.6,1.32,-1.3,-2.0,1.32,1.2,1.12,1195.2,0.0
2025-02-01,72,BW-101,Bramblewick Granola Clusters Honey 12oz,Granola,ThriftLane,950.1,4.49,4.49,4265.94,4.49,0,0.0,0,0,0,0,0,0,113,0.741,0,1014.5,1.32,-1.3,-2.0,1.32,1.2,1.12,950.1,0.0
2025-02-08,73,BW-101,Bramblewick Granola Clusters Honey 12oz,Granola,ThriftLane,1069.9,4.49,4.49,4803.9,4.49,0,0.0,0,0,0,0,1,0,115,0.755,0,1026.2,1.32,-1.3,-2.0,1.32,1.2,1.12,1069.9,0.0
2025-02-15,74,BW-101,Bramblewick Granola Clusters Honey 12oz,Granola,ThriftLane,881.1,4.49,3.82,3383.42,3.84,1,0.15,0,0,0,1,0,0,113,0.741,0,997.5,1.32,-1.3,-2.0,1.32,1.2,1.12,1090.3,0.0
2025-02-22,75,BW-101,Bramblewick Granola Clusters Honey 12oz,Granola,ThriftLane,847.8,4.49,4.49,3806.77,4.49,0,0.0,0,0,0,0,0,1,114,0.748,0,990.7,1.32,-1.3,-2.0,1.32,1.2,1.12,847.8,0.0
2025-03-01,76,BW-101,Bramblewick Granola Clusters Honey 12oz,Granola,ThriftLane,1153.4,4.49,4.49,5178.99,4.49,0,0.0,0,0,0,0,0,0,113,0.741,0,962.6,1.32,-1.3,-2.0,1.32,1.2,1.12,1153.4,0.0
2025-03-08,77,BW-101,Bramblewick Granola Clusters Honey 12oz,Granola,ThriftLane,936.7,4.49,4.49,4205.71,4.49,0,0.0,0,0,0,0,1,0,115,0.755,0,956.6,1.32,-1.3,-2.0,1.32,1.2,1.12,936.7,0.0
2025-03-15,78,BW-101,Bramblewick Granola Clusters Honey 12oz,Granola,ThriftLane,981.6,4.49,3.59,3602.47,3.67,1,0.2,0,1,1,0,0,0,120,0.787,0,971.7,1.32,-1.3,-2.0,1.32,1.2,1.12,1010.0,0.0
2025-03-22,79,BW-101,Bramblewick Granola Clusters Honey 12oz,Granola,ThriftLane,1067.2,4.49,3.59,3884.77,3.64,1,0.2,0,1,1,0,0,0,120,0.787,0,943.7,1.32,-1.3,-2.0,1.32,1.2,1.12,1010.0,57.2
2025-03-29,80,BW-101,Bramblewick Granola Clusters Honey 12oz,Granola,ThriftLane,968.1,4.49,4.49,4346.91,4.49,0,0.0,0,0,0,1,0,1,119,0.781,0,907.6,1.32,-1.3,-2.0,1.32,1.2,1.12,968.1,0.0
2025-04-05,81,BW-101,Bramblewick Granola Clusters Honey 12oz,Granola,ThriftLane,785.0,4.49,4.49,3524.43,4.49,0,0.0,0,0,0,0,0,0,120,0.787,0,887.3,1.32,-1.3,-2.0,1.32,1.2,1.12,785.0,0.0
2025-04-12,82,BW-101,Bramblewick Granola Clusters Honey 12oz,Granola,ThriftLane,804.4,4.49,4.49,3611.86,4.49,0,0.0,0,0,0,0,1,0,118,0.774,0,846.3,1.32,-1.3,-2.0,1.32,1.2,1.12,804.4,0.0
2025-04-19,83,BW-101,Bramblewick Granola Clusters Honey 12oz,Granola,ThriftLane,950.8,4.49,4.04,3879.29,4.08,1,0.1,0,0,0,0,0,0,118,0.774,0,822.1,1.32,-1.3,-2.0,1.32,1.2,1.12,943.4,7.4
2025-04-26,84,BW-101,Bramblewick Granola Clusters Honey 12oz,Granola,ThriftLane,817.5,4.49,4.49,3670.77,4.49,0,0.0,0,0,0,0,0,1,120,0.787,0,814.0,1.32,-1.3,-2.0,1.32,1.2,1.12,817.5,0.0
2025-05-03,85,BW-101,Bramblewick Granola Clusters Honey 12oz,Granola,ThriftLane,728.7,4.49,4.49,3271.8,4.49,0,0.0,0,0,0,0,0,0,119,0.781,0,788.4,1.32,-1.3,-2.0,1.32,1.2,1.12,728.7,0.0
2025-05-10,86,BW-101,Bramblewick Granola Clusters Honey 12oz,Granola,ThriftLane,623.8,4.49,4.49,2800.99,4.49,0,0.0,0,0,0,0,1,0,119,0.781,0,772.9,1.32,-1.3,-2.0,1.32,1.2,1.12,623.8,0.0
2025-05-17,87,BW-101,Bramblewick Granola Clusters Honey 12oz,Granola,ThriftLane,840.3,4.49,3.82,3319.08,3.95,1,0.15,0,0,0,1,0,0,118,0.774,0,754.4,1.32,-1.3,-2.0,1.32,1.2,1.12,811.0,29.3
2025-05-24,88,BW-101,Bramblewick Granola Clusters Honey 12oz,Granola,ThriftLane,768.3,4.49,4.49,3449.85,4.49,0,0.0,0,0,0,0,0,1,118,0.774,0,768.5,1.32,-1.3,-2.0,1.32,1.2,1.12,768.3,0.0
2025-05-31,89,BW-101,Bramblewick Granola Clusters Honey 12oz,Granola,ThriftLane,669.3,4.49,4.49,3005.28,4.49,0,0.0,0,0,0,1,1,0,118,0.774,0,774.6,1.32,-1.3,-2.0,1.32,1.2,1.12,669.3,0.0
2025-06-07,90,BW-101,Bramblewick Granola Clusters Honey 12oz,Granola,ThriftLane,2080.4,4.49,3.59,7655.91,3.68,1,0.2,1,1,0,0,0,0,119,0.781,0,744.6,1.32,-1.3,-2.0,1.32,1.2,1.12,776.6,1303.8
2025-06-14,91,BW-101,Bramblewick Granola Clusters Honey 12oz,Granola,ThriftLane,595.1,4.49,4.49,2671.93,4.49,0,0.0,0,0,0,0,0,1,122,0.8,0,764.2,1.32,-1.3,-2.0,1.32,1.2,1.12,595.1,0.0
2025-06-21,92,BW-101,Bramblewick Granola Clusters Honey 12oz,Granola,ThriftLane,694.4,4.49,4.49,3118.03,4.49,0,0.0,0,0,0,0,0,0,122,0.8,0,767.7,1.32,-1.3,-2.0,1.32,1.2,1.12,694.4,0.0
2025-06-28,93,BW-101,Bramblewick Granola Clusters Honey 12oz,Granola,ThriftLane,763.6,4.49,4.49,3428.5,4.49,0,0.0,0,0,0,0,0,0,122,0.8,0,811.4,1.32,-1.3,-2.0,1.32,1.2,1.12,763.6,0.0
2025-07-05,94,BW-101,Bramblewick Granola Clusters Honey 12oz,Granola,ThriftLane,820.0,4.49,4.49,3681.73,4.49,0,0.0,0,0,0,1,0,0,123,0.807,0,848.7,1.32,-1.3,-2.0,1.32,1.2,1.12,820.0,0.0
2025-07-12,95,BW-101,Bramblewick Granola Clusters Honey 12oz,Granola,ThriftLane,809.2,4.49,4.49,3633.48,4.49,0,0.0,0,0,0,0,1,0,124,0.814,0,802.8,1.32,-1.3,-2.0,1.32,1.2,1.12,809.2,0.0
2025-07-19,96,BW-101,Bramblewick Granola Clusters Honey 12oz,Granola,ThriftLane,1001.7,4.79,4.07,4237.33,4.23,1,0.15,0,0,0,1,0,0,123,0.807,0,741.2,1.32,-1.3,-2.0,1.32,1.2,1.12,729.0,272.7
2025-07-26,97,BW-101,Bramblewick Granola Clusters Honey 12oz,Granola,ThriftLane,554.0,4.79,4.79,2653.66,4.79,0,0.0,0,0,0,1,0,1,124,0.814,0,756.8,1.32,-1.3,-2.0,1.32,1.2,1.12,554.0,0.0
2025-08-02,98,BW-101,Bramblewick Granola Clusters Honey 12oz,Granola,ThriftLane,769.8,4.79,4.79,3687.1,4.79,0,0.0,0,0,0,0,0,0,122,0.8,0,754.0,1.32,-1.3,-2.0,1.32,1.2,1.12,769.8,0.0
2025-08-09,99,BW-101,Bramblewick Granola Clusters Honey 12oz,Granola,ThriftLane,723.8,4.79,4.79,3466.86,4.79,0,0.0,0,0,0,0,0,0,122,0.8,0,763.1,1.32,-1.3,-2.0,1.32,1.2,1.12,723.8,0.0
2025-08-16,100,BW-101,Bramblewick Granola Clusters Honey 12oz,Granola,ThriftLane,724.8,4.79,4.79,3471.87,4.79,0,0.0,0,0,0,1,1,0,123,0.807,0,777.9,1.32,-1.3,-2.0,1.32,1.2,1.12,724.8,0.0
2025-08-23,101,BW-101,Bramblewick Granola Clusters Honey 12oz,Granola,ThriftLane,2497.9,4.79,3.59,9317.0,3.73,1,0.25,0,1,0,1,0,0,124,0.814,0,914.9,1.32,-1.3,-2.0,1.32,1.2,1.12,744.2,1753.7
2025-08-30,102,BW-101,Bramblewick Granola Clusters Honey 12oz,Granola,ThriftLane,855.7,4.79,4.79,4098.64,4.79,0,0.0,0,0,0,0,0,1,122,0.8,0,908.2,1.32,-1.3,-2.0,1.32,1.2,1.12,855.7,0.0
2025-09-06,103,BW-101,Bramblewick Granola Clusters Honey 12oz,Granola,ThriftLane,706.0,4.79,4.79,3381.63,4.79,0,0.0,0,0,0,0,0,0,123,0.807,0,799.2,1.32,-1.3,-2.0,1.32,1.2,1.12,706.0,0.0
2025-09-13,104,BW-101,Bramblewick Granola Clusters Honey 12oz,Granola,ThriftLane,445.7,4.79,4.79,2135.06,4.79,0,0.0,0,0,0,1,0,0,126,0.827,1,824.7,1.32,-1.3,-2.0,1.32,1.2,1.12,445.7,0.0
2025-09-20,105,BW-101,Bramblewick Granola Clusters Honey 12oz,Granola,ThriftLane,796.4,4.79,4.79,3814.68,4.79,0,0.0,0,0,0,1,0,0,128,0.84,0,843.6,1.32,-1.3,-2.0,1.32,1.2,1.12,796.4,0.0
2025-09-27,106,BW-101,Bramblewick Granola Clusters Honey 12oz,Granola,ThriftLane,901.5,4.79,4.79,4317.97,4.79,0,0.0,0,0,0,0,0,0,128,0.84,0,849.4,1.32,-1.3,-2.0,1.32,1.2,1.12,901.5,0.0
2025-10-04,107,BW-101,Bramblewick Granola Clusters Honey 12oz,Granola,ThriftLane,866.7,4.79,4.79,4151.73,4.79,0,0.0,0,0,0,0,0,0,128,0.84,0,855.7,1.32,-1.3,-2.0,1.32,1.2,1.12,866.7,0.0
2025-10-11,108,BW-101,Bramblewick Granola Clusters Honey 12oz,Granola,ThriftLane,767.9,4.79,4.79,3678.21,4.79,0,0.0,0,0,0,1,0,0,127,0.833,0,855.9,1.32,-1.3,-2.0,1.32,1.2,1.12,767.9,0.0
2025-10-18,109,BW-101,Bramblewick Granola Clusters Honey 12oz,Granola,ThriftLane,880.1,4.79,4.79,4215.45,4.79,0,0.0,0,0,0,0,0,0,128,0.84,0,870.8,1.32,-1.3,-2.0,1.32,1.2,1.12,880.1,0.0
2025-10-25,110,BW-101,Bramblewick Granola Clusters Honey 12oz,Granola,ThriftLane,906.5,4.79,4.79,4341.98,4.79,0,0.0,0,0,0,0,0,0,128,0.84,0,880.3,1.32,-1.3,-2.0,1.32,1.2,1.12,906.5,0.0
2025-11-01,111,BW-101,Bramblewick Granola Clusters Honey 12oz,Granola,ThriftLane,743.8,4.79,4.79,3562.69,4.79,0,0.0,0,0,0,0,0,0,126,0.827,0,877.5,1.32,-1.3,-2.0,1.32,1.2,1.12,743.8,0.0
2025-11-08,112,BW-101,Bramblewick Granola Clusters Honey 12oz,Granola,ThriftLane,730.0,4.79,4.79,3496.68,4.79,0,0.0,0,0,0,1,0,0,127,0.833,0,897.2,1.32,-1.3,-2.0,1.32,1.2,1.12,730.0,0.0
2025-11-15,113,BW-101,Bramblewick Granola Clusters Honey 12oz,Granola,ThriftLane,896.0,4.79,4.79,4291.94,4.79,0,0.0,0,0,0,0,0,0,126,0.827,0,904.5,1.32,-1.3,-2.0,1.32,1.2,1.12,896.0,0.0
2025-11-22,114,BW-101,Bramblewick Granola Clusters Honey 12oz,Granola,ThriftLane,982.2,4.79,4.79,4704.94,4.79,0,0.0,0,0,0,1,0,0,127,0.833,0,1097.4,1.32,-1.3,-2.0,1.32,1.2,1.12,982.2,0.0
2025-11-29,115,BW-101,Bramblewick Granola Clusters Honey 12oz,Granola,ThriftLane,1072.6,4.79,4.79,5137.89,4.79,0,0.0,0,0,0,1,0,0,126,0.827,0,1191.9,1.32,-1.3,-2.0,1.32,1.2,1.12,1072.6,0.0
2025-12-06,116,BW-101,Bramblewick Granola Clusters Honey 12oz,Granola,ThriftLane,1010.9,4.79,4.79,4842.07,4.79,0,0.0,0,0,0,0,0,0,127,0.833,0,963.3,1.32,-1.3,-2.0,1.32,1.2,1.12,1010.9,0.0
2025-12-13,117,BW-101,Bramblewick Granola Clusters Honey 12oz,Granola,ThriftLane,945.3,4.79,4.79,4528.19,4.79,0,0.0,0,0,0,0,0,0,131,0.859,0,1155.5,1.32,-1.3,-2.0,1.32,1.2,1.12,945.3,0.0
2025-12-20,118,BW-101,Bramblewick Granola Clusters Honey 12oz,Granola,ThriftLane,1089.9,4.79,4.79,5220.79,4.79,0,0.0,0,0,0,1,0,0,130,0.853,0,1377.3,1.32,-1.3,-2.0,1.32,1.2,1.12,1089.9,0.0
2025-12-27,119,BW-101,Bramblewick Granola Clusters Honey 12oz,Granola,ThriftLane,978.5,4.79,4.79,4687.13,4.79,0,0.0,0,0,0,1,1,0,132,0.866,0,1246.2,1.32,-1.3,-2.0,1.32,1.2,1.12,978.5,0.0
2026-01-03,120,BW-101,Bramblewick Granola Clusters Honey 12oz,Granola,ThriftLane,2727.8,4.79,3.83,10911.19,4.0,1,0.2,0,1,0,1,0,0,130,0.853,0,1425.1,1.32,-1.3,-2.0,1.32,1.2,1.12,980.4,1747.5
2026-01-10,121,BW-101,Bramblewick Granola Clusters Honey 12oz,Granola,ThriftLane,2676.2,4.79,3.83,10517.59,3.93,1,0.2,0,1,0,0,0,0,132,0.866,0,1463.5,1.32,-1.3,-2.0,1.32,1.2,1.12,980.4,1695.8
2026-01-17,122,BW-101,Bramblewick Granola Clusters Honey 12oz,Granola,ThriftLane,1265.7,4.79,4.79,6062.65,4.79,0,0.0,0,0,0,0,0,1,132,0.866,0,1092.6,1.32,-1.3,-2.0,1.32,1.2,1.12,1265.7,0.0
2026-01-24,123,BW-101,Bramblewick Granola Clusters Honey 12oz,Granola,ThriftLane,925.8,4.79,4.79,4434.61,4.79,0,0.0,0,0,0,1,0,0,132,0.866,0,1096.4,1.32,-1.3,-2.0,1.32,1.2,1.12,925.8,0.0
2026-01-31,124,BW-101,Bramblewick Granola Clusters Honey 12oz,Granola,ThriftLane,901.3,4.79,4.79,4317.22,4.79,0,0.0,0,0,0,1,1,0,132,0.866,0,1095.1,1.32,-1.3,-2.0,1.32,1.2,1.12,901.3,0.0
2026-02-07,125,BW-101,Bramblewick Granola Clusters Honey 12oz,Granola,ThriftLane,1065.8,4.79,4.31,4615.11,4.33,1,0.1,0,0,0,0,0,0,130,0.853,0,1072.1,1.32,-1.3,-2.0,1.32,1.2,1.12,994.7,71.1
2026-02-14,126,BW-101,Bramblewick Granola Clusters Honey 12oz,Granola,ThriftLane,1694.6,4.79,4.31,7473.24,4.41,1,0.1,0,0,0,0,0,0,130,0.853,0,1060.5,1.32,-1.3,-2.0,1.32,1.2,1.12,994.7,699.9
2026-02-21,127,BW-101,Bramblewick Granola Clusters Honey 12oz,Granola,ThriftLane,995.7,4.79,4.79,4769.33,4.79,0,0.0,0,0,0,0,0,1,132,0.866,0,1060.1,1.32,-1.3,-2.0,1.32,1.2,1.12,995.7,0.0
2026-02-28,128,BW-101,Bramblewick Granola Clusters Honey 12oz,Granola,ThriftLane,1026.9,4.79,4.79,4918.96,4.79,0,0.0,0,0,0,0,0,0,132,0.866,0,1039.2,1.32,-1.3,-2.0,1.32,1.2,1.12,1026.9,0.0
2026-03-07,129,BW-101,Bramblewick Granola Clusters Honey 12oz,Granola,ThriftLane,819.6,4.79,4.79,3925.89,4.79,0,0.0,0,0,0,1,0,0,130,0.853,0,999.4,1.32,-1.3,-2.0,1.32,1.2,1.12,819.6,0.0
2026-03-14,130,BW-101,Bramblewick Granola Clusters Honey 12oz,Granola,ThriftLane,905.0,4.79,4.79,4334.86,4.79,0,0.0,0,0,0,1,0,0,136,0.892,0,1017.7,1.32,-1.3,-2.0,1.32,1.2,1.12,905.0,0.0
2026-03-21,131,BW-101,Bramblewick Granola Clusters Honey 12oz,Granola,ThriftLane,937.7,4.79,4.79,4491.41,4.79,0,0.0,0,0,0,0,0,0,134,0.879,0,973.9,1.32,-1.3,-2.0,1.32,1.2,1.12,937.7,0.0
2026-03-28,132,BW-101,Bramblewick Granola Clusters Honey 12oz,Granola,ThriftLane,1097.3,4.79,4.79,5256.26,4.79,0,0.0,0,0,0,0,0,0,136,0.892,0,958.6,1.32,-1.3,-2.0,1.32,1.2,1.12,1097.3,0.0
2026-04-04,133,BW-101,Bramblewick Granola Clusters Honey 12oz,Granola,ThriftLane,838.2,4.79,4.79,4014.99,4.79,0,0.0,0,0,0,0,0,0,134,0.879,0,915.6,1.32,-1.3,-2.0,1.32,1.2,1.12,838.2,0.0
2026-04-11,134,BW-101,Bramblewick Granola Clusters Honey 12oz,Granola,ThriftLane,683.8,4.99,4.99,3412.35,4.99,0,0.0,0,0,0,1,1,0,135,0.886,0,848.4,1.32,-1.3,-2.0,1.32,1.2,1.12,683.8,0.0
2026-04-18,135,BW-101,Bramblewick Granola Clusters Honey 12oz,Granola,ThriftLane,945.7,4.99,4.49,4312.55,4.56,1,0.1,0,0,0,0,0,0,135,0.886,0,824.2,1.32,-1.3,-2.0,1.32,1.2,1.12,921.4,24.4
2026-04-25,136,BW-101,Bramblewick Granola Clusters Honey 12oz,Granola,ThriftLane,1078.2,4.99,4.49,4948.87,4.59,1,0.1,0,0,0,0,0,0,135,0.886,0,802.5,1.32,-1.3,-2.0,1.32,1.2,1.12,921.4,156.9
2026-05-02,137,BW-101,Bramblewick Granola Clusters Honey 12oz,Granola,ThriftLane,751.3,4.99,4.99,3748.97,4.99,0,0.0,0,0,0,0,0,1,134,0.879,0,778.0,1.32,-1.3,-2.0,1.32,1.2,1.12,751.3,0.0
2026-05-09,138,BW-101,Bramblewick Granola Clusters Honey 12oz,Granola,ThriftLane,823.3,4.99,4.99,4108.19,4.99,0,0.0,0,0,0,0,1,0,135,0.886,0,768.3,1.32,-1.3,-2.0,1.32,1.2,1.12,823.3,0.0
2026-05-16,139,BW-101,Bramblewick Granola Clusters Honey 12oz,Granola,ThriftLane,1002.1,4.99,4.49,4569.54,4.56,1,0.1,0,0,0,1,0,0,134,0.879,0,750.7,1.32,-1.3,-2.0,1.32,1.2,1.12,830.8,171.4
2026-05-23,140,BW-101,Bramblewick Granola Clusters Honey 12oz,Granola,ThriftLane,667.4,4.99,4.99,3330.52,4.99,0,0.0,0,0,0,1,0,1,134,0.879,0,764.7,1.32,-1.3,-2.0,1.32,1.2,1.12,667.4,0.0
2026-05-30,141,BW-101,Bramblewick Granola Clusters Honey 12oz,Granola,ThriftLane,656.0,4.99,4.99,3273.28,4.99,0,0.0,0,0,0,1,1,0,134,0.879,0,770.8,1.32,-1.3,-2.0,1.32,1.2,1.12,656.0,0.0
2026-06-06,142,BW-101,Bramblewick Granola Clusters Honey 12oz,Granola,ThriftLane,2374.7,4.99,3.74,9000.27,3.79,1,0.25,1,1,0,0,0,0,135,0.886,0,740.2,1.32,-1.3,-2.0,1.32,1.2,1.12,787.3,1587.4
2026-06-13,143,BW-101,Bramblewick Granola Clusters Honey 12oz,Granola,ThriftLane,2323.5,4.99,3.74,9085.0,3.91,1,0.25,1,1,0,0,0,0,140,0.919,0,768.5,1.32,-1.3,-2.0,1.32,1.2,1.12,787.3,1536.2
2026-06-20,144,BW-101,Bramblewick Granola Clusters Honey 12oz,Granola,ThriftLane,751.1,4.99,4.99,3748.12,4.99,0,0.0,0,0,0,0,0,1,141,0.925,0,777.4,1.32,-1.3,-2.0,1.32,1.2,1.12,751.1,0.0
2026-06-27,145,BW-101,Bramblewick Granola Clusters Honey 12oz,Granola,ThriftLane,574.0,4.99,4.99,2864.43,4.99,0,0.0,0,0,0,1,1,0,139,0.912,0,810.1,1.32,-1.3,-2.0,1.32,1.2,1.12,574.0,0.0
2026-07-04,146,BW-101,Bramblewick Granola Clusters Honey 12oz,Granola,ThriftLane,1696.1,4.99,3.74,6699.76,3.95,1,0.25,0,1,0,1,0,0,140,0.919,0,846.5,1.32,-1.3,-2.0,1.32,1.2,1.12,717.4,978.6
2026-07-11,147,BW-101,Bramblewick Granola Clusters Honey 12oz,Granola,ThriftLane,1531.7,4.99,3.74,5789.74,3.78,1,0.25,0,1,0,0,0,0,139,0.912,0,788.6,1.32,-1.3,-2.0,1.32,1.2,1.12,717.4,814.2
2026-07-18,148,BW-101,Bramblewick Granola Clusters Honey 12oz,Granola,ThriftLane,608.2,4.99,4.99,3034.9,4.99,0,0.0,0,0,0,0,0,1,139,0.912,0,798.4,1.32,-1.3,-2.0,1.32,1.2,1.12,608.2,0.0
2026-07-25,149,BW-101,Bramblewick Granola Clusters Honey 12oz,Granola,ThriftLane,942.3,4.99,4.99,4701.97,4.99,0,0.0,0,0,0,0,0,0,140,0.919,0,814.4,1.32,-1.3,-2.0,1.32,1.2,1.12,942.3,0.0
2026-08-01,150,BW-101,Bramblewick Granola Clusters Honey 12oz,Granola,ThriftLane,969.2,4.99,4.99,4836.43,4.99,0,0.0,0,0,0,0,0,0,140,0.919,0,824.7,1.32,-1.3,-2.0,1.32,1.2,1.12,969.2,0.0
2026-08-08,151,BW-101,Bramblewick Granola Clusters Honey 12oz,Granola,ThriftLane,801.7,4.99,4.99,4000.48,4.99,0,0.0,0,0,0,1,1,0,141,0.925,0,840.6,1.32,-1.3,-2.0,1.32,1.2,1.12,801.7,0.0
2026-08-15,152,BW-101,Bramblewick Granola Clusters Honey 12oz,Granola,ThriftLane,1731.6,4.99,3.99,7134.23,4.12,1,0.2,0,1,0,1,0,0,141,0.925,0,850.0,1.32,-1.3,-2.0,1.32,1.2,1.12,709.2,1022.4
2026-08-22,153,BW-101,Bramblewick Granola Clusters Honey 12oz,Granola,ThriftLane,2297.1,4.99,3.99,9487.2,4.13,1,0.2,0,1,0,1,0,0,141,0.925,0,991.5,1.32,-1.3,-2.0,1.32,1.2,1.12,709.2,1587.8
2026-08-29,154,BW-101,Bramblewick Granola Clusters Honey 12oz,Granola,ThriftLane,773.8,4.99,4.99,3861.13,4.99,0,0.0,0,0,0,0,0,1,141,0.925,0,1000.4,1.32,-1.3,-2.0,1.32,1.2,1.12,773.8,0.0
2026-09-05,155,BW-101,Bramblewick Granola Clusters Honey 12oz,Granola,ThriftLane,999.0,4.99,4.99,4984.94,4.99,0,0.0,0,0,0,0,0,0,140,0.919,0,867.0,1.32,-1.3,-2.0,1.32,1.2,1.12,999.0,0.0
2023-09-16,0,BW-102,Bramblewick Granola Clusters Cocoa 12oz,Granola,Fernhollow Market,399.1,5.49,5.49,2191.12,5.49,0,0.0,0,0,0,0,0,0,75,0.666,0,328.8,1.36,-1.1,-1.7,1.28,1.17,1.1,399.1,0.0
2023-09-23,1,BW-102,Bramblewick Granola Clusters Cocoa 12oz,Granola,Fernhollow Market,298.7,5.49,5.49,1639.68,5.49,0,0.0,0,0,0,0,1,0,75,0.666,0,287.0,1.36,-1.1,-1.7,1.28,1.17,1.1,298.7,0.0
2023-09-30,2,BW-102,Bramblewick Granola Clusters Cocoa 12oz,Granola,Fernhollow Market,632.3,5.49,3.84,2636.89,4.17,1,0.3,1,1,1,0,0,0,76,0.675,0,293.2,1.36,-1.1,-1.7,1.28,1.17,1.1,632.3,0.0
2023-10-07,3,BW-102,Bramblewick Granola Clusters Cocoa 12oz,Granola,Fernhollow Market,910.3,5.49,3.84,3859.58,4.24,1,0.3,1,1,1,0,0,0,75,0.666,0,291.8,1.36,-1.1,-1.7,1.28,1.17,1.1,910.3,0.0
2023-10-14,4,BW-102,Bramblewick Granola Clusters Cocoa 12oz,Granola,Fernhollow Market,284.5,5.49,5.49,1561.84,5.49,0,0.0,0,0,0,0,0,1,75,0.666,0,294.5,1.36,-1.1,-1.7,1.28,1.17,1.1,284.5,0.0
2023-10-21,5,BW-102,Bramblewick Granola Clusters Cocoa 12oz,Granola,Fernhollow Market,224.5,5.49,5.49,1232.75,5.49,0,0.0,0,0,0,1,0,0,74,0.657,0,293.7,1.36,-1.1,-1.7,1.28,1.17,1.1,224.5,0.0
2023-10-28,6,BW-102,Bramblewick Granola Clusters Cocoa 12oz,Granola,Fernhollow Market,298.0,5.49,5.49,1636.21,5.49,0,0.0,0,0,0,0,0,0,75,0.666,0,301.3,1.36,-1.1,-1.7,1.28,1.17,1.1,298.0,0.0
2023-11-04,7,BW-102,Bramblewick Granola Clusters Cocoa 12oz,Granola,Fernhollow Market,308.0,5.49,5.49,1691.18,5.49,0,0.0,0,0,0,0,0,0,75,0.666,0,305.4,1.36,-1.1,-1.7,1.28,1.17,1.1,308.0,0.0
2023-11-11,8,BW-102,Bramblewick Granola Clusters Cocoa 12oz,Granola,Fernhollow Market,292.6,5.49,5.49,1606.31,5.49,0,0.0,0,0,0,0,0,0,76,0.675,0,314.4,1.36,-1.1,-1.7,1.28,1.17,1.1,292.6,0.0
2023-11-18,9,BW-102,Bramblewick Granola Clusters Cocoa 12oz,Granola,Fernhollow Market,324.5,5.49,5.49,1781.64,5.49,0,0.0,0,0,0,1,0,0,75,0.666,0,373.3,1.36,-1.1,-1.7,1.28,1.17,1.1,324.5,0.0
2023-11-25,10,BW-102,Bramblewick Granola Clusters Cocoa 12oz,Granola,Fernhollow Market,372.9,5.49,5.49,2047.41,5.49,0,0.0,0,0,0,1,0,0,75,0.666,0,408.8,1.36,-1.1,-1.7,1.28,1.17,1.1,372.9,0.0
2023-12-02,11,BW-102,Bramblewick Granola Clusters Cocoa 12oz,Granola,Fernhollow Market,275.9,5.49,5.49,1514.94,5.49,0,0.0,0,0,0,1,0,0,76,0.675,0,332.3,1.36,-1.1,-1.7,1.28,1.17,1.1,275.9,0.0
2023-12-09,12,BW-102,Bramblewick Granola Clusters Cocoa 12oz,Granola,Fernhollow Market,331.9,5.49,5.49,1822.22,5.49,0,0.0,0,0,0,0,0,0,75,0.666,0,334.7,1.36,-1.1,-1.7,1.28,1.17,1.1,331.9,0.0
2023-12-16,13,BW-102,Bramblewick Granola Clusters Cocoa 12oz,Granola,Fernhollow Market,358.9,5.49,5.49,1970.48,5.49,0,0.0,0,0,0,0,0,0,79,0.701,0,410.5,1.36,-1.1,-1.7,1.28,1.17,1.1,358.9,0.0
2023-12-23,14,BW-102,Bramblewick Granola Clusters Cocoa 12oz,Granola,Fernhollow Market,453.2,5.49,5.49,2487.84,5.49,0,0.0,0,0,0,1,0,0,77,0.684,0,481.1,1.36,-1.1,-1.7,1.28,1.17,1.1,453.2,0.0
2023-12-30,15,BW-102,Bramblewick Granola Clusters Cocoa 12oz,Granola,Fernhollow Market,399.5,5.49,5.49,2193.12,5.49,0,0.0,0,0,0,0,0,0,77,0.684,0,429.2,1.36,-1.1,-1.7,1.28,1.17,1.1,399.5,0.0
2024-01-06,16,BW-102,Bramblewick Granola Clusters Cocoa 12oz,Granola,Fernhollow Market,584.7,5.49,5.49,3210.12,5.49,0,0.0,0,0,0,0,0,0,79,0.701,0,511.9,1.36,-1.1,-1.7,1.28,1.17,1.1,584.7,0.0
2024-01-13,17,BW-102,Bramblewick Granola Clusters Cocoa 12oz,Granola,Fernhollow Market,642.0,5.49,5.49,3524.34,5.49,0,0.0,0,0,0,0,0,0,78,0.692,0,511.8,1.36,-1.1,-1.7,1.28,1.17,1.1,642.0,0.0
2024-01-20,18,BW-102,Bramblewick Granola Clusters Cocoa 12oz,Granola,Fernhollow Market,453.9,5.49,5.49,2491.96,5.49,0,0.0,0,0,0,0,0,0,77,0.684,0,377.7,1.36,-1.1,-1.7,1.28,1.17,1.1,453.9,0.0
2024-01-27,19,BW-102,Bramblewick Granola Clusters Cocoa 12oz,Granola,Fernhollow Market,364.6,5.49,5.49,2001.63,5.49,0,0.0,0,0,0,0,0,0,78,0.692,0,384.4,1.36,-1.1,-1.7,1.28,1.17,1.1,364.6,0.0
2024-02-03,20,BW-102,Bramblewick Granola Clusters Cocoa 12oz,Granola,Fernhollow Market,397.3,5.49,5.49,2181.36,5.49,0,0.0,0,0,0,0,0,0,77,0.684,0,379.5,1.36,-1.1,-1.7,1.28,1.17,1.1,397.3,0.0
2024-02-10,21,BW-102,Bramblewick Granola Clusters Cocoa 12oz,Granola,Fernhollow Market,366.3,5.49,5.49,2011.26,5.49,0,0.0,0,0,0,0,0,0,77,0.684,0,377.6,1.36,-1.1,-1.7,1.28,1.17,1.1,366.3,0.0
2024-02-17,22,BW-102,Bramblewick Granola Clusters Cocoa 12oz,Granola,Fernhollow Market,370.6,5.79,5.79,2145.61,5.79,0,0.0,0,0,0,0,0,0,77,0.684,0,352.7,1.36,-1.1,-1.7,1.28,1.17,1.1,370.6,0.0
2024-02-24,23,BW-102,Bramblewick Granola Clusters Cocoa 12oz,Granola,Fernhollow Market,282.3,5.79,5.79,1634.65,5.79,0,0.0,0,0,0,1,0,0,78,0.692,0,352.2,1.36,-1.1,-1.7,1.28,1.17,1.1,282.3,0.0
2024-03-02,24,BW-102,Bramblewick Granola Clusters Cocoa 12oz,Granola,Fernhollow Market,268.0,5.79,5.79,1551.62,5.79,0,0.0,0,0,0,1,0,0,77,0.684,0,341.2,1.36,-1.1,-1.7,1.28,1.17,1.1,268.0,0.0
2024-03-09,25,BW-102,Bramblewick Granola Clusters Cocoa 12oz,Granola,Fernhollow Market,339.7,5.79,5.79,1966.98,5.79,0,0.0,0,0,0,0,0,0,79,0.701,0,342.3,1.36,-1.1,-1.7,1.28,1.17,1.1,339.7,0.0
2024-03-16,26,BW-102,Bramblewick Granola Clusters Cocoa 12oz,Granola,Fernhollow Market,312.4,5.79,5.79,1808.98,5.79,0,0.0,0,0,0,0,0,0,81,0.719,0,342.0,1.36,-1.1,-1.7,1.28,1.17,1.1,312.4,0.0
2024-03-23,27,BW-102,Bramblewick Granola Clusters Cocoa 12oz,Granola,Fernhollow Market,384.9,5.79,5.79,2228.3,5.79,0,0.0,0,0,0,0,0,0,82,0.728,0,336.7,1.36,-1.1,-1.7,1.28,1.17,1.1,384.9,0.0
2024-03-30,28,BW-102,Bramblewick Granola Clusters Cocoa 12oz,Granola,Fernhollow Market,353.5,5.79,5.79,2046.89,5.79,0,0.0,0,0,0,0,0,0,82,0.728,0,326.9,1.36,-1.1,-1.7,1.28,1.17,1.1,353.5,0.0
2024-04-06,29,BW-102,Bramblewick Granola Clusters Cocoa 12oz,Granola,Fernhollow Market,311.7,5.79,5.79,1804.7,5.79,0,0.0,0,0,0,0,1,0,81,0.719,0,313.4,1.36,-1.1,-1.7,1.28,1.17,1.1,311.7,0.0
2024-04-13,30,BW-102,Bramblewick Granola Clusters Cocoa 12oz,Granola,Fernhollow Market,827.9,5.79,4.05,3526.9,4.26,1,0.3,1,1,0,0,0,0,82,0.728,0,308.1,1.36,-1.1,-1.7,1.28,1.17,1.1,326.0,501.8
2024-04-20,31,BW-102,Bramblewick Granola Clusters Cocoa 12oz,Granola,Fernhollow Market,802.7,5.79,4.05,3315.06,4.13,1,0.3,1,1,0,0,0,0,82,0.728,0,299.7,1.36,-1.1,-1.7,1.28,1.17,1.1,326.0,476.7
2024-04-27,32,BW-102,Bramblewick Granola Clusters Cocoa 12oz,Granola,Fernhollow Market,896.3,5.79,4.05,3791.38,4.23,1,0.3,1,1,0,0,0,0,80,0.71,0,285.0,1.36,-1.1,-1.7,1.28,1.17,1.1,326.0,570.2
2024-05-04,33,BW-102,Bramblewick Granola Clusters Cocoa 12oz,Granola,Fernhollow Market,260.9,5.79,5.79,1510.72,5.79,0,0.0,0,0,0,0,0,1,80,0.71,0,278.7,1.36,-1.1,-1.7,1.28,1.17,1.1,260.9,0.0
2024-05-11,34,BW-102,Bramblewick Granola Clusters Cocoa 12oz,Granola,Fernhollow Market,273.5,5.79,5.79,1583.63,5.79,0,0.0,0,0,0,0,0,0,80,0.71,0,273.6,1.36,-1.1,-1.7,1.28,1.17,1.1,273.5,0.0
2024-05-18,35,BW-102,Bramblewick Granola Clusters Cocoa 12oz,Granola,Fernhollow Market,331.6,5.79,5.79,1919.68,5.79,0,0.0,0,0,0,0,1,0,81,0.719,0,281.3,1.36,-1.1,-1.7,1.28,1.17,1.1,331.6,0.0
2024-05-25,36,BW-102,Bramblewick Granola Clusters Cocoa 12oz,Granola,Fernhollow Market,379.6,5.79,4.92,1894.19,4.99,1,0.15,0,0,0,0,0,0,81,0.719,0,282.6,1.36,-1.1,-1.7,1.28,1.17,1.1,322.0,57.6
2024-06-01,37,BW-102,Bramblewick Granola Clusters Cocoa 12oz,Granola,Fernhollow Market,239.4,5.79,5.79,1386.08,5.79,0,0.0,0,0,0,0,0,1,80,0.71,0,265.3,1.36,-1.1,-1.7,1.28,1.17,1.1,239.4,0.0
2024-06-08,38,BW-102,Bramblewick Granola Clusters Cocoa 12oz,Granola,Fernhollow Market,264.4,5.79,5.79,1530.68,5.79,0,0.0,0,0,0,0,0,0,82,0.728,0,271.5,1.36,-1.1,-1.7,1.28,1.17,1.1,264.4,0.0
2024-06-15,39,BW-102,Bramblewick Granola Clusters Cocoa 12oz,Granola,Fernhollow Market,316.7,5.79,5.79,1833.46,5.79,0,0.0,0,0,0,0,0,0,83,0.737,0,275.4,1.36,-1.1,-1.7,1.28,1.17,1.1,316.7,0.0
2024-06-22,40,BW-102,Bramblewick Granola Clusters Cocoa 12oz,Granola,Fernhollow Market,261.9,5.79,5.79,1516.17,5.79,0,0.0,0,0,0,0,0,0,83,0.737,0,277.0,1.36,-1.1,-1.7,1.28,1.17,1.1,261.9,0.0
2024-06-29,41,BW-102,Bramblewick Granola Clusters Cocoa 12oz,Granola,Fernhollow Market,284.4,5.79,5.79,1646.55,5.79,0,0.0,0,0,0,0,0,0,85,0.755,0,300.2,1.36,-1.1,-1.7,1.28,1.17,1.1,284.4,0.0
2024-07-06,42,BW-102,Bramblewick Granola Clusters Cocoa 12oz,Granola,Fernhollow Market,351.5,5.79,5.79,2035.06,5.79,0,0.0,0,0,0,0,0,0,85,0.755,0,311.8,1.36,-1.1,-1.7,1.28,1.17,1.1,351.5,0.0
2024-07-13,43,BW-102,Bramblewick Granola Clusters Cocoa 12oz,Granola,Fernhollow Market,328.8,5.79,5.79,1903.82,5.79,0,0.0,0,0,0,0,0,0,84,0.746,0,289.5,1.36,-1.1,-1.7,1.28,1.17,1.1,328.8,0.0
2024-07-20,44,BW-102,Bramblewick Granola Clusters Cocoa 12oz,Granola,Fernhollow Market,342.5,5.79,5.79,1983.14,5.79,0,0.0,0,0,0,0,0,0,84,0.746,0,293.4,1.36,-1.1,-1.7,1.28,1.17,1.1,342.5,0.0
2024-07-27,45,BW-102,Bramblewick Granola Clusters Cocoa 12oz,Granola,Fernhollow Market,267.1,5.79,5.79,1546.8,5.79,0,0.0,0,0,0,0,0,0,83,0.737,0,294.0,1.36,-1.1,-1.7,1.28,1.17,1.1,267.1,0.0
2024-08-03,46,BW-102,Bramblewick Granola Clusters Cocoa 12oz,Granola,Fernhollow Market,320.1,5.79,5.79,1853.39,5.79,0,0.0,0,0,0,0,0,0,85,0.755,0,305.2,1.36,-1.1,-1.7,1.28,1.17,1.1,320.1,0.0
2024-08-10,47,BW-102,Bramblewick Granola Clusters Cocoa 12oz,Granola,Fernhollow Market,252.4,5.79,5.79,1461.27,5.79,0,0.0,0,0,0,1,0,0,84,0.746,0,305.6,1.36,-1.1,-1.7,1.28,1.17,1.1,252.4,0.0
2024-08-17,48,BW-102,Bramblewick Granola Clusters Cocoa 12oz,Granola,Fernhollow Market,319.9,5.79,5.79,1852.08,5.79,0,0.0,0,0,0,0,0,0,83,0.737,0,305.7,1.36,-1.1,-1.7,1.28,1.17,1.1,319.9,0.0
2024-08-24,49,BW-102,Bramblewick Granola Clusters Cocoa 12oz,Granola,Fernhollow Market,306.8,5.79,5.79,1776.64,5.79,0,0.0,0,0,0,0,0,0,85,0.755,0,365.7,1.36,-1.1,-1.7,1.28,1.17,1.1,306.8,0.0
2024-08-31,50,BW-102,Bramblewick Granola Clusters Cocoa 12oz,Granola,Fernhollow Market,317.8,5.79,5.79,1839.78,5.79,0,0.0,0,0,0,1,0,0,85,0.755,0,369.4,1.36,-1.1,-1.7,1.28,1.17,1.1,317.8,0.0
2024-09-07,51,BW-102,Bramblewick Granola Clusters Cocoa 12oz,Granola,Fernhollow Market,359.2,5.79,5.79,2079.76,5.79,0,0.0,0,0,0,0,0,0,84,0.746,0,319.0,1.36,-1.1,-1.7,1.28,1.17,1.1,359.2,0.0
2024-09-14,52,BW-102,Bramblewick Granola Clusters Cocoa 12oz,Granola,Fernhollow Market,344.5,5.79,5.79,1994.72,5.79,0,0.0,0,0,0,0,0,0,88,0.781,0,337.1,1.36,-1.1,-1.7,1.28,1.17,1.1,344.5,0.0
2024-09-21,53,BW-102,Bramblewick Granola Clusters Cocoa 12oz,Granola,Fernhollow Market,260.1,5.79,5.79,1506.21,5.79,0,0.0,0,0,0,0,0,0,88,0.781,0,339.8,1.36,-1.1,-1.7,1.28,1.17,1.1,260.1,0.0
2024-09-28,54,BW-102,Bramblewick Granola Clusters Cocoa 12oz,Granola,Fernhollow Market,377.9,5.79,5.79,2188.13,5.79,0,0.0,0,0,0,0,0,0,87,0.772,0,338.7,1.36,-1.1,-1.7,1.28,1.17,1.1,377.9,0.0
2024-10-05,55,BW-102,Bramblewick Granola Clusters Cocoa 12oz,Granola,Fernhollow Market,355.4,5.79,5.79,2057.84,5.79,0,0.0,0,0,0,0,0,0,87,0.772,0,341.6,1.36,-1.1,-1.7,1.28,1.17,1.1,355.4,0.0
2024-10-12,56,BW-102,Bramblewick Granola Clusters Cocoa 12oz,Granola,Fernhollow Market,297.6,5.79,5.79,1723.31,5.79,0,0.0,0,0,0,1,0,0,88,0.781,0,348.8,1.36,-1.1,-1.7,1.28,1.17,1.1,297.6,0.0
2024-10-19,57,BW-102,Bramblewick Granola Clusters Cocoa 12oz,Granola,Fernhollow Market,352.1,5.79,5.79,2038.91,5.79,0,0.0,0,0,0,0,0,0,88,0.781,0,352.5,1.36,-1.1,-1.7,1.28,1.17,1.1,352.1,0.0
2024-10-26,58,BW-102,Bramblewick Granola Clusters Cocoa 12oz,Granola,Fernhollow Market,344.1,5.79,5.79,1992.16,5.79,0,0.0,0,0,0,0,0,0,88,0.781,0,356.7,1.36,-1.1,-1.7,1.28,1.17,1.1,344.1,0.0
2024-11-02,59,BW-102,Bramblewick Granola Clusters Cocoa 12oz,Granola,Fernhollow Market,401.3,5.79,5.79,2323.56,5.79,0,0.0,0,0,0,0,0,0,86,0.763,0,353.5,1.36,-1.1,-1.7,1.28,1.17,1.1,401.3,0.0
2024-11-09,60,BW-102,Bramblewick Granola Clusters Cocoa 12oz,Granola,Fernhollow Market,357.5,5.79,5.79,2069.97,5.79,0,0.0,0,0,0,0,0,0,86,0.763,0,359.0,1.36,-1.1,-1.7,1.28,1.17,1.1,357.5,0.0
2024-11-16,61,BW-102,Bramblewick Granola Clusters Cocoa 12oz,Granola,Fernhollow Market,313.0,5.79,5.79,1812.02,5.79,0,0.0,0,0,0,0,0,0,88,0.781,0,373.7,1.36,-1.1,-1.7,1.28,1.17,1.1,313.0,0.0
2024-11-23,62,BW-102,Bramblewick Granola Clusters Cocoa 12oz,Granola,Fernhollow Market,388.9,5.79,5.79,2251.44,5.79,0,0.0,0,0,0,0,1,0,87,0.772,0,445.3,1.36,-1.1,-1.7,1.28,1.17,1.1,388.9,0.0
2024-11-30,63,BW-102,Bramblewick Granola Clusters Cocoa 12oz,Granola,Fernhollow Market,1158.8,5.79,4.34,5411.51,4.67,1,0.25,0,1,0,0,0,0,86,0.763,0,482.4,1.36,-1.1,-1.7,1.28,1.17,1.1,353.8,805.0
2024-12-07,64,BW-102,Bramblewick Granola Clusters Cocoa 12oz,Granola,Fernhollow Market,407.8,5.79,5.79,2361.41,5.79,0,0.0,0,0,0,0,0,1,86,0.763,0,387.3,1.36,-1.1,-1.7,1.28,1.17,1.1,407.8,0.0
2024-12-14,65,BW-102,Bramblewick Granola Clusters Cocoa 12oz,Granola,Fernhollow Market,489.3,5.79,5.79,2833.18,5.79,0,0.0,0,0,0,0,1,0,89,0.79,0,466.7,1.36,-1.1,-1.7,1.28,1.17,1.1,489.3,0.0
2024-12-21,66,BW-102,Bramblewick Granola Clusters Cocoa 12oz,Granola,Fernhollow Market,1380.5,5.79,4.34,6281.33,4.55,1,0.25,1,1,1,1,0,0,91,0.808,0,573.8,1.36,-1.1,-1.7,1.28,1.17,1.1,373.2,1007.3
2024-12-28,67,BW-102,Bramblewick Granola Clusters Cocoa 12oz,Granola,Fernhollow Market,1453.0,5.79,4.34,6800.02,4.68,1,0.25,1,1,1,1,0,0,89,0.79,0,500.7,1.36,-1.1,-1.7,1.28,1.17,1.1,373.2,1079.8
2025-01-04,68,BW-102,Bramblewick Granola Clusters Cocoa 12oz,Granola,Fernhollow Market,533.9,5.79,5.79,3091.38,5.79,0,0.0,0,0,0,1,0,1,89,0.79,0,582.0,1.36,-1.1,-1.7,1.28,1.17,1.1,533.9,0.0
2025-01-11,69,BW-102,Bramblewick Granola Clusters Cocoa 12oz,Granola,Fernhollow Market,536.3,5.79,5.79,3105.38,5.79,0,0.0,0,0,0,1,0,0,91,0.808,0,602.6,1.36,-1.1,-1.7,1.28,1.17,1.1,536.3,0.0
2025-01-18,70,BW-102,Bramblewick Granola Clusters Cocoa 12oz,Granola,Fernhollow Market,429.9,5.79,5.79,2489.16,5.79,0,0.0,0,0,0,1,0,0,91,0.808,0,450.4,1.36,-1.1,-1.7,1.28,1.17,1.1,429.9,0.0
2025-01-25,71,BW-102,Bramblewick Granola Clusters Cocoa 12oz,Granola,Fernhollow Market,507.8,5.79,5.79,2940.2,5.79,0,0.0,0,0,0,0,0,0,90,0.799,0,447.6,1.36,-1.1,-1.7,1.28,1.17,1.1,507.8,0.0
2025-02-01,72,BW-102,Bramblewick Granola Clusters Cocoa 12oz,Granola,Fernhollow Market,437.1,5.79,5.79,2531.09,5.79,0,0.0,0,0,0,1,0,0,89,0.79,0,442.6,1.36,-1.1,-1.7,1.28,1.17,1.1,437.1,0.0
2025-02-08,73,BW-102,Bramblewick Granola Clusters Cocoa 12oz,Granola,Fernhollow Market,391.7,5.79,5.79,2267.86,5.79,0,0.0,0,0,0,1,1,0,89,0.79,0,440.5,1.36,-1.1,-1.7,1.28,1.17,1.1,391.7,0.0
2025-02-15,74,BW-102,Bramblewick Granola Clusters Cocoa 12oz,Granola,Fernhollow Market,629.0,5.79,4.92,3226.61,5.13,1,0.15,0,0,0,0,0,0,91,0.808,0,446.1,1.36,-1.1,-1.7,1.28,1.17,1.1,463.2,165.8
2025-02-22,75,BW-102,Bramblewick Granola Clusters Cocoa 12oz,Granola,Fernhollow Market,349.3,5.79,5.79,2022.31,5.79,0,0.0,0,0,0,0,0,1,89,0.79,0,430.0,1.36,-1.1,-1.7,1.28,1.17,1.1,349.3,0.0
2025-03-01,76,BW-102,Bramblewick Granola Clusters Cocoa 12oz,Granola,Fernhollow Market,418.2,5.79,5.79,2421.41,5.79,0,0.0,0,0,0,0,0,0,91,0.808,0,431.5,1.36,-1.1,-1.7,1.28,1.17,1.1,418.2,0.0
2025-03-08,77,BW-102,Bramblewick Granola Clusters Cocoa 12oz,Granola,Fernhollow Market,463.2,5.79,5.79,2681.78,5.79,0,0.0,0,0,0,0,0,0,91,0.808,0,421.9,1.36,-1.1,-1.7,1.28,1.17,1.1,463.2,0.0
2025-03-15,78,BW-102,Bramblewick Granola Clusters Cocoa 12oz,Granola,Fernhollow Market,500.0,5.99,5.99,2994.85,5.99,0,0.0,0,0,0,0,0,0,95,0.843,0,413.5,1.36,-1.1,-1.7,1.28,1.17,1.1,500.0,0.0
2025-03-22,79,BW-102,Bramblewick Granola Clusters Cocoa 12oz,Granola,Fernhollow Market,406.5,5.99,5.99,2434.81,5.99,0,0.0,0,0,0,0,0,0,94,0.835,0,397.8,1.36,-1.1,-1.7,1.28,1.17,1.1,406.5,0.0
2025-03-29,80,BW-102,Bramblewick Granola Clusters Cocoa 12oz,Granola,Fernhollow Market,431.6,5.99,5.99,2585.06,5.99,0,0.0,0,0,0,0,0,0,93,0.826,0,382.2,1.36,-1.1,-1.7,1.28,1.17,1.1,431.6,0.0
2025-04-05,81,BW-102,Bramblewick Granola Clusters Cocoa 12oz,Granola,Fernhollow Market,361.0,5.99,5.99,2162.23,5.99,0,0.0,0,0,0,0,1,0,94,0.835,0,374.9,1.36,-1.1,-1.7,1.28,1.17,1.1,361.0,0.0
2025-04-12,82,BW-102,Bramblewick Granola Clusters Cocoa 12oz,Granola,Fernhollow Market,385.1,5.99,5.39,2110.1,5.48,1,0.1,0,0,0,0,0,0,95,0.843,0,368.0,1.36,-1.1,-1.7,1.28,1.17,1.1,412.4,0.0
2025-04-19,83,BW-102,Bramblewick Granola Clusters Cocoa 12oz,Granola,Fernhollow Market,342.4,5.99,5.99,2051.0,5.99,0,0.0,0,0,0,0,0,1,93,0.826,0,350.4,1.36,-1.1,-1.7,1.28,1.17,1.1,342.4,0.0
2025-04-26,84,BW-102,Bramblewick Granola Clusters Cocoa 12oz,Granola,Fernhollow Market,363.8,5.99,5.99,2179.24,5.99,0,0.0,0,0,0,0,0,0,94,0.835,0,345.2,1.36,-1.1,-1.7,1.28,1.17,1.1,363.8,0.0
2025-05-03,85,BW-102,Bramblewick Granola Clusters Cocoa 12oz,Granola,Fernhollow Market,309.7,5.99,5.99,1854.97,5.99,0,0.0,0,0,0,0,0,0,95,0.843,0,341.2,1.36,-1.1,-1.7,1.28,1.17,1.1,309.7,0.0
2025-05-10,86,BW-102,Bramblewick Granola Clusters Cocoa 12oz,Granola,Fernhollow Market,301.7,5.99,5.99,1807.02,5.99,0,0.0,0,0,0,0,0,0,94,0.835,0,331.4,1.36,-1.1,-1.7,1.28,1.17,1.1,301.7,0.0
2025-05-17,87,BW-102,Bramblewick Granola Clusters Cocoa 12oz,Granola,Fernhollow Market,315.7,5.99,5.99,1891.1,5.99,0,0.0,0,0,0,0,1,0,94,0.835,0,326.5,1.36,-1.1,-1.7,1.28,1.17,1.1,315.7,0.0
2025-05-24,88,BW-102,Bramblewick Granola Clusters Cocoa 12oz,Granola,Fernhollow Market,414.1,5.99,5.09,2190.81,5.29,1,0.15,0,0,0,0,0,0,95,0.843,0,336.6,1.36,-1.1,-1.7,1.28,1.17,1.1,351.7,62.4
2025-05-31,89,BW-102,Bramblewick Granola Clusters Cocoa 12oz,Granola,Fernhollow Market,327.5,5.99,5.99,1961.9,5.99,0,0.0,0,0,0,0,0,1,93,0.826,0,332.5,1.36,-1.1,-1.7,1.28,1.17,1.1,327.5,0.0
2025-06-07,90,BW-102,Bramblewick Granola Clusters Cocoa 12oz,Granola,Fernhollow Market,268.3,5.99,5.99,1607.24,5.99,0,0.0,0,0,0,0,1,0,95,0.843,0,324.2,1.36,-1.1,-1.7,1.28,1.17,1.1,268.3,0.0
2025-06-14,91,BW-102,Bramblewick Granola Clusters Cocoa 12oz,Granola,Fernhollow Market,492.0,5.99,5.09,2568.09,5.22,1,0.15,0,0,0,0,0,0,97,0.861,0,331.7,1.36,-1.1,-1.7,1.28,1.17,1.1,321.6,170.4
2025-06-21,92,BW-102,Bramblewick Granola Clusters Cocoa 12oz,Granola,Fernhollow Market,404.5,5.99,5.09,2103.23,5.2,1,0.15,0,0,0,1,0,0,97,0.861,0,333.6,1.36,-1.1,-1.7,1.28,1.17,1.1,321.6,82.9
2025-06-28,93,BW-102,Bramblewick Granola Clusters Cocoa 12oz,Granola,Fernhollow Market,338.6,5.99,5.99,2028.08,5.99,0,0.0,0,0,0,0,0,1,96,0.852,0,349.5,1.36,-1.1,-1.7,1.28,1.17,1.1,338.6,0.0
2025-07-05,94,BW-102,Bramblewick Granola Clusters Cocoa 12oz,Granola,Fernhollow Market,312.5,5.99,5.99,1871.66,5.99,0,0.0,0,0,0,0,0,0,98,0.87,0,370.5,1.36,-1.1,-1.7,1.28,1.17,1.1,312.5,0.0
2025-07-12,95,BW-102,Bramblewick Granola Clusters Cocoa 12oz,Granola,Fernhollow Market,371.3,5.99,5.99,2224.09,5.99,0,0.0,0,0,0,0,1,0,98,0.87,0,348.1,1.36,-1.1,-1.7,1.28,1.17,1.1,371.3,0.0
2025-07-19,96,BW-102,Bramblewick Granola Clusters Cocoa 12oz,Granola,Fernhollow Market,475.0,5.99,5.09,2432.25,5.12,1,0.15,0,0,0,0,0,0,97,0.861,0,349.3,1.36,-1.1,-1.7,1.28,1.17,1.1,314.1,160.9
2025-07-26,97,BW-102,Bramblewick Granola Clusters Cocoa 12oz,Granola,Fernhollow Market,421.0,5.99,5.99,2521.63,5.99,0,0.0,0,0,0,0,0,1,98,0.87,0,357.8,1.36,-1.1,-1.7,1.28,1.17,1.1,421.0,0.0
2025-08-02,98,BW-102,Bramblewick Granola Clusters Cocoa 12oz,Granola,Fernhollow Market,296.4,5.99,5.99,1775.15,5.99,0,0.0,0,0,0,0,0,0,96,0.852,0,355.4,1.36,-1.1,-1.7,1.28,1.17,1.1,296.4,0.0
2025-08-09,99,BW-102,Bramblewick Granola Clusters Cocoa 12oz,Granola,Fernhollow Market,294.7,5.99,5.99,1765.42,5.99,0,0.0,0,0,0,0,0,0,96,0.852,0,360.1,1.36,-1.1,-1.7,1.28,1.17,1.1,294.7,0.0
2025-08-16,100,BW-102,Bramblewick Granola Clusters Cocoa 12oz,Granola,Fernhollow Market,399.5,5.99,5.99,2393.24,5.99,0,0.0,0,0,0,0,0,0,97,0.861,0,368.3,1.36,-1.1,-1.7,1.28,1.17,1.1,399.5,0.0
2025-08-23,101,BW-102,Bramblewick Granola Clusters Cocoa 12oz,Granola,Fernhollow Market,475.8,5.99,5.99,2849.81,5.99,0,0.0,0,0,0,0,0,0,97,0.861,0,430.2,1.36,-1.1,-1.7,1.28,1.17,1.1,475.8,0.0
2025-08-30,102,BW-102,Bramblewick Granola Clusters Cocoa 12oz,Granola,Fernhollow Market,357.5,5.99,5.99,2141.16,5.99,0,0.0,0,0,0,0,0,0,97,0.861,0,434.5,1.36,-1.1,-1.7,1.28,1.17,1.1,357.5,0.0
2025-09-06,103,BW-102,Bramblewick Granola Clusters Cocoa 12oz,Granola,Fernhollow Market,403.6,5.99,5.99,2417.31,5.99,0,0.0,0,0,0,0,0,0,97,0.861,0,379.7,1.36,-1.1,-1.7,1.28,1.17,1.1,403.6,0.0
2025-09-13,104,BW-102,Bramblewick Granola Clusters Cocoa 12oz,Granola,Fernhollow Market,443.1,5.99,5.99,2654.0,5.99,0,0.0,0,0,0,0,0,0,101,0.897,0,398.8,1.36,-1.1,-1.7,1.28,1.17,1.1,443.1,0.0
2025-09-20,105,BW-102,Bramblewick Granola Clusters Cocoa 12oz,Granola,Fernhollow Market,470.7,5.99,5.99,2819.39,5.99,0,0.0,0,0,0,0,0,0,101,0.897,0,402.0,1.36,-1.1,-1.7,1.28,1.17,1.1,470.7,0.0
2025-09-27,106,BW-102,Bramblewick Granola Clusters Cocoa 12oz,Granola,Fernhollow Market,412.1,5.99,5.99,2468.61,5.99,0,0.0,0,0,0,0,0,0,101,0.897,0,405.3,1.36,-1.1,-1.7,1.28,1.17,1.1,412.1,0.0
2025-10-04,107,BW-102,Bramblewick Granola Clusters Cocoa 12oz,Granola,Fernhollow Market,345.4,5.99,5.99,2068.67,5.99,0,0.0,0,0,0,0,0,0,101,0.897,0,408.8,1.36,-1.1,-1.7,1.28,1.17,1.1,345.4,0.0
2025-10-11,108,BW-102,Bramblewick Granola Clusters Cocoa 12oz,Granola,Fernhollow Market,287.9,5.99,5.99,1724.33,5.99,0,0.0,0,0,0,1,0,0,99,0.879,0,404.4,1.36,-1.1,-1.7,1.28,1.17,1.1,287.9,0.0
2025-10-18,109,BW-102,Bramblewick Granola Clusters Cocoa 12oz,Granola,Fernhollow Market,459.0,5.99,5.99,2749.46,5.99,0,0.0,0,0,0,1,0,0,100,0.888,0,412.8,1.36,-1.1,-1.7,1.28,1.17,1.1,459.0,0.0
2025-10-25,110,BW-102,Bramblewick Granola Clusters Cocoa 12oz,Granola,Fernhollow Market,442.5,5.99,5.99,2650.64,5.99,0,0.0,0,0,0,0,0,0,101,0.897,0,422.0,1.36,-1.1,-1.7,1.28,1.17,1.1,442.5,0.0
2025-11-01,111,BW-102,Bramblewick Granola Clusters Cocoa 12oz,Granola,Fernhollow Market,459.0,5.99,5.99,2749.62,5.99,0,0.0,0,0,0,0,1,0,101,0.897,0,427.9,1.36,-1.1,-1.7,1.28,1.17,1.1,459.0,0.0
2025-11-08,112,BW-102,Bramblewick Granola Clusters Cocoa 12oz,Granola,Fernhollow Market,498.4,5.99,5.39,2706.27,5.43,1,0.1,0,0,0,0,0,0,101,0.897,0,434.6,1.36,-1.1,-1.7,1.28,1.17,1.1,442.8,55.6
2025-11-15,113,BW-102,Bramblewick Granola Clusters Cocoa 12oz,Granola,Fernhollow Market,503.4,5.99,5.39,2748.33,5.46,1,0.1,0,0,0,0,0,0,99,0.879,0,433.4,1.36,-1.1,-1.7,1.28,1.17,1.1,442.8,60.6
2025-11-22,114,BW-102,Bramblewick Granola Clusters Cocoa 12oz,Granola,Fernhollow Market,480.5,5.99,5.99,2878.45,5.99,0,0.0,0,0,0,0,0,1,100,0.888,0,527.6,1.36,-1.1,-1.7,1.28,1.17,1.1,480.5,0.0
2025-11-29,115,BW-102,Bramblewick Granola Clusters Cocoa 12oz,Granola,Fernhollow Market,522.5,5.99,5.99,3130.0,5.99,0,0.0,0,0,0,0,0,0,100,0.888,0,578.2,1.36,-1.1,-1.7,1.28,1.17,1.1,522.5,0.0
2025-12-06,116,BW-102,Bramblewick Granola Clusters Cocoa 12oz,Granola,Fernhollow Market,450.5,5.99,5.99,2698.44,5.99,0,0.0,0,0,0,0,0,0,100,0.888,0,464.2,1.36,-1.1,-1.7,1.28,1.17,1.1,450.5,0.0
2025-12-13,117,BW-102,Bramblewick Granola Clusters Cocoa 12oz,Granola,Fernhollow Market,438.3,5.99,5.99,2625.41,5.99,0,0.0,0,0,0,1,0,0,104,0.923,0,562.1,1.36,-1.1,-1.7,1.28,1.17,1.1,438.3,0.0
2025-12-20,118,BW-102,Bramblewick Granola Clusters Cocoa 12oz,Granola,Fernhollow Market,607.2,6.29,6.29,3819.57,6.29,0,0.0,0,0,0,0,0,0,103,0.914,0,634.4,1.36,-1.1,-1.7,1.28,1.17,1.1,607.2,0.0
2025-12-27,119,BW-102,Bramblewick Granola Clusters Cocoa 12oz,Granola,Fernhollow Market,635.4,6.29,6.29,3996.38,6.29,0,0.0,0,0,0,0,0,0,102,0.906,0,560.5,1.36,-1.1,-1.7,1.28,1.17,1.1,635.4,0.0
2026-01-03,120,BW-102,Bramblewick Granola Clusters Cocoa 12oz,Granola,Fernhollow Market,553.2,6.29,6.29,3479.71,6.29,0,0.0,0,0,0,1,1,0,102,0.906,0,651.6,1.36,-1.1,-1.7,1.28,1.17,1.1,553.2,0.0
2026-01-10,121,BW-102,Bramblewick Granola Clusters Cocoa 12oz,Granola,Fernhollow Market,734.0,6.29,5.66,4198.28,5.72,1,0.1,0,0,0,1,0,0,104,0.923,0,672.8,1.36,-1.1,-1.7,1.28,1.17,1.1,501.5,232.5
2026-01-17,122,BW-102,Bramblewick Granola Clusters Cocoa 12oz,Granola,Fernhollow Market,556.6,6.29,6.29,3500.89,6.29,0,0.0,0,0,0,0,0,1,102,0.906,0,493.2,1.36,-1.1,-1.7,1.28,1.17,1.1,556.6,0.0
2026-01-24,123,BW-102,Bramblewick Granola Clusters Cocoa 12oz,Granola,Fernhollow Market,573.8,6.29,6.29,3609.44,6.29,0,0.0,0,0,0,0,0,0,102,0.906,0,495.5,1.36,-1.1,-1.7,1.28,1.17,1.1,573.8,0.0
2026-01-31,124,BW-102,Bramblewick Granola Clusters Cocoa 12oz,Granola,Fernhollow Market,504.0,6.29,6.29,3170.21,6.29,0,0.0,0,0,0,0,0,0,103,0.914,0,500.4,1.36,-1.1,-1.7,1.28,1.17,1.1,504.0,0.0
2026-02-07,125,BW-102,Bramblewick Granola Clusters Cocoa 12oz,Granola,Fernhollow Market,411.6,6.29,6.29,2589.17,6.29,0,0.0,0,0,0,0,0,0,103,0.914,0,498.0,1.36,-1.1,-1.7,1.28,1.17,1.1,411.6,0.0
2026-02-14,126,BW-102,Bramblewick Granola Clusters Cocoa 12oz,Granola,Fernhollow Market,570.6,6.29,6.29,3588.79,6.29,0,0.0,0,0,0,0,0,0,103,0.914,0,493.2,1.36,-1.1,-1.7,1.28,1.17,1.1,570.6,0.0
2026-02-21,127,BW-102,Bramblewick Granola Clusters Cocoa 12oz,Granola,Fernhollow Market,563.4,6.29,6.29,3543.74,6.29,0,0.0,0,0,0,0,0,0,103,0.914,0,486.1,1.36,-1.1,-1.7,1.28,1.17,1.1,563.4,0.0
2026-02-28,128,BW-102,Bramblewick Granola Clusters Cocoa 12oz,Granola,Fernhollow Market,448.2,6.29,6.29,2819.04,6.29,0,0.0,0,0,0,0,0,0,103,0.914,0,477.1,1.36,-1.1,-1.7,1.28,1.17,1.1,448.2,0.0
2026-03-07,129,BW-102,Bramblewick Granola Clusters Cocoa 12oz,Granola,Fernhollow Market,547.7,6.29,6.29,3445.22,6.29,0,0.0,0,0,0,0,0,0,103,0.914,0,466.5,1.36,-1.1,-1.7,1.28,1.17,1.1,547.7,0.0
2026-03-14,130,BW-102,Bramblewick Granola Clusters Cocoa 12oz,Granola,Fernhollow Market,427.9,6.29,6.29,2691.21,6.29,0,0.0,0,0,0,0,0,0,106,0.941,0,467.8,1.36,-1.1,-1.7,1.28,1.17,1.1,427.9,0.0
2026-03-21,131,BW-102,Bramblewick Granola Clusters Cocoa 12oz,Granola,Fernhollow Market,438.6,6.29,6.29,2759.04,6.29,0,0.0,0,0,0,0,0,0,105,0.932,0,450.6,1.36,-1.1,-1.7,1.28,1.17,1.1,438.6,0.0
2026-03-28,132,BW-102,Bramblewick Granola Clusters Cocoa 12oz,Granola,Fernhollow Market,424.8,6.29,6.29,2672.19,6.29,0,0.0,0,0,0,0,0,0,107,0.95,0,445.9,1.36,-1.1,-1.7,1.28,1.17,1.1,424.8,0.0
2026-04-04,133,BW-102,Bramblewick Granola Clusters Cocoa 12oz,Granola,Fernhollow Market,442.8,6.29,6.29,2785.01,6.29,0,0.0,0,0,0,0,0,0,107,0.95,0,432.8,1.36,-1.1,-1.7,1.28,1.17,1.1,442.8,0.0
2026-04-11,134,BW-102,Bramblewick Granola Clusters Cocoa 12oz,Granola,Fernhollow Market,407.2,6.29,6.29,2561.54,6.29,0,0.0,0,0,0,0,0,0,105,0.932,0,412.4,1.36,-1.1,-1.7,1.28,1.17,1.1,407.2,0.0
2026-04-18,135,BW-102,Bramblewick Granola Clusters Cocoa 12oz,Granola,Fernhollow Market,422.6,6.29,6.29,2658.29,6.29,0,0.0,0,0,0,1,0,0,107,0.95,0,408.8,1.36,-1.1,-1.7,1.28,1.17,1.1,422.6,0.0
2026-04-25,136,BW-102,Bramblewick Granola Clusters Cocoa 12oz,Granola,Fernhollow Market,377.2,6.29,6.29,2372.5,6.29,0,0.0,0,0,0,0,0,0,105,0.932,0,391.0,1.36,-1.1,-1.7,1.28,1.17,1.1,377.2,0.0
2026-05-02,137,BW-102,Bramblewick Granola Clusters Cocoa 12oz,Granola,Fernhollow Market,402.7,6.29,6.29,2532.89,6.29,0,0.0,0,0,0,0,0,0,105,0.932,0,382.4,1.36,-1.1,-1.7,1.28,1.17,1.1,402.7,0.0
2026-05-09,138,BW-102,Bramblewick Granola Clusters Cocoa 12oz,Granola,Fernhollow Market,385.4,6.29,6.29,2423.99,6.29,0,0.0,0,0,0,0,0,0,107,0.95,0,382.5,1.36,-1.1,-1.7,1.28,1.17,1.1,385.4,0.0
2026-05-16,139,BW-102,Bramblewick Granola Clusters Cocoa 12oz,Granola,Fernhollow Market,338.5,6.29,6.29,2129.24,6.29,0,0.0,0,0,0,1,0,0,106,0.941,0,373.4,1.36,-1.1,-1.7,1.28,1.17,1.1,338.5,0.0
2026-05-23,140,BW-102,Bramblewick Granola Clusters Cocoa 12oz,Granola,Fernhollow Market,306.7,6.29,6.29,1928.9,6.29,0,0.0,0,0,0,1,0,0,106,0.941,0,380.8,1.36,-1.1,-1.7,1.28,1.17,1.1,306.7,0.0
2026-05-30,141,BW-102,Bramblewick Granola Clusters Cocoa 12oz,Granola,Fernhollow Market,387.4,6.29,6.29,2436.86,6.29,0,0.0,0,0,0,0,0,0,107,0.95,0,387.9,1.36,-1.1,-1.7,1.28,1.17,1.1,387.4,0.0
2026-06-06,142,BW-102,Bramblewick Granola Clusters Cocoa 12oz,Granola,Fernhollow Market,428.7,6.29,6.29,2696.54,6.29,0,0.0,0,0,0,0,0,0,106,0.941,0,366.8,1.36,-1.1,-1.7,1.28,1.17,1.1,428.7,0.0
2026-06-13,143,BW-102,Bramblewick Granola Clusters Cocoa 12oz,Granola,Fernhollow Market,402.3,6.29,6.29,2530.61,6.29,0,0.0,0,0,0,0,1,0,110,0.977,0,381.5,1.36,-1.1,-1.7,1.28,1.17,1.1,402.3,0.0
2026-06-20,144,BW-102,Bramblewick Granola Clusters Cocoa 12oz,Granola,Fernhollow Market,986.9,6.29,4.4,4796.27,4.86,1,0.3,1,1,1,0,0,0,110,0.977,0,383.7,1.36,-1.1,-1.7,1.28,1.17,1.1,386.4,600.5
2026-06-27,145,BW-102,Bramblewick Granola Clusters Cocoa 12oz,Granola,Fernhollow Market,1153.1,6.29,4.4,5142.82,4.46,1,0.3,1,1,1,0,0,0,109,0.968,0,402.3,1.36,-1.1,-1.7,1.28,1.17,1.1,386.4,766.7
2026-07-04,146,BW-102,Bramblewick Granola Clusters Cocoa 12oz,Granola,Fernhollow Market,1110.2,6.29,4.4,4995.71,4.5,1,0.3,1,1,1,0,0,0,110,0.977,0,421.7,1.36,-1.1,-1.7,1.28,1.17,1.1,386.4,723.8
2026-07-11,147,BW-102,Bramblewick Granola Clusters Cocoa 12oz,Granola,Fernhollow Market,337.9,6.29,6.29,2125.53,6.29,0,0.0,0,0,0,0,0,1,109,0.968,0,392.6,1.36,-1.1,-1.7,1.28,1.17,1.1,337.9,0.0
2026-07-18,148,BW-102,Bramblewick Granola Clusters Cocoa 12oz,Granola,Fernhollow Market,374.8,6.29,6.29,2357.63,6.29,0,0.0,0,0,0,0,0,0,110,0.977,0,401.6,1.36,-1.1,-1.7,1.28,1.17,1.1,374.8,0.0
2026-07-25,149,BW-102,Bramblewick Granola Clusters Cocoa 12oz,Granola,Fernhollow Market,359.7,6.29,6.29,2262.62,6.29,0,0.0,0,0,0,0,0,0,111,0.985,0,410.9,1.36,-1.1,-1.7,1.28,1.17,1.1,359.7,0.0
2026-08-01,150,BW-102,Bramblewick Granola Clusters Cocoa 12oz,Granola,Fernhollow Market,383.4,6.29,6.29,2411.78,6.29,0,0.0,0,0,0,1,0,0,110,0.977,0,412.9,1.36,-1.1,-1.7,1.28,1.17,1.1,383.4,0.0
2026-08-08,151,BW-102,Bramblewick Granola Clusters Cocoa 12oz,Granola,Fernhollow Market,404.3,6.29,6.29,2542.91,6.29,0,0.0,0,0,0,1,0,0,109,0.968,0,414.5,1.36,-1.1,-1.7,1.28,1.17,1.1,404.3,0.0
2026-08-15,152,BW-102,Bramblewick Granola Clusters Cocoa 12oz,Granola,Fernhollow Market,383.5,6.29,6.29,2412.16,6.29,0,0.0,0,0,0,1,0,0,111,0.985,0,427.4,1.36,-1.1,-1.7,1.28,1.17,1.1,383.5,0.0
2026-08-22,153,BW-102,Bramblewick Granola Clusters Cocoa 12oz,Granola,Fernhollow Market,417.7,6.29,6.29,2627.54,6.29,0,0.0,0,0,0,1,0,0,111,0.985,0,499.1,1.36,-1.1,-1.7,1.28,1.17,1.1,417.7,0.0
2026-08-29,154,BW-102,Bramblewick Granola Clusters Cocoa 12oz,Granola,Fernhollow Market,505.2,6.29,6.29,3177.92,6.29,0,0.0,0,0,0,0,0,0,109,0.968,0,495.1,1.36,-1.1,-1.7,1.28,1.17,1.1,505.2,0.0
2026-09-05,155,BW-102,Bramblewick Granola Clusters Cocoa 12oz,Granola,Fernhollow Market,406.0,6.29,6.29,2553.75,6.29,0,0.0,0,0,0,0,0,0,111,0.985,0,440.6,1.36,-1.1,-1.7,1.28,1.17,1.1,406.0,0.0
2023-09-16,0,BW-102,Bramblewick Granola Clusters Cocoa 12oz,Granola,Granite Peak Grocers,308.0,4.99,4.99,1536.72,4.99,0,0.0,0,0,0,0,0,0,62,0.622,0,302.0,1.36,-1.1,-1.7,1.28,1.17,1.1,308.0,0.0
2023-09-23,1,BW-102,Bramblewick Granola Clusters Cocoa 12oz,Granola,Granite Peak Grocers,203.1,4.99,4.99,1013.24,4.99,0,0.0,0,0,0,0,0,0,61,0.612,0,259.2,1.36,-1.1,-1.7,1.28,1.17,1.1,203.1,0.0
2023-09-30,2,BW-102,Bramblewick Granola Clusters Cocoa 12oz,Granola,Granite Peak Grocers,262.1,4.99,4.99,1307.99,4.99,0,0.0,0,0,0,0,0,0,62,0.622,0,265.4,1.36,-1.1,-1.7,1.28,1.17,1.1,262.1,0.0
2023-10-07,3,BW-102,Bramblewick Granola Clusters Cocoa 12oz,Granola,Granite Peak Grocers,284.9,4.99,4.99,1421.48,4.99,0,0.0,0,0,0,0,0,0,62,0.622,0,267.6,1.36,-1.1,-1.7,1.28,1.17,1.1,284.9,0.0
2023-10-14,4,BW-102,Bramblewick Granola Clusters Cocoa 12oz,Granola,Granite Peak Grocers,266.2,4.99,4.99,1328.42,4.99,0,0.0,0,0,0,0,1,0,60,0.602,0,261.2,1.36,-1.1,-1.7,1.28,1.17,1.1,266.2,0.0
2023-10-21,5,BW-102,Bramblewick Granola Clusters Cocoa 12oz,Granola,Granite Peak Grocers,372.8,4.99,4.24,1647.84,4.42,1,0.15,0,0,0,0,0,0,61,0.612,0,268.3,1.36,-1.1,-1.7,1.28,1.17,1.1,266.2,106.6
2023-10-28,6,BW-102,Bramblewick Granola Clusters Cocoa 12oz,Granola,Granite Peak Grocers,290.8,4.99,4.99,1450.87,4.99,0,0.0,0,0,0,0,0,1,61,0.612,0,271.4,1.36,-1.1,-1.7,1.28,1.17,1.1,290.8,0.0
2023-11-04,7,BW-102,Bramblewick Granola Clusters Cocoa 12oz,Granola,Granite Peak Grocers,277.6,4.99,4.99,1384.99,4.99,0,0.0,0,0,0,0,0,0,62,0.622,0,279.5,1.36,-1.1,-1.7,1.28,1.17,1.1,277.6,0.0
2023-11-11,8,BW-102,Bramblewick Granola Clusters Cocoa 12oz,Granola,Granite Peak Grocers,225.9,4.99,4.99,1127.09,4.99,0,0.0,0,0,0,1,0,0,61,0.612,0,279.1,1.36,-1.1,-1.7,1.28,1.17,1.1,225.9,0.0
2023-11-18,9,BW-102,Bramblewick Granola Clusters Cocoa 12oz,Granola,Granite Peak Grocers,326.6,4.99,4.99,1629.83,4.99,0,0.0,0,0,0,1,0,0,61,0.612,0,335.7,1.36,-1.1,-1.7,1.28,1.17,1.1,326.6,0.0
2023-11-25,10,BW-102,Bramblewick Granola Clusters Cocoa 12oz,Granola,Granite Peak Grocers,464.2,4.99,4.99,2316.59,4.99,0,0.0,0,0,0,0,0,0,61,0.612,0,367.4,1.36,-1.1,-1.7,1.28,1.17,1.1,464.2,0.0
2023-12-02,11,BW-102,Bramblewick Granola Clusters Cocoa 12oz,Granola,Granite Peak Grocers,288.5,4.99,4.99,1439.51,4.99,0,0.0,0,0,0,0,0,0,62,0.622,0,299.4,1.36,-1.1,-1.7,1.28,1.17,1.1,288.5,0.0
2023-12-09,12,BW-102,Bramblewick Granola Clusters Cocoa 12oz,Granola,Granite Peak Grocers,361.0,4.99,4.99,1801.22,4.99,0,0.0,0,0,0,0,0,0,62,0.622,0,305.4,1.36,-1.1,-1.7,1.28,1.17,1.1,361.0,0.0
2023-12-16,13,BW-102,Bramblewick Granola Clusters Cocoa 12oz,Granola,Granite Peak Grocers,316.7,4.99,4.99,1580.36,4.99,0,0.0,0,0,0,1,0,0,64,0.642,0,366.9,1.36,-1.1,-1.7,1.28,1.17,1.1,316.7,0.0
2023-12-23,14,BW-102,Bramblewick Granola Clusters Cocoa 12oz,Granola,Granite Peak Grocers,311.4,4.99,4.99,1553.88,4.99,0,0.0,0,0,0,1,1,0,63,0.632,0,434.0,1.36,-1.1,-1.7,1.28,1.17,1.1,311.4,0.0
2023-12-30,15,BW-102,Bramblewick Granola Clusters Cocoa 12oz,Granola,Granite Peak Grocers,1066.0,4.99,3.49,3858.88,3.62,1,0.3,1,1,1,1,0,0,65,0.652,0,399.3,1.36,-1.1,-1.7,1.28,1.17,1.1,314.0,752.0
2024-01-06,16,BW-102,Bramblewick Granola Clusters Cocoa 12oz,Granola,Granite Peak Grocers,1206.1,4.99,3.49,4426.38,3.67,1,0.3,1,1,1,1,0,0,63,0.632,0,449.7,1.36,-1.1,-1.7,1.28,1.17,1.1,314.0,892.0
2024-01-13,17,BW-102,Bramblewick Granola Clusters Cocoa 12oz,Granola,Granite Peak Grocers,423.6,4.99,4.99,2113.77,4.99,0,0.0,0,0,0,1,0,1,63,0.632,0,455.1,1.36,-1.1,-1.7,1.28,1.17,1.1,423.6,0.0
2024-01-20,18,BW-102,Bramblewick Granola Clusters Cocoa 12oz,Granola,Granite Peak Grocers,114.2,4.99,4.99,569.9,4.99,0,0.0,0,0,0,0,0,0,65,0.652,1,350.8,1.36,-1.1,-1.7,1.28,1.17,1.1,114.2,0.0
2024-01-27,19,BW-102,Bramblewick Granola Clusters Cocoa 12oz,Granola,Granite Peak Grocers,291.8,4.99,4.99,1456.22,4.99,0,0.0,0,0,0,1,0,0,65,0.652,0,352.2,1.36,-1.1,-1.7,1.28,1.17,1.1,291.8,0.0
2024-02-03,20,BW-102,Bramblewick Granola Clusters Cocoa 12oz,Granola,Granite Peak Grocers,314.3,4.99,4.99,1568.39,4.99,0,0.0,0,0,0,1,0,0,65,0.652,0,352.0,1.36,-1.1,-1.7,1.28,1.17,1.1,314.3,0.0
2024-02-10,21,BW-102,Bramblewick Granola Clusters Cocoa 12oz,Granola,Granite Peak Grocers,396.2,4.99,4.99,1976.97,4.99,0,0.0,0,0,0,0,0,0,63,0.632,0,339.4,1.36,-1.1,-1.7,1.28,1.17,1.1,396.2,0.0
2024-02-17,22,BW-102,Bramblewick Granola Clusters Cocoa 12oz,Granola,Granite Peak Grocers,333.1,4.99,4.99,1662.41,4.99,0,0.0,0,0,0,0,0,0,63,0.632,0,335.9,1.36,-1.1,-1.7,1.28,1.17,1.1,333.1,0.0
2024-02-24,23,BW-102,Bramblewick Granola Clusters Cocoa 12oz,Granola,Granite Peak Grocers,305.8,4.99,4.99,1525.81,4.99,0,0.0,0,0,0,0,0,0,63,0.632,0,331.0,1.36,-1.1,-1.7,1.28,1.17,1.1,305.8,0.0
2024-03-02,24,BW-102,Bramblewick Granola Clusters Cocoa 12oz,Granola,Granite Peak Grocers,306.7,4.99,4.99,1530.41,4.99,0,0.0,0,0,0,1,0,0,65,0.652,0,334.9,1.36,-1.1,-1.7,1.28,1.17,1.1,306.7,0.0
2024-03-09,25,BW-102,Bramblewick Granola Clusters Cocoa 12oz,Granola,Granite Peak Grocers,298.6,4.99,4.99,1489.98,4.99,0,0.0,0,0,0,0,0,0,65,0.652,0,327.3,1.36,-1.1,-1.7,1.28,1.17,1.1,298.6,0.0
2024-03-16,26,BW-102,Bramblewick Granola Clusters Cocoa 12oz,Granola,Granite Peak Grocers,328.6,4.99,4.99,1639.62,4.99,0,0.0,0,0,0,0,1,0,66,0.662,0,323.7,1.36,-1.1,-1.7,1.28,1.17,1.1,328.6,0.0
2024-03-23,27,BW-102,Bramblewick Granola Clusters Cocoa 12oz,Granola,Granite Peak Grocers,439.3,4.99,4.49,2020.62,4.6,1,0.1,0,0,0,0,0,0,67,0.672,0,319.3,1.36,-1.1,-1.7,1.28,1.17,1.1,310.5,128.8
2024-03-30,28,BW-102,Bramblewick Granola Clusters Cocoa 12oz,Granola,Granite Peak Grocers,280.1,5.29,5.29,1481.63,5.29,0,0.0,0,0,0,0,0,1,68,0.682,0,295.0,1.36,-1.1,-1.7,1.28,1.17,1.1,280.1,0.0
2024-04-06,29,BW-102,Bramblewick Granola Clusters Cocoa 12oz,Granola,Granite Peak Grocers,262.0,5.29,5.29,1386.0,5.29,0,0.0,0,0,0,0,1,0,68,0.682,0,286.1,1.36,-1.1,-1.7,1.28,1.17,1.1,262.0,0.0
2024-04-13,30,BW-102,Bramblewick Granola Clusters Cocoa 12oz,Granola,Granite Peak Grocers,371.9,5.29,4.5,1688.48,4.54,1,0.15,0,0,0,0,0,0,68,0.682,0,277.7,1.36,-1.1,-1.7,1.28,1.17,1.1,306.2,65.6
2024-04-20,31,BW-102,Bramblewick Granola Clusters Cocoa 12oz,Granola,Granite Peak Grocers,282.9,5.29,4.5,1318.1,4.66,1,0.15,0,0,0,0,0,0,66,0.662,0,262.0,1.36,-1.1,-1.7,1.28,1.17,1.1,306.2,0.0
2024-04-27,32,BW-102,Bramblewick Granola Clusters Cocoa 12oz,Granola,Granite Peak Grocers,290.9,5.29,5.29,1539.11,5.29,0,0.0,0,0,0,0,0,1,68,0.682,0,263.0,1.36,-1.1,-1.7,1.28,1.17,1.1,290.9,0.0
2024-05-04,33,BW-102,Bramblewick Granola Clusters Cocoa 12oz,Granola,Granite Peak Grocers,323.9,5.29,5.29,1713.17,5.29,0,0.0,0,0,0,0,0,0,66,0.662,0,249.5,1.36,-1.1,-1.7,1.28,1.17,1.1,323.9,0.0
2024-05-11,34,BW-102,Bramblewick Granola Clusters Cocoa 12oz,Granola,Granite Peak Grocers,249.1,5.29,5.29,1317.48,5.29,0,0.0,0,0,0,0,0,0,67,0.672,0,248.5,1.36,-1.1,-1.7,1.28,1.17,1.1,249.1,0.0
2024-05-18,35,BW-102,Bramblewick Granola Clusters Cocoa 12oz,Granola,Granite Peak Grocers,200.9,5.29,5.29,1062.88,5.29,0,0.0,0,0,0,0,0,0,67,0.672,0,252.2,1.36,-1.1,-1.7,1.28,1.17,1.1,200.9,0.0
2024-05-25,36,BW-102,Bramblewick Granola Clusters Cocoa 12oz,Granola,Granite Peak Grocers,206.9,5.29,5.29,1094.46,5.29,0,0.0,0,0,0,1,0,0,67,0.672,0,253.3,1.36,-1.1,-1.7,1.28,1.17,1.1,206.9,0.0
2024-06-01,37,BW-102,Bramblewick Granola Clusters Cocoa 12oz,Granola,Granite Peak Grocers,205.2,5.29,5.29,1085.3,5.29,0,0.0,0,0,0,0,0,0,67,0.672,0,240.6,1.36,-1.1,-1.7,1.28,1.17,1.1,205.2,0.0
2024-06-08,38,BW-102,Bramblewick Granola Clusters Cocoa 12oz,Granola,Granite Peak Grocers,171.8,5.29,5.29,908.73,5.29,0,0.0,0,0,0,1,0,0,67,0.672,0,240.0,1.36,-1.1,-1.7,1.28,1.17,1.1,171.8,0.0
2024-06-15,39,BW-102,Bramblewick Granola Clusters Cocoa 12oz,Granola,Granite Peak Grocers,217.7,5.29,5.29,1151.4,5.29,0,0.0,0,0,0,1,0,0,70,0.702,0,251.2,1.36,-1.1,-1.7,1.28,1.17,1.1,217.7,0.0
2024-06-22,40,BW-102,Bramblewick Granola Clusters Cocoa 12oz,Granola,Granite Peak Grocers,221.3,5.29,5.29,1170.91,5.29,0,0.0,0,0,0,1,0,0,71,0.713,0,256.1,1.36,-1.1,-1.7,1.28,1.17,1.1,221.3,0.0
2024-06-29,41,BW-102,Bramblewick Granola Clusters Cocoa 12oz,Granola,Granite Peak Grocers,207.5,5.29,5.29,1097.54,5.29,0,0.0,0,0,0,1,1,0,69,0.692,0,263.2,1.36,-1.1,-1.7,1.28,1.17,1.1,207.5,0.0
2024-07-06,42,BW-102,Bramblewick Granola Clusters Cocoa 12oz,Granola,Granite Peak Grocers,688.6,5.29,3.97,2871.53,4.17,1,0.25,0,1,1,1,0,0,71,0.713,0,281.2,1.36,-1.1,-1.7,1.28,1.17,1.1,207.2,481.4
2024-07-13,43,BW-102,Bramblewick Granola Clusters Cocoa 12oz,Granola,Granite Peak Grocers,217.0,5.29,5.29,1147.86,5.29,0,0.0,0,0,0,1,0,1,71,0.713,0,264.0,1.36,-1.1,-1.7,1.28,1.17,1.1,217.0,0.0
2024-07-20,44,BW-102,Bramblewick Granola Clusters Cocoa 12oz,Granola,Granite Peak Grocers,240.1,5.29,5.29,1270.33,5.29,0,0.0,0,0,0,0,0,0,71,0.713,0,267.5,1.36,-1.1,-1.7,1.28,1.17,1.1,240.1,0.0
2024-07-27,45,BW-102,Bramblewick Granola Clusters Cocoa 12oz,Granola,Granite Peak Grocers,275.8,5.29,5.29,1459.23,5.29,0,0.0,0,0,0,0,0,0,69,0.692,0,263.5,1.36,-1.1,-1.7,1.28,1.17,1.1,275.8,0.0
2024-08-03,46,BW-102,Bramblewick Granola Clusters Cocoa 12oz,Granola,Granite Peak Grocers,229.4,5.29,5.29,1213.75,5.29,0,0.0,0,0,0,0,1,0,71,0.713,0,274.7,1.36,-1.1,-1.7,1.28,1.17,1.1,229.4,0.0
2024-08-10,47,BW-102,Bramblewick Granola Clusters Cocoa 12oz,Granola,Granite Peak Grocers,707.6,5.29,3.7,2710.18,3.83,1,0.3,1,1,0,0,0,0,69,0.692,0,270.4,1.36,-1.1,-1.7,1.28,1.17,1.1,219.5,488.1
2024-08-17,48,BW-102,Bramblewick Granola Clusters Cocoa 12oz,Granola,Granite Peak Grocers,669.3,5.29,3.7,2703.9,4.04,1,0.3,1,1,0,0,0,0,69,0.692,0,273.5,1.36,-1.1,-1.7,1.28,1.17,1.1,219.5,449.8
2024-08-24,49,BW-102,Bramblewick Granola Clusters Cocoa 12oz,Granola,Granite Peak Grocers,915.2,5.29,3.7,3596.91,3.93,1,0.3,1,1,0,1,0,0,69,0.692,0,319.3,1.36,-1.1,-1.7,1.28,1.17,1.1,219.5,695.7
2024-08-31,50,BW-102,Bramblewick Granola Clusters Cocoa 12oz,Granola,Granite Peak Grocers,256.1,5.29,5.29,1354.78,5.29,0,0.0,0,0,0,1,0,1,69,0.692,0,322.4,1.36,-1.1,-1.7,1.28,1.17,1.1,256.1,0.0
2024-09-07,51,BW-102,Bramblewick Granola Clusters Cocoa 12oz,Granola,Granite Peak Grocers,235.8,5.29,5.29,1247.23,5.29,0,0.0,0,0,0,1,0,0,70,0.702,0,285.7,1.36,-1.1,-1.7,1.28,1.17,1.1,235.8,0.0
2024-09-14,52,BW-102,Bramblewick Granola Clusters Cocoa 12oz,Granola,Granite Peak Grocers,313.4,5.29,5.29,1657.89,5.29,0,0.0,0,0,0,0,0,0,74,0.743,0,304.4,1.36,-1.1,-1.7,1.28,1.17,1.1,313.4,0.0
2024-09-21,53,BW-102,Bramblewick Granola Clusters Cocoa 12oz,Granola,Granite Peak Grocers,305.9,5.29,5.29,1618.41,5.29,0,0.0,0,0,0,0,1,0,73,0.733,0,302.6,1.36,-1.1,-1.7,1.28,1.17,1.1,305.9,0.0
2024-09-28,54,BW-102,Bramblewick Granola Clusters Cocoa 12oz,Granola,Granite Peak Grocers,539.8,5.29,4.23,2310.3,4.28,1,0.2,0,1,0,0,0,0,73,0.733,0,304.8,1.36,-1.1,-1.7,1.28,1.17,1.1,248.1,291.7
2024-10-05,55,BW-102,Bramblewick Granola Clusters Cocoa 12oz,Granola,Granite Peak Grocers,280.6,5.29,5.29,1484.17,5.29,0,0.0,0,0,0,1,0,1,72,0.723,0,303.1,1.36,-1.1,-1.7,1.28,1.17,1.1,280.6,0.0
2024-10-12,56,BW-102,Bramblewick Granola Clusters Cocoa 12oz,Granola,Granite Peak Grocers,246.4,5.29,5.29,1303.35,5.29,0,0.0,0,0,0,1,0,0,74,0.743,0,314.3,1.36,-1.1,-1.7,1.28,1.17,1.1,246.4,0.0
2024-10-19,57,BW-102,Bramblewick Granola Clusters Cocoa 12oz,Granola,Granite Peak Grocers,331.7,5.29,5.29,1754.56,5.29,0,0.0,0,0,0,0,0,0,74,0.743,0,317.4,1.36,-1.1,-1.7,1.28,1.17,1.1,331.7,0.0
2024-10-26,58,BW-102,Bramblewick Granola Clusters Cocoa 12oz,Granola,Granite Peak Grocers,330.7,5.29,5.29,1749.45,5.29,0,0.0,0,0,0,1,0,0,72,0.723,0,312.4,1.36,-1.1,-1.7,1.28,1.17,1.1,330.7,0.0
2024-11-02,59,BW-102,Bramblewick Granola Clusters Cocoa 12oz,Granola,Granite Peak Grocers,286.7,5.29,5.29,1516.67,5.29,0,0.0,0,0,0,1,0,0,74,0.743,0,325.4,1.36,-1.1,-1.7,1.28,1.17,1.1,286.7,0.0
2024-11-09,60,BW-102,Bramblewick Granola Clusters Cocoa 12oz,Granola,Granite Peak Grocers,255.3,5.29,5.29,1350.64,5.29,0,0.0,0,0,0,0,0,0,73,0.733,0,325.8,1.36,-1.1,-1.7,1.28,1.17,1.1,255.3,0.0
2024-11-16,61,BW-102,Bramblewick Granola Clusters Cocoa 12oz,Granola,Granite Peak Grocers,373.9,5.29,5.29,1977.92,5.29,0,0.0,0,0,0,0,0,0,74,0.743,0,335.8,1.36,-1.1,-1.7,1.28,1.17,1.1,373.9,0.0
2024-11-23,62,BW-102,Bramblewick Granola Clusters Cocoa 12oz,Granola,Granite Peak Grocers,348.1,5.29,5.29,1841.62,5.29,0,0.0,0,0,0,1,0,0,74,0.743,0,404.5,1.36,-1.1,-1.7,1.28,1.17,1.1,348.1,0.0
2024-11-30,63,BW-102,Bramblewick Granola Clusters Cocoa 12oz,Granola,Granite Peak Grocers,463.1,5.29,5.29,2450.03,5.29,0,0.0,0,0,0,0,0,0,72,0.723,0,431.2,1.36,-1.1,-1.7,1.28,1.17,1.1,463.1,0.0
2024-12-07,64,BW-102,Bramblewick Granola Clusters Cocoa 12oz,Granola,Granite Peak Grocers,347.1,5.29,5.29,1836.27,5.29,0,0.0,0,0,0,0,1,0,73,0.733,0,350.7,1.36,-1.1,-1.7,1.28,1.17,1.1,347.1,0.0
2024-12-14,65,BW-102,Bramblewick Granola Clusters Cocoa 12oz,Granola,Granite Peak Grocers,1131.0,5.29,3.97,4580.63,4.05,1,0.25,1,1,0,1,0,0,76,0.763,0,424.9,1.36,-1.1,-1.7,1.28,1.17,1.1,339.4,791.6
2024-12-21,66,BW-102,Bramblewick Granola Clusters Cocoa 12oz,Granola,Granite Peak Grocers,1459.8,5.29,3.97,6218.72,4.26,1,0.25,1,1,0,1,0,0,75,0.753,0,504.0,1.36,-1.1,-1.7,1.28,1.17,1.1,339.4,1120.4
2024-12-28,67,BW-102,Bramblewick Granola Clusters Cocoa 12oz,Granola,Granite Peak Grocers,373.1,5.29,5.29,1973.69,5.29,0,0.0,0,0,0,1,0,1,75,0.753,0,449.4,1.36,-1.1,-1.7,1.28,1.17,1.1,373.1,0.0
2025-01-04,68,BW-102,Bramblewick Granola Clusters Cocoa 12oz,Granola,Granite Peak Grocers,569.7,5.29,5.29,3013.48,5.29,0,0.0,0,0,0,0,0,0,75,0.753,0,522.1,1.36,-1.1,-1.7,1.28,1.17,1.1,569.7,0.0
2025-01-11,69,BW-102,Bramblewick Granola Clusters Cocoa 12oz,Granola,Granite Peak Grocers,445.4,5.29,5.29,2356.36,5.29,0,0.0,0,0,0,0,1,0,76,0.763,0,535.5,1.36,-1.1,-1.7,1.28,1.17,1.1,445.4,0.0
2025-01-18,70,BW-102,Bramblewick Granola Clusters Cocoa 12oz,Granola,Granite Peak Grocers,470.8,5.29,4.5,2193.83,4.66,1,0.15,0,0,0,0,0,0,77,0.773,0,405.3,1.36,-1.1,-1.7,1.28,1.17,1.1,373.5,97.3
2025-01-25,71,BW-102,Bramblewick Granola Clusters Cocoa 12oz,Granola,Granite Peak Grocers,373.5,5.29,5.29,1975.55,5.29,0,0.0,0,0,0,0,0,1,77,0.773,0,407.0,1.36,-1.1,-1.7,1.28,1.17,1.1,373.5,0.0
2025-02-01,72,BW-102,Bramblewick Granola Clusters Cocoa 12oz,Granola,Granite Peak Grocers,169.1,5.29,5.29,894.75,5.29,0,0.0,0,0,0,0,0,0,77,0.773,1,406.8,1.36,-1.1,-1.7,1.28,1.17,1.1,169.1,0.0
2025-02-08,73,BW-102,Bramblewick Granola Clusters Cocoa 12oz,Granola,Granite Peak Grocers,312.0,5.29,5.29,1650.36,5.29,0,0.0,0,0,0,1,1,0,77,0.773,0,404.6,1.36,-1.1,-1.7,1.28,1.17,1.1,312.0,0.0
2025-02-15,74,BW-102,Bramblewick Granola Clusters Cocoa 12oz,Granola,Granite Peak Grocers,456.4,5.29,4.76,2195.06,4.81,1,0.1,0,0,0,1,0,0,77,0.773,0,400.5,1.36,-1.1,-1.7,1.28,1.17,1.1,373.3,83.1
2025-02-22,75,BW-102,Bramblewick Granola Clusters Cocoa 12oz,Granola,Granite Peak Grocers,394.9,5.29,5.29,2089.06,5.29,0,0.0,0,0,0,0,0,1,77,0.773,0,394.6,1.36,-1.1,-1.7,1.28,1.17,1.1,394.9,0.0
2025-03-01,76,BW-102,Bramblewick Granola Clusters Cocoa 12oz,Granola,Granite Peak Grocers,355.7,5.29,5.29,1881.64,5.29,0,0.0,0,0,0,0,0,0,75,0.753,0,377.0,1.36,-1.1,-1.7,1.28,1.17,1.1,355.7,0.0
2025-03-08,77,BW-102,Bramblewick Granola Clusters Cocoa 12oz,Granola,Granite Peak Grocers,319.2,5.29,5.29,1688.42,5.29,0,0.0,0,0,0,0,0,0,75,0.753,0,368.3,1.36,-1.1,-1.7,1.28,1.17,1.1,319.2,0.0
2025-03-15,78,BW-102,Bramblewick Granola Clusters Cocoa 12oz,Granola,Granite Peak Grocers,308.0,5.29,5.29,1629.39,5.29,0,0.0,0,0,0,0,0,0,80,0.803,0,382.7,1.36,-1.1,-1.7,1.28,1.17,1.1,308.0,0.0
2025-03-22,79,BW-102,Bramblewick Granola Clusters Cocoa 12oz,Granola,Granite Peak Grocers,405.6,5.29,5.29,2145.74,5.29,0,0.0,0,0,0,0,0,0,80,0.803,0,371.9,1.36,-1.1,-1.7,1.28,1.17,1.1,405.6,0.0
2025-03-29,80,BW-102,Bramblewick Granola Clusters Cocoa 12oz,Granola,Granite Peak Grocers,310.6,5.29,5.29,1643.19,5.29,0,0.0,0,0,0,0,0,0,78,0.783,0,351.9,1.36,-1.1,-1.7,1.28,1.17,1.1,310.6,0.0
2025-04-05,81,BW-102,Bramblewick Granola Clusters Cocoa 12oz,Granola,Granite Peak Grocers,359.2,5.29,5.29,1900.27,5.29,0,0.0,0,0,0,0,0,0,79,0.793,0,345.8,1.36,-1.1,-1.7,1.28,1.17,1.1,359.2,0.0
2025-04-12,82,BW-102,Bramblewick Granola Clusters Cocoa 12oz,Granola,Granite Peak Grocers,350.6,5.29,5.29,1854.77,5.29,0,0.0,0,0,0,0,0,0,78,0.783,0,331.3,1.36,-1.1,-1.7,1.28,1.17,1.1,350.6,0.0
2025-04-19,83,BW-102,Bramblewick Granola Clusters Cocoa 12oz,Granola,Granite Peak Grocers,295.8,5.29,5.29,1565.02,5.29,0,0.0,0,0,0,0,0,0,80,0.803,0,330.3,1.36,-1.1,-1.7,1.28,1.17,1.1,295.8,0.0
2025-04-26,84,BW-102,Bramblewick Granola Clusters Cocoa 12oz,Granola,Granite Peak Grocers,293.8,5.29,5.29,1554.0,5.29,0,0.0,0,0,0,1,0,0,79,0.793,0,317.8,1.36,-1.1,-1.7,1.28,1.17,1.1,293.8,0.0
2025-05-03,85,BW-102,Bramblewick Granola Clusters Cocoa 12oz,Granola,Granite Peak Grocers,248.4,5.29,5.29,1313.85,5.29,0,0.0,0,0,0,0,0,0,80,0.803,0,314.6,1.36,-1.1,-1.7,1.28,1.17,1.1,248.4,0.0
2025-05-10,86,BW-102,Bramblewick Granola Clusters Cocoa 12oz,Granola,Granite Peak Grocers,288.8,5.49,5.49,1585.75,5.49,0,0.0,0,0,0,0,0,0,79,0.793,0,292.5,1.36,-1.1,-1.7,1.28,1.17,1.1,288.8,0.0
2025-05-17,87,BW-102,Bramblewick Granola Clusters Cocoa 12oz,Granola,Granite Peak Grocers,260.0,5.49,5.49,1427.47,5.49,0,0.0,0,0,0,0,0,0,80,0.803,0,291.8,1.36,-1.1,-1.7,1.28,1.17,1.1,260.0,0.0
2025-05-24,88,BW-102,Bramblewick Granola Clusters Cocoa 12oz,Granola,Granite Peak Grocers,265.0,5.49,5.49,1454.83,5.49,0,0.0,0,0,0,1,0,0,79,0.793,0,293.7,1.36,-1.1,-1.7,1.28,1.17,1.1,265.0,0.0
2025-05-31,89,BW-102,Bramblewick Granola Clusters Cocoa 12oz,Granola,Granite Peak Grocers,263.0,5.49,5.49,1443.84,5.49,0,0.0,0,0,0,1,0,0,78,0.783,0,292.5,1.36,-1.1,-1.7,1.28,1.17,1.1,263.0,0.0
2025-06-07,90,BW-102,Bramblewick Granola Clusters Cocoa 12oz,Granola,Granite Peak Grocers,291.8,5.49,5.49,1602.06,5.49,0,0.0,0,0,0,0,0,0,80,0.803,0,286.2,1.36,-1.1,-1.7,1.28,1.17,1.1,291.8,0.0
2025-06-14,91,BW-102,Bramblewick Granola Clusters Cocoa 12oz,Granola,Granite Peak Grocers,314.5,5.49,5.49,1726.58,5.49,0,0.0,0,0,0,0,0,0,82,0.823,0,293.8,1.36,-1.1,-1.7,1.28,1.17,1.1,314.5,0.0
2025-06-21,92,BW-102,Bramblewick Granola Clusters Cocoa 12oz,Granola,Granite Peak Grocers,275.1,5.49,5.49,1510.09,5.49,0,0.0,0,0,0,0,0,0,82,0.823,0,295.3,1.36,-1.1,-1.7,1.28,1.17,1.1,275.1,0.0
2025-06-28,93,BW-102,Bramblewick Granola Clusters Cocoa 12oz,Granola,Granite Peak Grocers,262.9,5.49,5.49,1443.26,5.49,0,0.0,0,0,0,0,0,0,81,0.813,0,308.6,1.36,-1.1,-1.7,1.28,1.17,1.1,262.9,0.0
2025-07-05,94,BW-102,Bramblewick Granola Clusters Cocoa 12oz,Granola,Granite Peak Grocers,279.2,5.49,5.49,1532.83,5.49,0,0.0,0,0,0,0,0,0,81,0.813,0,320.3,1.36,-1.1,-1.7,1.28,1.17,1.1,279.2,0.0
2025-07-12,95,BW-102,Bramblewick Granola Clusters Cocoa 12oz,Granola,Granite Peak Grocers,295.3,5.49,5.49,1621.03,5.49,0,0.0,0,0,0,1,0,0,81,0.813,0,300.8,1.36,-1.1,-1.7,1.28,1.17,1.1,295.3,0.0
2025-07-19,96,BW-102,Bramblewick Granola Clusters Cocoa 12oz,Granola,Granite Peak Grocers,238.9,5.49,5.49,1311.52,5.49,0,0.0,0,0,0,1,0,0,81,0.813,0,304.7,1.36,-1.1,-1.7,1.28,1.17,1.1,238.9,0.0
2025-07-26,97,BW-102,Bramblewick Granola Clusters Cocoa 12oz,Granola,Granite Peak Grocers,296.9,5.49,5.49,1630.23,5.49,0,0.0,0,0,0,0,0,0,81,0.813,0,308.8,1.36,-1.1,-1.7,1.28,1.17,1.1,296.9,0.0
2025-08-02,98,BW-102,Bramblewick Granola Clusters Cocoa 12oz,Granola,Granite Peak Grocers,281.5,5.49,5.49,1545.51,5.49,0,0.0,0,0,0,1,1,0,83,0.833,0,320.6,1.36,-1.1,-1.7,1.28,1.17,1.1,281.5,0.0
2025-08-09,99,BW-102,Bramblewick Granola Clusters Cocoa 12oz,Granola,Granite Peak Grocers,412.7,5.49,4.67,1993.32,4.83,1,0.15,0,0,0,0,0,0,82,0.823,0,320.8,1.36,-1.1,-1.7,1.28,1.17,1.1,280.4,132.3
2025-08-16,100,BW-102,Bramblewick Granola Clusters Cocoa 12oz,Granola,Granite Peak Grocers,376.1,5.49,4.67,1831.51,4.87,1,0.15,0,0,0,0,0,0,83,0.833,0,328.5,1.36,-1.1,-1.7,1.28,1.17,1.1,280.4,95.8
2025-08-23,101,BW-102,Bramblewick Granola Clusters Cocoa 12oz,Granola,Granite Peak Grocers,275.5,5.49,5.49,1512.73,5.49,0,0.0,0,0,0,0,0,1,81,0.813,0,374.3,1.36,-1.1,-1.7,1.28,1.17,1.1,275.5,0.0
2025-08-30,102,BW-102,Bramblewick Granola Clusters Cocoa 12oz,Granola,Granite Peak Grocers,377.7,5.49,5.49,2073.76,5.49,0,0.0,0,0,0,1,0,0,83,0.833,0,387.2,1.36,-1.1,-1.7,1.28,1.17,1.1,377.7,0.0
2025-09-06,103,BW-102,Bramblewick Granola Clusters Cocoa 12oz,Granola,Granite Peak Grocers,275.7,5.49,5.49,1513.36,5.49,0,0.0,0,0,0,1,0,0,82,0.823,0,334.1,1.36,-1.1,-1.7,1.28,1.17,1.1,275.7,0.0
2025-09-13,104,BW-102,Bramblewick Granola Clusters Cocoa 12oz,Granola,Granite Peak Grocers,291.5,5.49,5.49,1600.24,5.49,0,0.0,0,0,0,0,0,0,85,0.853,0,349.1,1.36,-1.1,-1.7,1.28,1.17,1.1,291.5,0.0
2025-09-20,105,BW-102,Bramblewick Granola Clusters Cocoa 12oz,Granola,Granite Peak Grocers,331.3,5.49,5.49,1818.61,5.49,0,0.0,0,0,0,0,0,0,86,0.863,0,355.9,1.36,-1.1,-1.7,1.28,1.17,1.1,331.3,0.0
2025-09-27,106,BW-102,Bramblewick Granola Clusters Cocoa 12oz,Granola,Granite Peak Grocers,351.9,5.49,5.49,1931.77,5.49,0,0.0,0,0,0,0,0,0,84,0.843,0,350.3,1.36,-1.1,-1.7,1.28,1.17,1.1,351.9,0.0
2025-10-04,107,BW-102,Bramblewick Granola Clusters Cocoa 12oz,Granola,Granite Peak Grocers,287.4,5.49,5.49,1577.79,5.49,0,0.0,0,0,0,0,0,0,85,0.853,0,357.3,1.36,-1.1,-1.7,1.28,1.17,1.1,287.4,0.0
2025-10-11,108,BW-102,Bramblewick Granola Clusters Cocoa 12oz,Granola,Granite Peak Grocers,365.7,5.49,5.49,2007.5,5.49,0,0.0,0,0,0,0,0,0,85,0.853,0,360.4,1.36,-1.1,-1.7,1.28,1.17,1.1,365.7,0.0
2025-10-18,109,BW-102,Bramblewick Granola Clusters Cocoa 12oz,Granola,Granite Peak Grocers,368.3,5.49,5.49,2022.08,5.49,0,0.0,0,0,0,0,0,0,86,0.863,0,368.3,1.36,-1.1,-1.7,1.28,1.17,1.1,368.3,0.0
2025-10-25,110,BW-102,Bramblewick Granola Clusters Cocoa 12oz,Granola,Granite Peak Grocers,382.2,5.49,5.49,2098.25,5.49,0,0.0,0,0,0,0,0,0,84,0.843,0,363.9,1.36,-1.1,-1.7,1.28,1.17,1.1,382.2,0.0
2025-11-01,111,BW-102,Bramblewick Granola Clusters Cocoa 12oz,Granola,Granite Peak Grocers,368.9,5.49,5.49,2025.44,5.49,0,0.0,0,0,0,0,0,0,84,0.843,0,368.8,1.36,-1.1,-1.7,1.28,1.17,1.1,368.9,0.0
2025-11-08,112,BW-102,Bramblewick Granola Clusters Cocoa 12oz,Granola,Granite Peak Grocers,335.1,5.49,5.49,1839.58,5.49,0,0.0,0,0,0,0,0,0,84,0.843,0,374.3,1.36,-1.1,-1.7,1.28,1.17,1.1,335.1,0.0
2025-11-15,113,BW-102,Bramblewick Granola Clusters Cocoa 12oz,Granola,Granite Peak Grocers,325.2,5.49,5.49,1785.49,5.49,0,0.0,0,0,0,0,0,0,86,0.863,0,389.7,1.36,-1.1,-1.7,1.28,1.17,1.1,325.2,0.0
2025-11-22,114,BW-102,Bramblewick Granola Clusters Cocoa 12oz,Granola,Granite Peak Grocers,394.3,5.49,5.49,2164.66,5.49,0,0.0,0,0,0,1,0,0,84,0.843,0,458.5,1.36,-1.1,-1.7,1.28,1.17,1.1,394.3,0.0
2025-11-29,115,BW-102,Bramblewick Granola Clusters Cocoa 12oz,Granola,Granite Peak Grocers,416.7,5.49,5.49,2287.72,5.49,0,0.0,0,0,0,1,0,0,84,0.843,0,502.2,1.36,-1.1,-1.7,1.28,1.17,1.1,416.7,0.0
2025-12-06,116,BW-102,Bramblewick Granola Clusters Cocoa 12oz,Granola,Granite Peak Grocers,487.9,5.49,5.49,2678.37,5.49,0,0.0,0,0,0,0,0,0,86,0.863,0,412.5,1.36,-1.1,-1.7,1.28,1.17,1.1,487.9,0.0
2025-12-13,117,BW-102,Bramblewick Granola Clusters Cocoa 12oz,Granola,Granite Peak Grocers,469.8,5.49,5.49,2579.21,5.49,0,0.0,0,0,0,0,0,0,87,0.873,0,485.7,1.36,-1.1,-1.7,1.28,1.17,1.1,469.8,0.0
2025-12-20,118,BW-102,Bramblewick Granola Clusters Cocoa 12oz,Granola,Granite Peak Grocers,609.8,5.49,5.49,3347.57,5.49,0,0.0,0,0,0,0,0,0,87,0.873,0,583.7,1.36,-1.1,-1.7,1.28,1.17,1.1,609.8,0.0
2025-12-27,119,BW-102,Bramblewick Granola Clusters Cocoa 12oz,Granola,Granite Peak Grocers,470.8,5.49,5.49,2584.88,5.49,0,0.0,0,0,0,1,0,0,89,0.893,0,532.5,1.36,-1.1,-1.7,1.28,1.17,1.1,470.8,0.0
2026-01-03,120,BW-102,Bramblewick Granola Clusters Cocoa 12oz,Granola,Granite Peak Grocers,443.0,5.49,5.49,2432.13,5.49,0,0.0,0,0,0,1,0,0,88,0.883,0,611.7,1.36,-1.1,-1.7,1.28,1.17,1.1,443.0,0.0
2026-01-10,121,BW-102,Bramblewick Granola Clusters Cocoa 12oz,Granola,Granite Peak Grocers,664.2,5.49,5.49,3646.38,5.49,0,0.0,0,0,0,0,0,0,87,0.873,0,612.1,1.36,-1.1,-1.7,1.28,1.17,1.1,664.2,0.0
2026-01-17,122,BW-102,Bramblewick Granola Clusters Cocoa 12oz,Granola,Granite Peak Grocers,443.8,5.49,5.49,2436.34,5.49,0,0.0,0,0,0,0,0,0,89,0.893,0,467.8,1.36,-1.1,-1.7,1.28,1.17,1.1,443.8,0.0
2026-01-24,123,BW-102,Bramblewick Granola Clusters Cocoa 12oz,Granola,Granite Peak Grocers,375.1,5.49,5.49,2059.08,5.49,0,0.0,0,0,0,0,1,0,87,0.873,0,459.1,1.36,-1.1,-1.7,1.28,1.17,1.1,375.1,0.0
2026-01-31,124,BW-102,Bramblewick Granola Clusters Cocoa 12oz,Granola,Granite Peak Grocers,829.9,5.49,4.39,3759.52,4.53,1,0.2,0,1,0,0,0,0,87,0.873,0,458.9,1.36,-1.1,-1.7,1.28,1.17,1.1,470.3,359.6
2026-02-07,125,BW-102,Bramblewick Granola Clusters Cocoa 12oz,Granola,Granite Peak Grocers,926.5,5.49,4.39,4243.55,4.58,1,0.2,0,1,0,1,0,0,87,0.873,0,456.5,1.36,-1.1,-1.7,1.28,1.17,1.1,470.3,456.2
2026-02-14,126,BW-102,Bramblewick Granola Clusters Cocoa 12oz,Granola,Granite Peak Grocers,343.5,5.79,5.79,1988.76,5.79,0,0.0,0,0,0,1,0,1,87,0.873,0,426.1,1.36,-1.1,-1.7,1.28,1.17,1.1,343.5,0.0
2026-02-21,127,BW-102,Bramblewick Granola Clusters Cocoa 12oz,Granola,Granite Peak Grocers,415.4,5.79,5.79,2405.25,5.79,0,0.0,0,0,0,0,0,0,89,0.893,0,429.5,1.36,-1.1,-1.7,1.28,1.17,1.1,415.4,0.0
2026-02-28,128,BW-102,Bramblewick Granola Clusters Cocoa 12oz,Granola,Granite Peak Grocers,382.8,5.79,5.79,2216.57,5.79,0,0.0,0,0,0,0,0,0,87,0.873,0,411.8,1.36,-1.1,-1.7,1.28,1.17,1.1,382.8,0.0
2026-03-07,129,BW-102,Bramblewick Granola Clusters Cocoa 12oz,Granola,Granite Peak Grocers,382.9,5.79,5.79,2217.26,5.79,0,0.0,0,0,0,0,0,0,87,0.873,0,402.4,1.36,-1.1,-1.7,1.28,1.17,1.1,382.9,0.0
2026-03-14,130,BW-102,Bramblewick Granola Clusters Cocoa 12oz,Granola,Granite Peak Grocers,457.2,5.79,5.79,2647.48,5.79,0,0.0,0,0,0,0,0,0,90,0.903,0,405.5,1.36,-1.1,-1.7,1.28,1.17,1.1,457.2,0.0
2026-03-21,131,BW-102,Bramblewick Granola Clusters Cocoa 12oz,Granola,Granite Peak Grocers,389.3,5.79,5.79,2254.03,5.79,0,0.0,0,0,0,0,1,0,92,0.923,0,402.8,1.36,-1.1,-1.7,1.28,1.17,1.1,389.3,0.0
2026-03-28,132,BW-102,Bramblewick Granola Clusters Cocoa 12oz,Granola,Granite Peak Grocers,1124.5,5.79,4.05,4925.38,4.38,1,0.3,1,1,0,0,0,0,91,0.913,0,386.6,1.36,-1.1,-1.7,1.28,1.17,1.1,386.1,738.4
2026-04-04,133,BW-102,Bramblewick Granola Clusters Cocoa 12oz,Granola,Granite Peak Grocers,1114.6,5.79,4.05,4737.17,4.25,1,0.3,1,1,0,0,0,0,91,0.913,0,375.1,1.36,-1.1,-1.7,1.28,1.17,1.1,386.1,728.5
2026-04-11,134,BW-102,Bramblewick Granola Clusters Cocoa 12oz,Granola,Granite Peak Grocers,244.6,5.79,5.79,1416.5,5.79,0,0.0,0,0,0,0,0,1,91,0.913,0,364.0,1.36,-1.1,-1.7,1.28,1.17,1.1,244.6,0.0
2026-04-18,135,BW-102,Bramblewick Granola Clusters Cocoa 12oz,Granola,Granite Peak Grocers,355.5,5.79,5.79,2058.5,5.79,0,0.0,0,0,0,0,0,0,90,0.903,0,350.0,1.36,-1.1,-1.7,1.28,1.17,1.1,355.5,0.0
2026-04-25,136,BW-102,Bramblewick Granola Clusters Cocoa 12oz,Granola,Granite Peak Grocers,366.2,5.79,5.79,2120.28,5.79,0,0.0,0,0,0,0,0,0,91,0.913,0,344.8,1.36,-1.1,-1.7,1.28,1.17,1.1,366.2,0.0
2026-05-02,137,BW-102,Bramblewick Granola Clusters Cocoa 12oz,Granola,Granite Peak Grocers,344.5,5.79,5.79,1994.58,5.79,0,0.0,0,0,0,0,0,0,91,0.913,0,337.0,1.36,-1.1,-1.7,1.28,1.17,1.1,344.5,0.0
2026-05-09,138,BW-102,Bramblewick Granola Clusters Cocoa 12oz,Granola,Granite Peak Grocers,249.1,5.79,5.79,1442.23,5.79,0,0.0,0,0,0,1,0,0,92,0.923,0,334.2,1.36,-1.1,-1.7,1.28,1.17,1.1,249.1,0.0
2026-05-16,139,BW-102,Bramblewick Granola Clusters Cocoa 12oz,Granola,Granite Peak Grocers,248.9,5.79,5.79,1440.97,5.79,0,0.0,0,0,0,1,1,0,90,0.903,0,322.0,1.36,-1.1,-1.7,1.28,1.17,1.1,248.9,0.0
2026-05-23,140,BW-102,Bramblewick Granola Clusters Cocoa 12oz,Granola,Granite Peak Grocers,622.2,5.79,4.63,3030.08,4.87,1,0.2,0,1,0,0,0,0,91,0.913,0,331.9,1.36,-1.1,-1.7,1.28,1.17,1.1,350.0,272.2
2026-05-30,141,BW-102,Bramblewick Granola Clusters Cocoa 12oz,Granola,Granite Peak Grocers,598.3,5.79,4.63,2847.96,4.76,1,0.2,0,1,0,0,0,0,90,0.903,0,331.1,1.36,-1.1,-1.7,1.28,1.17,1.1,350.0,248.3
2026-06-06,142,BW-102,Bramblewick Granola Clusters Cocoa 12oz,Granola,Granite Peak Grocers,311.0,5.79,5.79,1800.67,5.79,0,0.0,0,0,0,0,0,1,91,0.913,0,319.3,1.36,-1.1,-1.7,1.28,1.17,1.1,311.0,0.0
2026-06-13,143,BW-102,Bramblewick Granola Clusters Cocoa 12oz,Granola,Granite Peak Grocers,290.5,5.79,5.79,1682.16,5.79,0,0.0,0,0,0,0,0,0,94,0.943,0,330.4,1.36,-1.1,-1.7,1.28,1.17,1.1,290.5,0.0
2026-06-20,144,BW-102,Bramblewick Granola Clusters Cocoa 12oz,Granola,Granite Peak Grocers,306.7,5.79,5.79,1775.91,5.79,0,0.0,0,0,0,1,0,0,96,0.963,0,339.2,1.36,-1.1,-1.7,1.28,1.17,1.1,306.7,0.0
2026-06-27,145,BW-102,Bramblewick Granola Clusters Cocoa 12oz,Granola,Granite Peak Grocers,350.6,5.79,5.79,2029.92,5.79,0,0.0,0,0,0,1,1,0,95,0.953,0,355.0,1.36,-1.1,-1.7,1.28,1.17,1.1,350.6,0.0
2026-07-04,146,BW-102,Bramblewick Granola Clusters Cocoa 12oz,Granola,Granite Peak Grocers,373.3,5.79,4.63,1795.42,4.81,1,0.2,1,1,0,0,0,0,96,0.963,0,372.4,1.36,-1.1,-1.7,1.28,1.17,1.1,308.8,64.4
2026-07-11,147,BW-102,Bramblewick Granola Clusters Cocoa 12oz,Granola,Granite Peak Grocers,376.1,5.79,5.79,2177.57,5.79,0,0.0,0,0,0,0,0,1,96,0.963,0,349.7,1.36,-1.1,-1.7,1.28,1.17,1.1,376.1,0.0
2026-07-18,148,BW-102,Bramblewick Granola Clusters Cocoa 12oz,Granola,Granite Peak Grocers,369.1,5.79,5.79,2137.03,5.79,0,0.0,0,0,0,0,1,0,95,0.953,0,350.6,1.36,-1.1,-1.7,1.28,1.17,1.1,369.1,0.0
2026-07-25,149,BW-102,Bramblewick Granola Clusters Cocoa 12oz,Granola,Granite Peak Grocers,524.0,5.79,4.92,2619.89,5.0,1,0.15,0,0,0,0,0,0,95,0.953,0,355.3,1.36,-1.1,-1.7,1.28,1.17,1.1,308.8,215.2
2026-08-01,150,BW-102,Bramblewick Granola Clusters Cocoa 12oz,Granola,Granite Peak Grocers,310.1,5.79,5.79,1795.31,5.79,0,0.0,0,0,0,0,0,1,95,0.953,0,360.0,1.36,-1.1,-1.7,1.28,1.17,1.1,310.1,0.0
2026-08-08,151,BW-102,Bramblewick Granola Clusters Cocoa 12oz,Granola,Granite Peak Grocers,301.0,5.79,5.79,1742.89,5.79,0,0.0,0,0,0,1,0,0,96,0.963,0,368.4,1.36,-1.1,-1.7,1.28,1.17,1.1,301.0,0.0
2026-08-15,152,BW-102,Bramblewick Granola Clusters Cocoa 12oz,Granola,Granite Peak Grocers,288.6,5.79,5.79,1670.99,5.79,0,0.0,0,0,0,1,1,0,95,0.953,0,368.9,1.36,-1.1,-1.7,1.28,1.17,1.1,288.6,0.0
2026-08-22,153,BW-102,Bramblewick Granola Clusters Cocoa 12oz,Granola,Granite Peak Grocers,852.7,5.79,4.63,4058.73,4.76,1,0.2,0,1,0,0,0,0,94,0.943,0,426.1,1.36,-1.1,-1.7,1.28,1.17,1.1,308.4,544.3
2026-08-29,154,BW-102,Bramblewick Granola Clusters Cocoa 12oz,Granola,Granite Peak Grocers,462.4,5.79,5.79,2677.34,5.79,0,0.0,0,0,0,0,0,1,95,0.953,0,434.8,1.36,-1.1,-1.7,1.28,1.17,1.1,462.4,0.0
2026-09-05,155,BW-102,Bramblewick Granola Clusters Cocoa 12oz,Granola,Granite Peak Grocers,334.3,5.79,5.79,1935.45,5.79,0,0.0,0,0,0,0,0,0,94,0.943,0,375.7,1.36,-1.1,-1.7,1.28,1.17,1.1,334.3,0.0
2023-09-16,0,BW-102,Bramblewick Granola Clusters Cocoa 12oz,Granola,Hollybrook Foods,100.5,5.49,5.49,551.55,5.49,0,0.0,0,0,0,0,0,0,30,0.648,0,116.9,1.36,-1.1,-1.7,1.28,1.17,1.1,100.5,0.0
2023-09-23,1,BW-102,Bramblewick Granola Clusters Cocoa 12oz,Granola,Hollybrook Foods,83.5,5.49,5.49,458.31,5.49,0,0.0,0,0,0,0,0,0,30,0.648,0,102.0,1.36,-1.1,-1.7,1.28,1.17,1.1,83.5,0.0
2023-09-30,2,BW-102,Bramblewick Granola Clusters Cocoa 12oz,Granola,Hollybrook Foods,81.1,5.49,5.49,445.44,5.49,0,0.0,0,0,0,1,0,0,32,0.692,0,109.7,1.36,-1.1,-1.7,1.28,1.17,1.1,81.1,0.0
2023-10-07,3,BW-102,Bramblewick Granola Clusters Cocoa 12oz,Granola,Hollybrook Foods,87.7,5.49,5.49,481.73,5.49,0,0.0,0,0,0,1,0,0,30,0.648,0,103.7,1.36,-1.1,-1.7,1.28,1.17,1.1,87.7,0.0
2023-10-14,4,BW-102,Bramblewick Granola Clusters Cocoa 12oz,Granola,Hollybrook Foods,105.3,5.49,5.49,578.2,5.49,0,0.0,0,0,0,0,0,0,30,0.648,0,104.6,1.36,-1.1,-1.7,1.28,1.17,1.1,105.3,0.0
2023-10-21,5,BW-102,Bramblewick Granola Clusters Cocoa 12oz,Granola,Hollybrook Foods,115.3,5.49,5.49,632.74,5.49,0,0.0,0,0,0,0,0,0,31,0.67,0,109.2,1.36,-1.1,-1.7,1.28,1.17,1.1,115.3,0.0
2023-10-28,6,BW-102,Bramblewick Granola Clusters Cocoa 12oz,Granola,Hollybrook Foods,105.7,5.49,5.49,580.16,5.49,0,0.0,0,0,0,0,1,0,30,0.648,0,106.9,1.36,-1.1,-1.7,1.28,1.17,1.1,105.7,0.0
2023-11-04,7,BW-102,Bramblewick Granola Clusters Cocoa 12oz,Granola,Hollybrook Foods,144.2,5.49,4.67,702.42,4.87,1,0.15,0,0,0,1,0,0,30,0.648,0,108.4,1.36,-1.1,-1.7,1.28,1.17,1.1,100.5,43.7
2023-11-11,8,BW-102,Bramblewick Granola Clusters Cocoa 12oz,Granola,Hollybrook Foods,111.5,5.49,4.67,529.6,4.75,1,0.15,0,0,0,0,0,0,30,0.648,0,110.1,1.36,-1.1,-1.7,1.28,1.17,1.1,100.5,11.0
2023-11-18,9,BW-102,Bramblewick Granola Clusters Cocoa 12oz,Granola,Hollybrook Foods,103.4,5.49,5.49,567.42,5.49,0,0.0,0,0,0,1,0,1,31,0.67,0,136.8,1.36,-1.1,-1.7,1.28,1.17,1.1,103.4,0.0
2023-11-25,10,BW-102,Bramblewick Granola Clusters Cocoa 12oz,Granola,Hollybrook Foods,151.2,5.49,5.49,829.82,5.49,0,0.0,0,0,0,0,0,0,30,0.648,0,144.9,1.36,-1.1,-1.7,1.28,1.17,1.1,151.2,0.0
2023-12-02,11,BW-102,Bramblewick Granola Clusters Cocoa 12oz,Granola,Hollybrook Foods,103.9,5.49,5.49,570.41,5.49,0,0.0,0,0,0,0,0,0,31,0.67,0,120.1,1.36,-1.1,-1.7,1.28,1.17,1.1,103.9,0.0
2023-12-09,12,BW-102,Bramblewick Granola Clusters Cocoa 12oz,Granola,Hollybrook Foods,107.2,5.49,5.49,588.27,5.49,0,0.0,0,0,0,0,1,0,30,0.648,0,118.6,1.36,-1.1,-1.7,1.28,1.17,1.1,107.2,0.0
2023-12-16,13,BW-102,Bramblewick Granola Clusters Cocoa 12oz,Granola,Hollybrook Foods,180.8,5.49,4.67,858.62,4.75,1,0.15,0,0,0,0,0,0,32,0.692,0,147.3,1.36,-1.1,-1.7,1.28,1.17,1.1,105.5,75.3
2023-12-23,14,BW-102,Bramblewick Granola Clusters Cocoa 12oz,Granola,Hollybrook Foods,167.4,5.49,5.49,919.29,5.49,0,0.0,0,0,0,0,0,1,31,0.67,0,171.5,1.36,-1.1,-1.7,1.28,1.17,1.1,167.4,0.0
2023-12-30,15,BW-102,Bramblewick Granola Clusters Cocoa 12oz,Granola,Hollybrook Foods,125.1,5.49,5.49,686.8,5.49,0,0.0,0,0,0,1,0,0,32,0.692,0,157.9,1.36,-1.1,-1.7,1.28,1.17,1.1,125.1,0.0
2024-01-06,16,BW-102,Bramblewick Granola Clusters Cocoa 12oz,Granola,Hollybrook Foods,155.8,5.49,5.49,855.57,5.49,0,0.0,0,0,0,0,0,0,33,0.713,0,189.2,1.36,-1.1,-1.7,1.28,1.17,1.1,155.8,0.0
2024-01-13,17,BW-102,Bramblewick Granola Clusters Cocoa 12oz,Granola,Hollybrook Foods,182.7,5.49,5.49,1002.79,5.49,0,0.0,0,0,0,0,0,0,33,0.713,0,191.6,1.36,-1.1,-1.7,1.28,1.17,1.1,182.7,0.0
2024-01-20,18,BW-102,Bramblewick Granola Clusters Cocoa 12oz,Granola,Hollybrook Foods,129.4,5.49,5.49,710.18,5.49,0,0.0,0,0,0,0,0,0,31,0.67,0,134.5,1.36,-1.1,-1.7,1.28,1.17,1.1,129.4,0.0
2024-01-27,19,BW-102,Bramblewick Granola Clusters Cocoa 12oz,Granola,Hollybrook Foods,156.8,5.49,5.49,861.09,5.49,0,0.0,0,0,0,0,0,0,33,0.713,0,143.8,1.36,-1.1,-1.7,1.28,1.17,1.1,156.8,0.0
2024-02-03,20,BW-102,Bramblewick Granola Clusters Cocoa 12oz,Granola,Hollybrook Foods,125.4,5.49,5.49,688.46,5.49,0,0.0,0,0,0,0,0,0,31,0.67,0,135.0,1.36,-1.1,-1.7,1.28,1.17,1.1,125.4,0.0
2024-02-10,21,BW-102,Bramblewick Granola Clusters Cocoa 12oz,Granola,Hollybrook Foods,121.8,5.49,5.49,668.85,5.49,0,0.0,0,0,0,1,0,0,33,0.713,0,143.0,1.36,-1.1,-1.7,1.28,1.17,1.1,121.8,0.0
2024-02-17,22,BW-102,Bramblewick Granola Clusters Cocoa 12oz,Granola,Hollybrook Foods,109.7,5.49,5.49,602.4,5.49,0,0.0,0,0,0,1,0,0,31,0.67,0,133.0,1.36,-1.1,-1.7,1.28,1.17,1.1,109.7,0.0
2024-02-24,23,BW-102,Bramblewick Granola Clusters Cocoa 12oz,Granola,Hollybrook Foods,131.3,5.49,5.49,721.04,5.49,0,0.0,0,0,0,0,0,0,33,0.713,0,139.6,1.36,-1.1,-1.7,1.28,1.17,1.1,131.3,0.0
2024-03-02,24,BW-102,Bramblewick Granola Clusters Cocoa 12oz,Granola,Hollybrook Foods,171.6,5.49,5.49,942.19,5.49,0,0.0,0,0,0,0,0,0,33,0.713,0,136.9,1.36,-1.1,-1.7,1.28,1.17,1.1,171.6,0.0
2024-03-09,25,BW-102,Bramblewick Granola Clusters Cocoa 12oz,Granola,Hollybrook Foods,74.8,5.79,5.79,433.37,5.79,0,0.0,0,0,0,1,1,0,31,0.67,0,118.6,1.36,-1.1,-1.7,1.28,1.17,1.1,74.8,0.0
2024-03-16,26,BW-102,Bramblewick Granola Clusters Cocoa 12oz,Granola,Hollybrook Foods,249.7,5.79,4.63,1195.93,4.79,1,0.2,0,1,1,0,0,0,33,0.713,0,123.0,1.36,-1.1,-1.7,1.28,1.17,1.1,127.4,122.3
2024-03-23,27,BW-102,Bramblewick Granola Clusters Cocoa 12oz,Granola,Hollybrook Foods,193.1,5.79,4.63,936.52,4.85,1,0.2,0,1,1,0,0,0,32,0.692,0,115.9,1.36,-1.1,-1.7,1.28,1.17,1.1,127.4,65.7
2024-03-30,28,BW-102,Bramblewick Granola Clusters Cocoa 12oz,Granola,Hollybrook Foods,108.1,5.79,5.79,626.02,5.79,0,0.0,0,0,0,0,0,1,33,0.713,0,116.1,1.36,-1.1,-1.7,1.28,1.17,1.1,108.1,0.0
2024-04-06,29,BW-102,Bramblewick Granola Clusters Cocoa 12oz,Granola,Hollybrook Foods,91.3,5.79,5.79,528.41,5.79,0,0.0,0,0,0,0,0,0,32,0.692,0,109.2,1.36,-1.1,-1.7,1.28,1.17,1.1,91.3,0.0
2024-04-13,30,BW-102,Bramblewick Granola Clusters Cocoa 12oz,Granola,Hollybrook Foods,100.7,5.79,5.79,582.88,5.79,0,0.0,0,0,0,1,0,0,34,0.735,0,112.6,1.36,-1.1,-1.7,1.28,1.17,1.1,100.7,0.0
2024-04-20,31,BW-102,Bramblewick Granola Clusters Cocoa 12oz,Granola,Hollybrook Foods,87.4,5.79,5.79,506.12,5.79,0,0.0,0,0,0,1,0,0,34,0.735,0,109.5,1.36,-1.1,-1.7,1.28,1.17,1.1,87.4,0.0
2024-04-27,32,BW-102,Bramblewick Granola Clusters Cocoa 12oz,Granola,Hollybrook Foods,109.6,5.79,5.79,634.38,5.79,0,0.0,0,0,0,0,0,0,33,0.713,0,103.6,1.36,-1.1,-1.7,1.28,1.17,1.1,109.6,0.0
2024-05-04,33,BW-102,Bramblewick Granola Clusters Cocoa 12oz,Granola,Hollybrook Foods,120.7,5.79,5.79,699.1,5.79,0,0.0,0,0,0,0,0,0,34,0.735,0,104.4,1.36,-1.1,-1.7,1.28,1.17,1.1,120.7,0.0
2024-05-11,34,BW-102,Bramblewick Granola Clusters Cocoa 12oz,Granola,Hollybrook Foods,85.8,5.79,5.79,496.72,5.79,0,0.0,0,0,0,0,0,0,33,0.713,0,99.4,1.36,-1.1,-1.7,1.28,1.17,1.1,85.8,0.0
2024-05-18,35,BW-102,Bramblewick Granola Clusters Cocoa 12oz,Granola,Hollybrook Foods,83.7,5.79,5.79,484.55,5.79,0,0.0,0,0,0,0,0,0,33,0.713,0,100.9,1.36,-1.1,-1.7,1.28,1.17,1.1,83.7,0.0
2024-05-25,36,BW-102,Bramblewick Granola Clusters Cocoa 12oz,Granola,Hollybrook Foods,114.5,5.79,5.79,662.71,5.79,0,0.0,0,0,0,0,0,0,33,0.713,0,101.3,1.36,-1.1,-1.7,1.28,1.17,1.1,114.5,0.0
2024-06-01,37,BW-102,Bramblewick Granola Clusters Cocoa 12oz,Granola,Hollybrook Foods,115.4,5.79,5.79,668.31,5.79,0,0.0,0,0,0,0,0,0,32,0.692,0,93.4,1.36,-1.1,-1.7,1.28,1.17,1.1,115.4,0.0
2024-06-08,38,BW-102,Bramblewick Granola Clusters Cocoa 12oz,Granola,Hollybrook Foods,92.6,5.79,5.79,536.42,5.79,0,0.0,0,0,0,0,0,0,32,0.692,0,93.2,1.36,-1.1,-1.7,1.28,1.17,1.1,92.6,0.0
2024-06-15,39,BW-102,Bramblewick Granola Clusters Cocoa 12oz,Granola,Hollybrook Foods,78.1,5.79,5.79,452.33,5.79,0,0.0,0,0,0,0,0,0,34,0.735,0,99.2,1.36,-1.1,-1.7,1.28,1.17,1.1,78.1,0.0
2024-06-22,40,BW-102,Bramblewick Granola Clusters Cocoa 12oz,Granola,Hollybrook Foods,73.2,5.79,5.79,423.66,5.79,0,0.0,0,0,0,1,0,0,34,0.735,0,99.7,1.36,-1.1,-1.7,1.28,1.17,1.1,73.2,0.0
2024-06-29,41,BW-102,Bramblewick Granola Clusters Cocoa 12oz,Granola,Hollybrook Foods,113.2,5.79,5.79,655.7,5.79,0,0.0,0,0,0,0,0,0,33,0.713,0,102.4,1.36,-1.1,-1.7,1.28,1.17,1.1,113.2,0.0
2024-07-06,42,BW-102,Bramblewick Granola Clusters Cocoa 12oz,Granola,Hollybrook Foods,136.4,5.79,5.79,789.98,5.79,0,0.0,0,0,0,0,0,0,35,0.756,0,112.8,1.36,-1.1,-1.7,1.28,1.17,1.1,136.4,0.0
2024-07-13,43,BW-102,Bramblewick Granola Clusters Cocoa 12oz,Granola,Hollybrook Foods,100.8,5.79,5.79,583.61,5.79,0,0.0,0,0,0,0,0,0,34,0.735,0,102.9,1.36,-1.1,-1.7,1.28,1.17,1.1,100.8,0.0
2024-07-20,44,BW-102,Bramblewick Granola Clusters Cocoa 12oz,Granola,Hollybrook Foods,86.4,5.79,5.79,500.39,5.79,0,0.0,0,0,0,0,0,0,33,0.713,0,101.2,1.36,-1.1,-1.7,1.28,1.17,1.1,86.4,0.0
2024-07-27,45,BW-102,Bramblewick Granola Clusters Cocoa 12oz,Granola,Hollybrook Foods,119.5,5.79,5.79,691.97,5.79,0,0.0,0,0,0,0,0,0,34,0.735,0,105.7,1.36,-1.1,-1.7,1.28,1.17,1.1,119.5,0.0
2024-08-03,46,BW-102,Bramblewick Granola Clusters Cocoa 12oz,Granola,Hollybrook Foods,91.4,5.79,5.79,529.15,5.79,0,0.0,0,0,0,0,0,0,34,0.735,0,107.2,1.36,-1.1,-1.7,1.28,1.17,1.1,91.4,0.0
2024-08-10,47,BW-102,Bramblewick Granola Clusters Cocoa 12oz,Granola,Hollybrook Foods,99.9,5.79,5.79,578.3,5.79,0,0.0,0,0,0,0,0,0,34,0.735,0,108.6,1.36,-1.1,-1.7,1.28,1.17,1.1,99.9,0.0
2024-08-17,48,BW-102,Bramblewick Granola Clusters Cocoa 12oz,Granola,Hollybrook Foods,101.7,5.79,5.79,588.7,5.79,0,0.0,0,0,0,0,0,0,34,0.735,0,109.9,1.36,-1.1,-1.7,1.28,1.17,1.1,101.7,0.0
2024-08-24,49,BW-102,Bramblewick Granola Clusters Cocoa 12oz,Granola,Hollybrook Foods,115.1,5.79,5.79,666.4,5.79,0,0.0,0,0,0,0,0,0,33,0.713,0,124.5,1.36,-1.1,-1.7,1.28,1.17,1.1,115.1,0.0
2024-08-31,50,BW-102,Bramblewick Granola Clusters Cocoa 12oz,Granola,Hollybrook Foods,132.7,5.79,5.79,768.49,5.79,0,0.0,0,0,0,0,0,0,33,0.713,0,125.7,1.36,-1.1,-1.7,1.28,1.17,1.1,132.7,0.0
2024-09-07,51,BW-102,Bramblewick Granola Clusters Cocoa 12oz,Granola,Hollybrook Foods,88.7,5.79,5.79,513.82,5.79,0,0.0,0,0,0,1,0,0,34,0.735,0,113.2,1.36,-1.1,-1.7,1.28,1.17,1.1,88.7,0.0
2024-09-14,52,BW-102,Bramblewick Granola Clusters Cocoa 12oz,Granola,Hollybrook Foods,122.0,5.79,5.79,706.65,5.79,0,0.0,0,0,0,0,0,0,36,0.778,0,120.8,1.36,-1.1,-1.7,1.28,1.17,1.1,122.0,0.0
2024-09-21,53,BW-102,Bramblewick Granola Clusters Cocoa 12oz,Granola,Hollybrook Foods,140.5,5.79,5.79,813.36,5.79,0,0.0,0,0,0,0,0,0,37,0.8,0,125.2,1.36,-1.1,-1.7,1.28,1.17,1.1,140.5,0.0
2024-09-28,54,BW-102,Bramblewick Granola Clusters Cocoa 12oz,Granola,Hollybrook Foods,141.6,5.79,5.79,819.88,5.79,0,0.0,0,0,0,0,0,0,37,0.8,0,126.1,1.36,-1.1,-1.7,1.28,1.17,1.1,141.6,0.0
2024-10-05,55,BW-102,Bramblewick Granola Clusters Cocoa 12oz,Granola,Hollybrook Foods,139.0,5.79,5.79,804.93,5.79,0,0.0,0,0,0,0,0,0,35,0.756,0,120.3,1.36,-1.1,-1.7,1.28,1.17,1.1,139.0,0.0
2024-10-12,56,BW-102,Bramblewick Granola Clusters Cocoa 12oz,Granola,Hollybrook Foods,122.3,5.79,5.79,707.98,5.79,0,0.0,0,0,0,0,0,0,37,0.8,0,128.4,1.36,-1.1,-1.7,1.28,1.17,1.1,122.3,0.0
2024-10-19,57,BW-102,Bramblewick Granola Clusters Cocoa 12oz,Granola,Hollybrook Foods,100.6,5.79,5.79,582.57,5.79,0,0.0,0,0,0,0,0,0,35,0.756,0,122.7,1.36,-1.1,-1.7,1.28,1.17,1.1,100.6,0.0
2024-10-26,58,BW-102,Bramblewick Granola Clusters Cocoa 12oz,Granola,Hollybrook Foods,117.2,5.79,5.79,678.47,5.79,0,0.0,0,0,0,1,0,0,37,0.8,0,131.2,1.36,-1.1,-1.7,1.28,1.17,1.1,117.2,0.0
2024-11-02,59,BW-102,Bramblewick Granola Clusters Cocoa 12oz,Granola,Hollybrook Foods,112.8,5.79,5.79,653.3,5.79,0,0.0,0,0,0,1,0,0,35,0.756,0,125.8,1.36,-1.1,-1.7,1.28,1.17,1.1,112.8,0.0
2024-11-09,60,BW-102,Bramblewick Granola Clusters Cocoa 12oz,Granola,Hollybrook Foods,129.4,5.79,5.79,749.51,5.79,0,0.0,0,0,0,0,1,0,36,0.778,0,131.4,1.36,-1.1,-1.7,1.28,1.17,1.1,129.4,0.0
2024-11-16,61,BW-102,Bramblewick Granola Clusters Cocoa 12oz,Granola,Hollybrook Foods,346.7,5.79,4.34,1539.16,4.44,1,0.25,1,1,1,0,0,0,37,0.8,0,137.3,1.36,-1.1,-1.7,1.28,1.17,1.1,125.8,220.8
2024-11-23,62,BW-102,Bramblewick Granola Clusters Cocoa 12oz,Granola,Hollybrook Foods,152.2,5.79,5.79,881.52,5.79,0,0.0,0,0,0,0,0,1,35,0.756,0,156.5,1.36,-1.1,-1.7,1.28,1.17,1.1,152.2,0.0
2024-11-30,63,BW-102,Bramblewick Granola Clusters Cocoa 12oz,Granola,Hollybrook Foods,151.9,5.79,5.79,879.6,5.79,0,0.0,0,0,0,0,0,0,35,0.756,0,171.5,1.36,-1.1,-1.7,1.28,1.17,1.1,151.9,0.0
2024-12-07,64,BW-102,Bramblewick Granola Clusters Cocoa 12oz,Granola,Hollybrook Foods,149.9,5.79,5.79,868.09,5.79,0,0.0,0,0,0,0,0,0,35,0.756,0,137.7,1.36,-1.1,-1.7,1.28,1.17,1.1,149.9,0.0
2024-12-14,65,BW-102,Bramblewick Granola Clusters Cocoa 12oz,Granola,Hollybrook Foods,199.8,5.79,5.79,1156.7,5.79,0,0.0,0,0,0,0,0,0,36,0.778,0,164.8,1.36,-1.1,-1.7,1.28,1.17,1.1,199.8,0.0
2024-12-21,66,BW-102,Bramblewick Granola Clusters Cocoa 12oz,Granola,Hollybrook Foods,211.2,5.79,5.79,1222.63,5.79,0,0.0,0,0,0,0,0,0,38,0.821,0,209.2,1.36,-1.1,-1.7,1.28,1.17,1.1,211.2,0.0
2024-12-28,67,BW-102,Bramblewick Granola Clusters Cocoa 12oz,Granola,Hollybrook Foods,159.9,5.79,5.79,925.96,5.79,0,0.0,0,0,0,1,0,0,37,0.8,0,181.6,1.36,-1.1,-1.7,1.28,1.17,1.1,159.9,0.0
2025-01-04,68,BW-102,Bramblewick Granola Clusters Cocoa 12oz,Granola,Hollybrook Foods,193.1,5.79,5.79,1117.91,5.79,0,0.0,0,0,0,1,0,0,36,0.778,0,205.4,1.36,-1.1,-1.7,1.28,1.17,1.1,193.1,0.0
2025-01-11,69,BW-102,Bramblewick Granola Clusters Cocoa 12oz,Granola,Hollybrook Foods,226.1,5.79,5.79,1309.09,5.79,0,0.0,0,0,0,0,0,0,37,0.8,0,213.7,1.36,-1.1,-1.7,1.28,1.17,1.1,226.1,0.0
2025-01-18,70,BW-102,Bramblewick Granola Clusters Cocoa 12oz,Granola,Hollybrook Foods,169.4,5.79,5.79,980.61,5.79,0,0.0,0,0,0,0,0,0,37,0.8,0,159.7,1.36,-1.1,-1.7,1.28,1.17,1.1,169.4,0.0
2025-01-25,71,BW-102,Bramblewick Granola Clusters Cocoa 12oz,Granola,Hollybrook Foods,163.3,5.79,5.79,945.28,5.79,0,0.0,0,0,0,0,0,0,37,0.8,0,160.4,1.36,-1.1,-1.7,1.28,1.17,1.1,163.3,0.0
2025-02-01,72,BW-102,Bramblewick Granola Clusters Cocoa 12oz,Granola,Hollybrook Foods,150.4,5.79,5.79,871.05,5.79,0,0.0,0,0,0,0,0,0,36,0.778,0,156.0,1.36,-1.1,-1.7,1.28,1.17,1.1,150.4,0.0
2025-02-08,73,BW-102,Bramblewick Granola Clusters Cocoa 12oz,Granola,Hollybrook Foods,194.5,5.79,5.79,1125.97,5.79,0,0.0,0,0,0,0,0,0,38,0.821,0,163.9,1.36,-1.1,-1.7,1.28,1.17,1.1,194.5,0.0
2025-02-15,74,BW-102,Bramblewick Granola Clusters Cocoa 12oz,Granola,Hollybrook Foods,135.5,5.79,5.79,784.74,5.79,0,0.0,0,0,0,0,1,0,38,0.821,0,162.2,1.36,-1.1,-1.7,1.28,1.17,1.1,135.5,0.0
2025-02-22,75,BW-102,Bramblewick Granola Clusters Cocoa 12oz,Granola,Hollybrook Foods,310.7,5.79,4.63,1463.18,4.71,1,0.2,0,1,0,0,0,0,37,0.8,0,155.7,1.36,-1.1,-1.7,1.28,1.17,1.1,166.4,144.3
2025-03-01,76,BW-102,Bramblewick Granola Clusters Cocoa 12oz,Granola,Hollybrook Foods,223.6,5.79,4.63,1053.24,4.71,1,0.2,0,1,0,0,0,0,36,0.778,0,148.6,1.36,-1.1,-1.7,1.28,1.17,1.1,166.4,57.2
2025-03-08,77,BW-102,Bramblewick Granola Clusters Cocoa 12oz,Granola,Hollybrook Foods,149.6,5.79,5.79,866.43,5.79,0,0.0,0,0,0,0,0,1,38,0.821,0,153.3,1.36,-1.1,-1.7,1.28,1.17,1.1,149.6,0.0
2025-03-15,78,BW-102,Bramblewick Granola Clusters Cocoa 12oz,Granola,Hollybrook Foods,133.6,5.79,5.79,773.47,5.79,0,0.0,0,0,0,0,0,0,38,0.821,0,149.4,1.36,-1.1,-1.7,1.28,1.17,1.1,133.6,0.0
2025-03-22,79,BW-102,Bramblewick Granola Clusters Cocoa 12oz,Granola,Hollybrook Foods,118.3,5.79,5.79,684.99,5.79,0,0.0,0,0,0,0,0,0,37,0.8,0,141.4,1.36,-1.1,-1.7,1.28,1.17,1.1,118.3,0.0
2025-03-29,80,BW-102,Bramblewick Granola Clusters Cocoa 12oz,Granola,Hollybrook Foods,121.6,5.79,5.79,704.09,5.79,0,0.0,0,0,0,0,0,0,37,0.8,0,137.3,1.36,-1.1,-1.7,1.28,1.17,1.1,121.6,0.0
2025-04-05,81,BW-102,Bramblewick Granola Clusters Cocoa 12oz,Granola,Hollybrook Foods,118.8,5.79,5.79,687.98,5.79,0,0.0,0,0,0,0,0,0,37,0.8,0,133.2,1.36,-1.1,-1.7,1.28,1.17,1.1,118.8,0.0
2025-04-12,82,BW-102,Bramblewick Granola Clusters Cocoa 12oz,Granola,Hollybrook Foods,143.8,5.99,5.99,861.43,5.99,0,0.0,0,0,0,0,0,0,37,0.8,0,124.6,1.36,-1.1,-1.7,1.28,1.17,1.1,143.8,0.0
2025-04-19,83,BW-102,Bramblewick Granola Clusters Cocoa 12oz,Granola,Hollybrook Foods,115.6,5.99,5.99,692.44,5.99,0,0.0,0,0,0,0,0,0,38,0.821,0,124.4,1.36,-1.1,-1.7,1.28,1.17,1.1,115.6,0.0
2025-04-26,84,BW-102,Bramblewick Granola Clusters Cocoa 12oz,Granola,Hollybrook Foods,111.4,5.99,5.99,667.29,5.99,0,0.0,0,0,0,0,0,0,38,0.821,0,121.2,1.36,-1.1,-1.7,1.28,1.17,1.1,111.4,0.0
2025-05-03,85,BW-102,Bramblewick Granola Clusters Cocoa 12oz,Granola,Hollybrook Foods,105.6,5.99,5.99,632.43,5.99,0,0.0,0,0,0,0,0,0,38,0.821,0,118.5,1.36,-1.1,-1.7,1.28,1.17,1.1,105.6,0.0
2025-05-10,86,BW-102,Bramblewick Granola Clusters Cocoa 12oz,Granola,Hollybrook Foods,115.2,5.99,5.99,689.79,5.99,0,0.0,0,0,0,0,0,0,38,0.821,0,116.3,1.36,-1.1,-1.7,1.28,1.17,1.1,115.2,0.0
2025-05-17,87,BW-102,Bramblewick Granola Clusters Cocoa 12oz,Granola,Hollybrook Foods,111.9,5.99,5.99,670.08,5.99,0,0.0,0,0,0,0,1,0,39,0.843,0,117.6,1.36,-1.1,-1.7,1.28,1.17,1.1,111.9,0.0
2025-05-24,88,BW-102,Bramblewick Granola Clusters Cocoa 12oz,Granola,Hollybrook Foods,220.3,5.99,4.79,1092.88,4.96,1,0.2,0,1,0,1,0,0,39,0.843,0,119.9,1.36,-1.1,-1.7,1.28,1.17,1.1,115.4,104.9
2025-05-31,89,BW-102,Bramblewick Granola Clusters Cocoa 12oz,Granola,Hollybrook Foods,176.4,5.99,4.79,881.87,5.0,1,0.2,0,1,0,1,0,0,37,0.8,0,114.8,1.36,-1.1,-1.7,1.28,1.17,1.1,115.4,61.0
2025-06-07,90,BW-102,Bramblewick Granola Clusters Cocoa 12oz,Granola,Hollybrook Foods,88.4,5.99,5.99,529.56,5.99,0,0.0,0,0,0,0,0,1,37,0.8,0,109.5,1.36,-1.1,-1.7,1.28,1.17,1.1,88.4,0.0
2025-06-14,91,BW-102,Bramblewick Granola Clusters Cocoa 12oz,Granola,Hollybrook Foods,111.1,5.99,5.99,665.49,5.99,0,0.0,0,0,0,0,0,0,38,0.821,0,112.7,1.36,-1.1,-1.7,1.28,1.17,1.1,111.1,0.0
2025-06-21,92,BW-102,Bramblewick Granola Clusters Cocoa 12oz,Granola,Hollybrook Foods,130.5,5.99,5.99,781.85,5.99,0,0.0,0,0,0,0,0,0,40,0.865,0,119.2,1.36,-1.1,-1.7,1.28,1.17,1.1,130.5,0.0
2025-06-28,93,BW-102,Bramblewick Granola Clusters Cocoa 12oz,Granola,Hollybrook Foods,115.1,5.99,5.99,689.18,5.99,0,0.0,0,0,0,1,1,0,40,0.865,0,126.2,1.36,-1.1,-1.7,1.28,1.17,1.1,115.1,0.0
2025-07-05,94,BW-102,Bramblewick Granola Clusters Cocoa 12oz,Granola,Hollybrook Foods,141.4,5.99,5.09,726.63,5.14,1,0.15,0,0,0,1,0,0,38,0.821,0,124.5,1.36,-1.1,-1.7,1.28,1.17,1.1,111.6,29.8
2025-07-12,95,BW-102,Bramblewick Granola Clusters Cocoa 12oz,Granola,Hollybrook Foods,146.1,5.99,5.09,759.81,5.2,1,0.15,0,0,0,1,0,0,39,0.843,0,120.0,1.36,-1.1,-1.7,1.28,1.17,1.1,111.6,34.4
2025-07-19,96,BW-102,Bramblewick Granola Clusters Cocoa 12oz,Granola,Hollybrook Foods,116.5,5.99,5.99,698.04,5.99,0,0.0,0,0,0,0,0,1,39,0.843,0,121.6,1.36,-1.1,-1.7,1.28,1.17,1.1,116.5,0.0
2025-07-26,97,BW-102,Bramblewick Granola Clusters Cocoa 12oz,Granola,Hollybrook Foods,117.7,5.99,5.99,704.81,5.99,0,0.0,0,0,0,0,0,0,40,0.865,0,126.4,1.36,-1.1,-1.7,1.28,1.17,1.1,117.7,0.0
2025-08-02,98,BW-102,Bramblewick Granola Clusters Cocoa 12oz,Granola,Hollybrook Foods,95.7,5.99,5.99,573.41,5.99,0,0.0,0,0,0,1,0,0,40,0.865,0,128.1,1.36,-1.1,-1.7,1.28,1.17,1.1,95.7,0.0
2025-08-09,99,BW-102,Bramblewick Granola Clusters Cocoa 12oz,Granola,Hollybrook Foods,105.7,5.99,5.99,633.15,5.99,0,0.0,0,0,0,1,1,0,38,0.821,0,123.3,1.36,-1.1,-1.7,1.28,1.17,1.1,105.7,0.0
2025-08-16,100,BW-102,Bramblewick Granola Clusters Cocoa 12oz,Granola,Hollybrook Foods,206.5,5.99,4.79,1042.65,5.05,1,0.2,0,1,0,1,0,0,39,0.843,0,128.1,1.36,-1.1,-1.7,1.28,1.17,1.1,113.1,93.4
2025-08-23,101,BW-102,Bramblewick Granola Clusters Cocoa 12oz,Granola,Hollybrook Foods,271.2,5.99,4.79,1339.84,4.94,1,0.2,0,1,0,0,0,0,40,0.865,0,153.4,1.36,-1.1,-1.7,1.28,1.17,1.1,113.1,158.1
2025-08-30,102,BW-102,Bramblewick Granola Clusters Cocoa 12oz,Granola,Hollybrook Foods,149.4,5.99,5.99,894.8,5.99,0,0.0,0,0,0,0,0,1,38,0.821,0,147.1,1.36,-1.1,-1.7,1.28,1.17,1.1,149.4,0.0
2025-09-06,103,BW-102,Bramblewick Granola Clusters Cocoa 12oz,Granola,Hollybrook Foods,124.0,5.99,5.99,742.97,5.99,0,0.0,0,0,0,0,0,0,39,0.843,0,131.9,1.36,-1.1,-1.7,1.28,1.17,1.1,124.0,0.0
2025-09-13,104,BW-102,Bramblewick Granola Clusters Cocoa 12oz,Granola,Hollybrook Foods,122.4,5.99,5.99,732.9,5.99,0,0.0,0,0,0,0,0,0,41,0.886,0,139.8,1.36,-1.1,-1.7,1.28,1.17,1.1,122.4,0.0
2025-09-20,105,BW-102,Bramblewick Granola Clusters Cocoa 12oz,Granola,Hollybrook Foods,131.7,5.99,5.99,789.13,5.99,0,0.0,0,0,0,0,0,0,42,0.908,0,144.4,1.36,-1.1,-1.7,1.28,1.17,1.1,131.7,0.0
2025-09-27,106,BW-102,Bramblewick Granola Clusters Cocoa 12oz,Granola,Hollybrook Foods,157.6,5.99,5.99,943.83,5.99,0,0.0,0,0,0,0,0,0,42,0.908,0,145.5,1.36,-1.1,-1.7,1.28,1.17,1.1,157.6,0.0
2025-10-04,107,BW-102,Bramblewick Granola Clusters Cocoa 12oz,Granola,Hollybrook Foods,134.7,5.99,5.99,806.94,5.99,0,0.0,0,0,0,0,1,0,40,0.865,0,139.7,1.36,-1.1,-1.7,1.28,1.17,1.1,134.7,0.0
2025-10-11,108,BW-102,Bramblewick Granola Clusters Cocoa 12oz,Granola,Hollybrook Foods,216.2,5.99,5.09,1141.49,5.28,1,0.15,0,0,0,0,0,0,42,0.908,0,148.0,1.36,-1.1,-1.7,1.28,1.17,1.1,127.8,88.4
2025-10-18,109,BW-102,Bramblewick Granola Clusters Cocoa 12oz,Granola,Hollybrook Foods,133.0,5.99,5.99,796.43,5.99,0,0.0,0,0,0,0,0,1,42,0.908,0,149.6,1.36,-1.1,-1.7,1.28,1.17,1.1,133.0,0.0
2025-10-25,110,BW-102,Bramblewick Granola Clusters Cocoa 12oz,Granola,Hollybrook Foods,155.5,5.99,5.99,931.55,5.99,0,0.0,0,0,0,0,0,0,40,0.865,0,144.1,1.36,-1.1,-1.7,1.28,1.17,1.1,155.5,0.0
2025-11-01,111,BW-102,Bramblewick Granola Clusters Cocoa 12oz,Granola,Hollybrook Foods,144.5,5.99,5.99,865.32,5.99,0,0.0,0,0,0,0,0,0,42,0.908,0,153.4,1.36,-1.1,-1.7,1.28,1.17,1.1,144.5,0.0
2025-11-08,112,BW-102,Bramblewick Granola Clusters Cocoa 12oz,Granola,Hollybrook Foods,133.3,6.29,6.29,838.71,6.29,0,0.0,0,0,0,0,0,0,41,0.886,0,144.1,1.36,-1.1,-1.7,1.28,1.17,1.1,133.3,0.0
2025-11-15,113,BW-102,Bramblewick Granola Clusters Cocoa 12oz,Granola,Hollybrook Foods,145.5,6.29,6.29,915.44,6.29,0,0.0,0,0,0,0,0,0,41,0.886,0,146.6,1.36,-1.1,-1.7,1.28,1.17,1.1,145.5,0.0
2025-11-22,114,BW-102,Bramblewick Granola Clusters Cocoa 12oz,Granola,Hollybrook Foods,173.1,6.29,6.29,1088.84,6.29,0,0.0,0,0,0,0,0,0,41,0.886,0,176.6,1.36,-1.1,-1.7,1.28,1.17,1.1,173.1,0.0
2025-11-29,115,BW-102,Bramblewick Granola Clusters Cocoa 12oz,Granola,Hollybrook Foods,164.8,6.29,6.29,1036.45,6.29,0,0.0,0,0,0,1,0,0,41,0.886,0,193.5,1.36,-1.1,-1.7,1.28,1.17,1.1,164.8,0.0
2025-12-06,116,BW-102,Bramblewick Granola Clusters Cocoa 12oz,Granola,Hollybrook Foods,151.4,6.29,6.29,952.54,6.29,0,0.0,0,0,0,0,0,0,40,0.865,0,151.5,1.36,-1.1,-1.7,1.28,1.17,1.1,151.4,0.0
2025-12-13,117,BW-102,Bramblewick Granola Clusters Cocoa 12oz,Granola,Hollybrook Foods,199.8,6.29,6.29,1256.96,6.29,0,0.0,0,0,0,0,0,0,41,0.886,0,180.8,1.36,-1.1,-1.7,1.28,1.17,1.1,199.8,0.0
2025-12-20,118,BW-102,Bramblewick Granola Clusters Cocoa 12oz,Granola,Hollybrook Foods,205.3,6.29,6.29,1291.35,6.29,0,0.0,0,0,0,0,0,0,42,0.908,0,222.6,1.36,-1.1,-1.7,1.28,1.17,1.1,205.3,0.0
2025-12-27,119,BW-102,Bramblewick Granola Clusters Cocoa 12oz,Granola,Hollybrook Foods,142.9,6.29,6.29,898.77,6.29,0,0.0,0,0,0,1,0,0,42,0.908,0,198.5,1.36,-1.1,-1.7,1.28,1.17,1.1,142.9,0.0
2026-01-03,120,BW-102,Bramblewick Granola Clusters Cocoa 12oz,Granola,Hollybrook Foods,234.5,6.29,6.29,1474.96,6.29,0,0.0,0,0,0,0,0,0,41,0.886,0,225.3,1.36,-1.1,-1.7,1.28,1.17,1.1,234.5,0.0
2026-01-10,121,BW-102,Bramblewick Granola Clusters Cocoa 12oz,Granola,Hollybrook Foods,279.6,6.29,6.29,1758.74,6.29,0,0.0,0,0,0,0,0,0,41,0.886,0,228.0,1.36,-1.1,-1.7,1.28,1.17,1.1,279.6,0.0
2026-01-17,122,BW-102,Bramblewick Granola Clusters Cocoa 12oz,Granola,Hollybrook Foods,199.8,6.29,6.29,1256.43,6.29,0,0.0,0,0,0,0,0,0,43,0.929,0,178.7,1.36,-1.1,-1.7,1.28,1.17,1.1,199.8,0.0
2026-01-24,123,BW-102,Bramblewick Granola Clusters Cocoa 12oz,Granola,Hollybrook Foods,152.6,6.29,6.29,959.94,6.29,0,0.0,0,0,0,0,0,0,42,0.908,0,175.3,1.36,-1.1,-1.7,1.28,1.17,1.1,152.6,0.0
2026-01-31,124,BW-102,Bramblewick Granola Clusters Cocoa 12oz,Granola,Hollybrook Foods,178.9,6.29,6.29,1125.48,6.29,0,0.0,0,0,0,0,0,0,41,0.886,0,171.1,1.36,-1.1,-1.7,1.28,1.17,1.1,178.9,0.0
2026-02-07,125,BW-102,Bramblewick Granola Clusters Cocoa 12oz,Granola,Hollybrook Foods,201.0,6.29,6.29,1264.19,6.29,0,0.0,0,0,0,0,0,0,43,0.929,0,178.6,1.36,-1.1,-1.7,1.28,1.17,1.1,201.0,0.0
2026-02-14,126,BW-102,Bramblewick Granola Clusters Cocoa 12oz,Granola,Hollybrook Foods,189.7,6.29,6.29,1193.45,6.29,0,0.0,0,0,0,0,0,0,42,0.908,0,172.7,1.36,-1.1,-1.7,1.28,1.17,1.1,189.7,0.0
2026-02-21,127,BW-102,Bramblewick Granola Clusters Cocoa 12oz,Granola,Hollybrook Foods,202.4,6.29,6.29,1272.84,6.29,0,0.0,0,0,0,0,0,0,41,0.886,0,166.1,1.36,-1.1,-1.7,1.28,1.17,1.1,202.4,0.0
2026-02-28,128,BW-102,Bramblewick Granola Clusters Cocoa 12oz,Granola,Hollybrook Foods,182.5,6.29,6.29,1147.99,6.29,0,0.0,0,0,0,0,0,0,42,0.908,0,167.0,1.36,-1.1,-1.7,1.28,1.17,1.1,182.5,0.0
2026-03-07,129,BW-102,Bramblewick Granola Clusters Cocoa 12oz,Granola,Hollybrook Foods,119.0,6.29,6.29,748.41,6.29,0,0.0,0,0,0,0,0,0,42,0.908,0,163.2,1.36,-1.1,-1.7,1.28,1.17,1.1,119.0,0.0
2026-03-14,130,BW-102,Bramblewick Granola Clusters Cocoa 12oz,Granola,Hollybrook Foods,172.6,6.29,6.29,1085.57,6.29,0,0.0,0,0,0,0,0,0,43,0.929,0,162.8,1.36,-1.1,-1.7,1.28,1.17,1.1,172.6,0.0
2026-03-21,131,BW-102,Bramblewick Granola Clusters Cocoa 12oz,Granola,Hollybrook Foods,138.7,6.29,6.29,872.13,6.29,0,0.0,0,0,0,0,1,0,43,0.929,0,158.2,1.36,-1.1,-1.7,1.28,1.17,1.1,138.7,0.0
2026-03-28,132,BW-102,Bramblewick Granola Clusters Cocoa 12oz,Granola,Hollybrook Foods,176.2,6.29,5.35,951.38,5.4,1,0.15,0,0,0,0,0,0,43,0.929,0,153.6,1.36,-1.1,-1.7,1.28,1.17,1.1,180.7,0.0
2026-04-04,133,BW-102,Bramblewick Granola Clusters Cocoa 12oz,Granola,Hollybrook Foods,156.4,6.29,5.35,846.1,5.41,1,0.15,0,0,0,0,0,0,44,0.951,0,152.5,1.36,-1.1,-1.7,1.28,1.17,1.1,180.7,0.0
2026-04-11,134,BW-102,Bramblewick Granola Clusters Cocoa 12oz,Granola,Hollybrook Foods,118.7,6.29,6.29,746.82,6.29,0,0.0,0,0,0,0,0,1,44,0.951,0,148.1,1.36,-1.1,-1.7,1.28,1.17,1.1,118.7,0.0
2026-04-18,135,BW-102,Bramblewick Granola Clusters Cocoa 12oz,Granola,Hollybrook Foods,118.2,6.29,6.29,743.18,6.29,0,0.0,0,0,0,1,0,0,43,0.929,0,140.7,1.36,-1.1,-1.7,1.28,1.17,1.1,118.2,0.0
2026-04-25,136,BW-102,Bramblewick Granola Clusters Cocoa 12oz,Granola,Hollybrook Foods,157.6,6.29,6.29,991.46,6.29,0,0.0,0,0,0,0,0,0,44,0.951,0,140.3,1.36,-1.1,-1.7,1.28,1.17,1.1,157.6,0.0
2026-05-02,137,BW-102,Bramblewick Granola Clusters Cocoa 12oz,Granola,Hollybrook Foods,151.4,6.29,6.29,952.29,6.29,0,0.0,0,0,0,0,0,0,43,0.929,0,134.1,1.36,-1.1,-1.7,1.28,1.17,1.1,151.4,0.0
2026-05-09,138,BW-102,Bramblewick Granola Clusters Cocoa 12oz,Granola,Hollybrook Foods,140.8,6.29,6.29,885.93,6.29,0,0.0,0,0,0,0,0,0,43,0.929,0,131.5,1.36,-1.1,-1.7,1.28,1.17,1.1,140.8,0.0
2026-05-16,139,BW-102,Bramblewick Granola Clusters Cocoa 12oz,Granola,Hollybrook Foods,144.5,6.29,6.29,908.91,6.29,0,0.0,0,0,0,0,0,0,42,0.908,0,126.6,1.36,-1.1,-1.7,1.28,1.17,1.1,144.5,0.0
2026-05-23,140,BW-102,Bramblewick Granola Clusters Cocoa 12oz,Granola,Hollybrook Foods,125.7,6.29,6.29,790.71,6.29,0,0.0,0,0,0,0,0,0,43,0.929,0,132.1,1.36,-1.1,-1.7,1.28,1.17,1.1,125.7,0.0
2026-05-30,141,BW-102,Bramblewick Granola Clusters Cocoa 12oz,Granola,Hollybrook Foods,117.9,6.29,6.29,741.59,6.29,0,0.0,0,0,0,0,0,0,42,0.908,0,130.2,1.36,-1.1,-1.7,1.28,1.17,1.1,117.9,0.0
2026-06-06,142,BW-102,Bramblewick Granola Clusters Cocoa 12oz,Granola,Hollybrook Foods,137.7,6.29,6.29,866.37,6.29,0,0.0,0,0,0,1,0,0,43,0.929,0,127.2,1.36,-1.1,-1.7,1.28,1.17,1.1,137.7,0.0
2026-06-13,143,BW-102,Bramblewick Granola Clusters Cocoa 12oz,Granola,Hollybrook Foods,125.7,6.29,6.29,790.44,6.29,0,0.0,0,0,0,1,0,0,46,0.994,0,136.3,1.36,-1.1,-1.7,1.28,1.17,1.1,125.7,0.0
2026-06-20,144,BW-102,Bramblewick Granola Clusters Cocoa 12oz,Granola,Hollybrook Foods,115.3,6.29,6.29,725.51,6.29,0,0.0,0,0,0,1,0,0,46,0.994,0,137.1,1.36,-1.1,-1.7,1.28,1.17,1.1,115.3,0.0
2026-06-27,145,BW-102,Bramblewick Granola Clusters Cocoa 12oz,Granola,Hollybrook Foods,156.8,6.29,6.29,986.47,6.29,0,0.0,0,0,0,0,0,0,46,0.994,0,145.0,1.36,-1.1,-1.7,1.28,1.17,1.1,156.8,0.0
2026-07-04,146,BW-102,Bramblewick Granola Clusters Cocoa 12oz,Granola,Hollybrook Foods,134.8,6.29,6.29,848.06,6.29,0,0.0,0,0,0,0,0,0,45,0.973,0,147.3,1.36,-1.1,-1.7,1.28,1.17,1.1,134.8,0.0
2026-07-11,147,BW-102,Bramblewick Granola Clusters Cocoa 12oz,Granola,Hollybrook Foods,164.2,6.29,6.29,1032.61,6.29,0,0.0,0,0,0,0,0,0,45,0.973,0,138.4,1.36,-1.1,-1.7,1.28,1.17,1.1,164.2,0.0
2026-07-18,148,BW-102,Bramblewick Granola Clusters Cocoa 12oz,Granola,Hollybrook Foods,123.2,6.29,6.29,774.92,6.29,0,0.0,0,0,0,0,0,0,46,0.994,0,143.3,1.36,-1.1,-1.7,1.28,1.17,1.1,123.2,0.0
2026-07-25,149,BW-102,Bramblewick Granola Clusters Cocoa 12oz,Granola,Hollybrook Foods,136.1,6.29,6.29,855.98,6.29,0,0.0,0,0,0,0,0,0,46,0.994,0,145.3,1.36,-1.1,-1.7,1.28,1.17,1.1,136.1,0.0
2026-08-01,150,BW-102,Bramblewick Granola Clusters Cocoa 12oz,Granola,Hollybrook Foods,137.3,6.29,6.29,863.39,6.29,0,0.0,0,0,0,0,0,0,44,0.951,0,140.9,1.36,-1.1,-1.7,1.28,1.17,1.1,137.3,0.0
2026-08-08,151,BW-102,Bramblewick Granola Clusters Cocoa 12oz,Granola,Hollybrook Foods,122.2,6.29,6.29,768.6,6.29,0,0.0,0,0,0,1,0,0,44,0.951,0,142.7,1.36,-1.1,-1.7,1.28,1.17,1.1,122.2,0.0
2026-08-15,152,BW-102,Bramblewick Granola Clusters Cocoa 12oz,Granola,Hollybrook Foods,112.4,6.29,6.29,707.16,6.29,0,0.0,0,0,0,1,0,0,45,0.973,0,147.7,1.36,-1.1,-1.7,1.28,1.17,1.1,112.4,0.0
2026-08-22,153,BW-102,Bramblewick Granola Clusters Cocoa 12oz,Granola,Hollybrook Foods,166.2,6.29,6.29,1045.49,6.29,0,0.0,0,0,0,1,0,0,45,0.973,0,172.5,1.36,-1.1,-1.7,1.28,1.17,1.1,166.2,0.0
2026-08-29,154,BW-102,Bramblewick Granola Clusters Cocoa 12oz,Granola,Hollybrook Foods,189.9,6.29,6.29,1194.53,6.29,0,0.0,0,0,0,0,0,0,46,0.994,0,178.0,1.36,-1.1,-1.7,1.28,1.17,1.1,189.9,0.0
2026-09-05,155,BW-102,Bramblewick Granola Clusters Cocoa 12oz,Granola,Hollybrook Foods,155.8,6.29,6.29,979.89,6.29,0,0.0,0,0,0,0,0,0,46,0.994,0,155.5,1.36,-1.1,-1.7,1.28,1.17,1.1,155.8,0.0
2023-09-16,0,BW-102,Bramblewick Granola Clusters Cocoa 12oz,Granola,ThriftLane,574.1,4.29,4.29,2462.96,4.29,0,0.0,0,0,0,0,0,0,83,0.557,0,606.4,1.36,-1.1,-1.7,1.28,1.17,1.1,574.1,0.0
2023-09-23,1,BW-102,Bramblewick Granola Clusters Cocoa 12oz,Granola,ThriftLane,446.7,4.29,4.29,1916.31,4.29,0,0.0,0,0,0,0,1,0,83,0.557,0,528.8,1.36,-1.1,-1.7,1.28,1.17,1.1,446.7,0.0
2023-09-30,2,BW-102,Bramblewick Granola Clusters Cocoa 12oz,Granola,ThriftLane,871.0,4.29,3.22,3013.66,3.46,1,0.25,0,1,1,0,0,0,83,0.557,0,532.7,1.36,-1.1,-1.7,1.28,1.17,1.1,871.0,0.0
2023-10-07,3,BW-102,Bramblewick Granola Clusters Cocoa 12oz,Granola,ThriftLane,1096.3,4.29,3.22,3760.38,3.43,1,0.25,0,1,1,0,0,0,82,0.551,0,530.3,1.36,-1.1,-1.7,1.28,1.17,1.1,1096.3,0.0
2023-10-14,4,BW-102,Bramblewick Granola Clusters Cocoa 12oz,Granola,ThriftLane,449.0,4.29,4.29,1926.18,4.29,0,0.0,0,0,0,0,0,1,82,0.551,0,534.8,1.36,-1.1,-1.7,1.28,1.17,1.1,449.0,0.0
2023-10-21,5,BW-102,Bramblewick Granola Clusters Cocoa 12oz,Granola,ThriftLane,453.2,4.29,4.29,1944.37,4.29,0,0.0,0,0,0,1,0,0,83,0.557,0,546.5,1.36,-1.1,-1.7,1.28,1.17,1.1,453.2,0.0
2023-10-28,6,BW-102,Bramblewick Granola Clusters Cocoa 12oz,Granola,ThriftLane,414.6,4.29,4.29,1778.72,4.29,0,0.0,0,0,0,1,1,0,82,0.551,0,546.0,1.36,-1.1,-1.7,1.28,1.17,1.1,414.6,0.0
2023-11-04,7,BW-102,Bramblewick Granola Clusters Cocoa 12oz,Granola,ThriftLane,638.5,4.29,3.65,2349.8,3.68,1,0.15,0,0,0,1,0,0,84,0.564,0,566.6,1.36,-1.1,-1.7,1.28,1.17,1.1,449.0,189.5
2023-11-11,8,BW-102,Bramblewick Granola Clusters Cocoa 12oz,Granola,ThriftLane,626.5,4.29,4.29,2687.58,4.29,0,0.0,0,0,0,1,0,1,82,0.551,0,561.2,1.36,-1.1,-1.7,1.28,1.17,1.1,626.5,0.0
2023-11-18,9,BW-102,Bramblewick Granola Clusters Cocoa 12oz,Granola,ThriftLane,596.0,4.29,4.29,2556.84,4.29,0,0.0,0,0,0,1,0,0,82,0.551,0,674.8,1.36,-1.1,-1.7,1.28,1.17,1.1,596.0,0.0
2023-11-25,10,BW-102,Bramblewick Granola Clusters Cocoa 12oz,Granola,ThriftLane,575.1,4.29,4.29,2467.19,4.29,0,0.0,0,0,0,1,0,0,84,0.564,0,756.2,1.36,-1.1,-1.7,1.28,1.17,1.1,575.1,0.0
2023-12-02,11,BW-102,Bramblewick Granola Clusters Cocoa 12oz,Granola,ThriftLane,578.3,4.29,4.29,2481.03,4.29,0,0.0,0,0,0,0,0,0,82,0.551,0,591.7,1.36,-1.1,-1.7,1.28,1.17,1.1,578.3,0.0
2023-12-09,12,BW-102,Bramblewick Granola Clusters Cocoa 12oz,Granola,ThriftLane,510.0,4.29,4.29,2187.93,4.29,0,0.0,0,0,0,1,1,0,82,0.551,0,603.3,1.36,-1.1,-1.7,1.28,1.17,1.1,510.0,0.0
2023-12-16,13,BW-102,Bramblewick Granola Clusters Cocoa 12oz,Granola,ThriftLane,1046.0,4.29,3.43,3681.97,3.52,1,0.2,0,1,0,1,0,0,88,0.591,0,753.2,1.36,-1.1,-1.7,1.28,1.17,1.1,542.6,503.4
2023-12-23,14,BW-102,Bramblewick Granola Clusters Cocoa 12oz,Granola,ThriftLane,1813.4,4.29,3.43,6510.24,3.59,1,0.2,0,1,0,1,0,0,89,0.598,0,915.2,1.36,-1.1,-1.7,1.28,1.17,1.1,542.6,1270.9
2023-12-30,15,BW-102,Bramblewick Granola Clusters Cocoa 12oz,Granola,ThriftLane,588.0,4.29,4.29,2522.48,4.29,0,0.0,0,0,0,1,0,1,87,0.584,0,797.4,1.36,-1.1,-1.7,1.28,1.17,1.1,588.0,0.0
2024-01-06,16,BW-102,Bramblewick Granola Clusters Cocoa 12oz,Granola,ThriftLane,861.6,4.29,4.29,3696.3,4.29,0,0.0,0,0,0,1,0,0,87,0.584,0,926.2,1.36,-1.1,-1.7,1.28,1.17,1.1,861.6,0.0
2024-01-13,17,BW-102,Bramblewick Granola Clusters Cocoa 12oz,Granola,ThriftLane,790.5,4.29,4.29,3391.42,4.29,0,0.0,0,0,0,1,0,0,88,0.591,0,947.8,1.36,-1.1,-1.7,1.28,1.17,1.1,790.5,0.0
2024-01-20,18,BW-102,Bramblewick Granola Clusters Cocoa 12oz,Granola,ThriftLane,567.9,4.29,4.29,2436.11,4.29,0,0.0,0,0,0,1,0,0,88,0.591,0,707.8,1.36,-1.1,-1.7,1.28,1.17,1.1,567.9,0.0
2024-01-27,19,BW-102,Bramblewick Granola Clusters Cocoa 12oz,Granola,ThriftLane,982.9,4.29,4.29,4216.84,4.29,0,0.0,0,0,0,0,1,0,89,0.598,0,718.6,1.36,-1.1,-1.7,1.28,1.17,1.1,982.9,0.0
2024-02-03,20,BW-102,Bramblewick Granola Clusters Cocoa 12oz,Granola,ThriftLane,1096.7,4.29,3.43,3882.22,3.54,1,0.2,0,1,0,1,0,0,87,0.584,0,701.8,1.36,-1.1,-1.7,1.28,1.17,1.1,583.2,513.6
2024-02-10,21,BW-102,Bramblewick Granola Clusters Cocoa 12oz,Granola,ThriftLane,558.7,4.29,4.29,2396.63,4.29,0,0.0,0,0,0,0,0,1,89,0.598,0,713.9,1.36,-1.1,-1.7,1.28,1.17,1.1,558.7,0.0
2024-02-17,22,BW-102,Bramblewick Granola Clusters Cocoa 12oz,Granola,ThriftLane,664.0,4.29,4.29,2848.58,4.29,0,0.0,0,0,0,0,0,0,89,0.598,0,706.4,1.36,-1.1,-1.7,1.28,1.17,1.1,664.0,0.0
2024-02-24,23,BW-102,Bramblewick Granola Clusters Cocoa 12oz,Granola,ThriftLane,620.2,4.29,4.29,2660.67,4.29,0,0.0,0,0,0,0,0,0,89,0.598,0,695.6,1.36,-1.1,-1.7,1.28,1.17,1.1,620.2,0.0
2024-03-02,24,BW-102,Bramblewick Granola Clusters Cocoa 12oz,Granola,ThriftLane,765.9,4.29,4.29,3285.7,4.29,0,0.0,0,0,0,0,0,0,89,0.598,0,682.1,1.36,-1.1,-1.7,1.28,1.17,1.1,765.9,0.0
2024-03-09,25,BW-102,Bramblewick Granola Clusters Cocoa 12oz,Granola,ThriftLane,696.0,4.29,4.29,2985.75,4.29,0,0.0,0,0,0,0,0,0,89,0.598,0,666.3,1.36,-1.1,-1.7,1.28,1.17,1.1,696.0,0.0
2024-03-16,26,BW-102,Bramblewick Granola Clusters Cocoa 12oz,Granola,ThriftLane,591.6,4.29,4.29,2537.97,4.29,0,0.0,0,0,0,0,0,0,93,0.624,0,677.9,1.36,-1.1,-1.7,1.28,1.17,1.1,591.6,0.0
2024-03-23,27,BW-102,Bramblewick Granola Clusters Cocoa 12oz,Granola,ThriftLane,788.4,4.29,4.29,3382.16,4.29,0,0.0,0,0,0,0,0,0,92,0.618,0,651.5,1.36,-1.1,-1.7,1.28,1.17,1.1,788.4,0.0
2024-03-30,28,BW-102,Bramblewick Granola Clusters Cocoa 12oz,Granola,ThriftLane,523.6,4.29,4.29,2246.2,4.29,0,0.0,0,0,0,1,1,0,93,0.624,0,638.9,1.36,-1.1,-1.7,1.28,1.17,1.1,523.6,0.0
2024-04-06,29,BW-102,Bramblewick Granola Clusters Cocoa 12oz,Granola,ThriftLane,673.4,4.29,3.65,2478.25,3.68,1,0.15,0,0,0,0,0,0,93,0.624,0,619.6,1.36,-1.1,-1.7,1.28,1.17,1.1,642.1,31.3
2024-04-13,30,BW-102,Bramblewick Granola Clusters Cocoa 12oz,Granola,ThriftLane,634.5,4.29,4.29,2722.09,4.29,0,0.0,0,0,0,0,0,1,94,0.631,0,607.6,1.36,-1.1,-1.7,1.28,1.17,1.1,634.5,0.0
2024-04-20,31,BW-102,Bramblewick Granola Clusters Cocoa 12oz,Granola,ThriftLane,533.7,4.29,4.29,2289.42,4.29,0,0.0,0,0,0,1,1,0,94,0.631,0,590.4,1.36,-1.1,-1.7,1.28,1.17,1.1,533.7,0.0
2024-04-27,32,BW-102,Bramblewick Granola Clusters Cocoa 12oz,Granola,ThriftLane,644.5,4.29,3.65,2384.73,3.7,1,0.15,0,0,0,0,0,0,93,0.624,0,568.9,1.36,-1.1,-1.7,1.28,1.17,1.1,627.4,17.1
2024-05-04,33,BW-102,Bramblewick Granola Clusters Cocoa 12oz,Granola,ThriftLane,612.7,4.29,3.65,2279.36,3.72,1,0.15,0,0,0,1,0,0,92,0.618,0,549.9,1.36,-1.1,-1.7,1.28,1.17,1.1,627.4,0.0
2024-05-11,34,BW-102,Bramblewick Granola Clusters Cocoa 12oz,Granola,ThriftLane,495.5,4.29,4.29,2125.65,4.29,0,0.0,0,0,0,0,0,1,93,0.624,0,545.1,1.36,-1.1,-1.7,1.28,1.17,1.1,495.5,0.0
2024-05-18,35,BW-102,Bramblewick Granola Clusters Cocoa 12oz,Granola,ThriftLane,490.1,4.29,4.29,2102.32,4.29,0,0.0,0,0,0,0,1,0,93,0.624,0,553.0,1.36,-1.1,-1.7,1.28,1.17,1.1,490.1,0.0
2024-05-25,36,BW-102,Bramblewick Granola Clusters Cocoa 12oz,Granola,ThriftLane,737.8,4.49,3.82,2936.31,3.98,1,0.15,0,0,0,1,0,0,92,0.618,0,522.3,1.36,-1.1,-1.7,1.28,1.17,1.1,562.7,175.1
2024-06-01,37,BW-102,Bramblewick Granola Clusters Cocoa 12oz,Granola,ThriftLane,421.1,4.49,4.49,1890.64,4.49,0,0.0,0,0,0,1,0,1,93,0.624,0,501.4,1.36,-1.1,-1.7,1.28,1.17,1.1,421.1,0.0
2024-06-08,38,BW-102,Bramblewick Granola Clusters Cocoa 12oz,Granola,ThriftLane,440.4,4.49,4.49,1977.31,4.49,0,0.0,0,0,0,0,0,0,94,0.631,0,505.4,1.36,-1.1,-1.7,1.28,1.17,1.1,440.4,0.0
2024-06-15,39,BW-102,Bramblewick Granola Clusters Cocoa 12oz,Granola,ThriftLane,465.1,4.49,4.49,2088.5,4.49,0,0.0,0,0,0,0,0,0,98,0.658,0,527.7,1.36,-1.1,-1.7,1.28,1.17,1.1,465.1,0.0
2024-06-22,40,BW-102,Bramblewick Granola Clusters Cocoa 12oz,Granola,ThriftLane,497.3,4.49,4.49,2233.1,4.49,0,0.0,0,0,0,0,1,0,99,0.665,0,535.6,1.36,-1.1,-1.7,1.28,1.17,1.1,497.3,0.0
2024-06-29,41,BW-102,Bramblewick Granola Clusters Cocoa 12oz,Granola,ThriftLane,871.4,4.49,3.82,3407.05,3.91,1,0.15,0,0,0,0,0,0,97,0.651,0,554.9,1.36,-1.1,-1.7,1.28,1.17,1.1,492.8,378.6
2024-07-06,42,BW-102,Bramblewick Granola Clusters Cocoa 12oz,Granola,ThriftLane,496.0,4.49,4.49,2226.82,4.49,0,0.0,0,0,0,0,0,1,97,0.651,0,575.8,1.36,-1.1,-1.7,1.28,1.17,1.1,496.0,0.0
2024-07-13,43,BW-102,Bramblewick Granola Clusters Cocoa 12oz,Granola,ThriftLane,516.0,4.49,4.49,2316.66,4.49,0,0.0,0,0,0,1,0,0,99,0.665,0,551.6,1.36,-1.1,-1.7,1.28,1.17,1.1,516.0,0.0
2024-07-20,44,BW-102,Bramblewick Granola Clusters Cocoa 12oz,Granola,ThriftLane,511.8,4.49,4.49,2297.99,4.49,0,0.0,0,0,0,0,0,0,98,0.658,0,553.0,1.36,-1.1,-1.7,1.28,1.17,1.1,511.8,0.0
2024-07-27,45,BW-102,Bramblewick Granola Clusters Cocoa 12oz,Granola,ThriftLane,578.7,4.49,4.49,2598.33,4.49,0,0.0,0,0,0,0,0,0,97,0.651,0,554.5,1.36,-1.1,-1.7,1.28,1.17,1.1,578.7,0.0
2024-08-03,46,BW-102,Bramblewick Granola Clusters Cocoa 12oz,Granola,ThriftLane,461.2,4.49,4.49,2070.78,4.49,0,0.0,0,0,0,1,0,0,97,0.651,0,561.7,1.36,-1.1,-1.7,1.28,1.17,1.1,461.2,0.0
2024-08-10,47,BW-102,Bramblewick Granola Clusters Cocoa 12oz,Granola,ThriftLane,598.5,4.49,4.49,2687.31,4.49,0,0.0,0,0,0,0,0,0,98,0.658,0,574.5,1.36,-1.1,-1.7,1.28,1.17,1.1,598.5,0.0
2024-08-17,48,BW-102,Bramblewick Granola Clusters Cocoa 12oz,Granola,ThriftLane,528.4,4.49,4.49,2372.36,4.49,0,0.0,0,0,0,0,0,0,99,0.665,0,587.0,1.36,-1.1,-1.7,1.28,1.17,1.1,528.4,0.0
2024-08-24,49,BW-102,Bramblewick Granola Clusters Cocoa 12oz,Granola,ThriftLane,518.5,4.49,4.49,2328.24,4.49,0,0.0,0,0,0,1,1,0,97,0.651,0,671.1,1.36,-1.1,-1.7,1.28,1.17,1.1,518.5,0.0
2024-08-31,50,BW-102,Bramblewick Granola Clusters Cocoa 12oz,Granola,ThriftLane,1187.1,4.49,3.82,4570.36,3.85,1,0.15,0,0,0,1,0,0,99,0.665,0,691.3,1.36,-1.1,-1.7,1.28,1.17,1.1,517.2,669.8
2024-09-07,51,BW-102,Bramblewick Granola Clusters Cocoa 12oz,Granola,ThriftLane,544.0,4.49,4.49,2442.76,4.49,0,0.0,0,0,0,1,0,1,99,0.665,0,603.6,1.36,-1.1,-1.7,1.28,1.17,1.1,544.0,0.0
2024-09-14,52,BW-102,Bramblewick Granola Clusters Cocoa 12oz,Granola,ThriftLane,552.3,4.49,4.49,2479.65,4.49,0,0.0,0,0,0,0,0,0,104,0.698,0,638.9,1.36,-1.1,-1.7,1.28,1.17,1.1,552.3,0.0
2024-09-21,53,BW-102,Bramblewick Granola Clusters Cocoa 12oz,Granola,ThriftLane,728.7,4.49,4.49,3271.77,4.49,0,0.0,0,0,0,0,0,0,104,0.698,0,643.5,1.36,-1.1,-1.7,1.28,1.17,1.1,728.7,0.0
2024-09-28,54,BW-102,Bramblewick Granola Clusters Cocoa 12oz,Granola,ThriftLane,606.5,4.49,4.49,2723.37,4.49,0,0.0,0,0,0,0,1,0,104,0.698,0,648.2,1.36,-1.1,-1.7,1.28,1.17,1.1,606.5,0.0
2024-10-05,55,BW-102,Bramblewick Granola Clusters Cocoa 12oz,Granola,ThriftLane,1022.3,4.49,3.82,3997.09,3.91,1,0.15,0,0,0,0,0,0,103,0.692,0,646.9,1.36,-1.1,-1.7,1.28,1.17,1.1,548.2,474.2
2024-10-12,56,BW-102,Bramblewick Granola Clusters Cocoa 12oz,Granola,ThriftLane,513.9,4.49,4.49,2307.39,4.49,0,0.0,0,0,0,0,0,1,102,0.685,0,646.0,1.36,-1.1,-1.7,1.28,1.17,1.1,513.9,0.0
2024-10-19,57,BW-102,Bramblewick Granola Clusters Cocoa 12oz,Granola,ThriftLane,653.1,4.49,4.49,2932.5,4.49,0,0.0,0,0,0,0,0,0,104,0.698,0,665.1,1.36,-1.1,-1.7,1.28,1.17,1.1,653.1,0.0
2024-10-26,58,BW-102,Bramblewick Granola Clusters Cocoa 12oz,Granola,ThriftLane,611.0,4.49,4.49,2743.59,4.49,0,0.0,0,0,0,0,1,0,104,0.698,0,672.6,1.36,-1.1,-1.7,1.28,1.17,1.1,611.0,0.0
2024-11-02,59,BW-102,Bramblewick Granola Clusters Cocoa 12oz,Granola,ThriftLane,605.2,4.49,3.37,2184.71,3.61,1,0.25,0,1,0,1,0,0,103,0.692,0,674.7,1.36,-1.1,-1.7,1.28,1.17,1.1,579.4,25.8
2024-11-09,60,BW-102,Bramblewick Granola Clusters Cocoa 12oz,Granola,ThriftLane,488.6,4.49,4.49,2193.93,4.49,0,0.0,0,0,0,1,0,1,103,0.692,0,684.7,1.36,-1.1,-1.7,1.28,1.17,1.1,488.6,0.0
2024-11-16,61,BW-102,Bramblewick Granola Clusters Cocoa 12oz,Granola,ThriftLane,866.1,4.49,4.49,3888.97,4.49,0,0.0,0,0,0,0,0,0,104,0.698,0,702.7,1.36,-1.1,-1.7,1.28,1.17,1.1,866.1,0.0
2024-11-23,62,BW-102,Bramblewick Granola Clusters Cocoa 12oz,Granola,ThriftLane,709.2,4.49,4.49,3184.42,4.49,0,0.0,0,0,0,1,1,0,104,0.698,0,846.1,1.36,-1.1,-1.7,1.28,1.17,1.1,709.2,0.0
2024-11-30,63,BW-102,Bramblewick Granola Clusters Cocoa 12oz,Granola,ThriftLane,1652.9,4.49,3.59,6181.84,3.74,1,0.2,0,1,1,1,0,0,104,0.698,0,926.5,1.36,-1.1,-1.7,1.28,1.17,1.1,632.0,1020.9
2024-12-07,64,BW-102,Bramblewick Granola Clusters Cocoa 12oz,Granola,ThriftLane,570.7,4.49,4.49,2562.46,4.49,0,0.0,0,0,0,0,0,1,104,0.698,0,743.1,1.36,-1.1,-1.7,1.28,1.17,1.1,570.7,0.0
2024-12-14,65,BW-102,Bramblewick Granola Clusters Cocoa 12oz,Granola,ThriftLane,1019.7,4.49,4.49,4578.35,4.49,0,0.0,0,0,0,0,0,0,109,0.732,0,906.0,1.36,-1.1,-1.7,1.28,1.17,1.1,1019.7,0.0
2024-12-21,66,BW-102,Bramblewick Granola Clusters Cocoa 12oz,Granola,ThriftLane,1035.7,4.49,4.49,4650.23,4.49,0,0.0,0,0,0,1,1,0,109,0.732,0,1088.5,1.36,-1.1,-1.7,1.28,1.17,1.1,1035.7,0.0
2024-12-28,67,BW-102,Bramblewick Granola Clusters Cocoa 12oz,Granola,ThriftLane,1236.8,4.49,3.82,4910.02,3.97,1,0.15,0,0,0,0,0,0,109,0.732,0,970.3,1.36,-1.1,-1.7,1.28,1.17,1.1,681.2,555.6
2025-01-04,68,BW-102,Bramblewick Granola Clusters Cocoa 12oz,Granola,ThriftLane,1211.0,4.49,3.82,4674.36,3.86,1,0.15,0,0,0,0,0,0,109,0.732,0,1127.0,1.36,-1.1,-1.7,1.28,1.17,1.1,681.2,529.8
2025-01-11,69,BW-102,Bramblewick Granola Clusters Cocoa 12oz,Granola,ThriftLane,1123.3,4.49,4.49,5043.46,4.49,0,0.0,0,0,0,0,0,1,109,0.732,0,1140.2,1.36,-1.1,-1.7,1.28,1.17,1.1,1123.3,0.0
2025-01-18,70,BW-102,Bramblewick Granola Clusters Cocoa 12oz,Granola,ThriftLane,744.8,4.49,4.49,3344.24,4.49,0,0.0,0,0,0,1,0,0,109,0.732,0,851.5,1.36,-1.1,-1.7,1.28,1.17,1.1,744.8,0.0
2025-01-25,71,BW-102,Bramblewick Granola Clusters Cocoa 12oz,Granola,ThriftLane,715.6,4.49,4.49,3212.99,4.49,0,0.0,0,0,0,0,0,0,108,0.725,0,846.8,1.36,-1.1,-1.7,1.28,1.17,1.1,715.6,0.0
2025-02-01,72,BW-102,Bramblewick Granola Clusters Cocoa 12oz,Granola,ThriftLane,1061.8,4.49,4.49,4767.56,4.49,0,0.0,0,0,0,0,0,0,108,0.725,0,846.1,1.36,-1.1,-1.7,1.28,1.17,1.1,1061.8,0.0
2025-02-08,73,BW-102,Bramblewick Granola Clusters Cocoa 12oz,Granola,ThriftLane,898.9,4.49,4.49,4036.17,4.49,0,0.0,0,0,0,0,0,0,107,0.718,0,833.5,1.36,-1.1,-1.7,1.28,1.17,1.1,898.9,0.0
2025-02-15,74,BW-102,Bramblewick Granola Clusters Cocoa 12oz,Granola,ThriftLane,646.2,4.49,4.49,2901.4,4.49,0,0.0,0,0,0,1,0,0,107,0.718,0,824.8,1.36,-1.1,-1.7,1.28,1.17,1.1,646.2,0.0
2025-02-22,75,BW-102,Bramblewick Granola Clusters Cocoa 12oz,Granola,ThriftLane,738.0,4.49,4.49,3313.62,4.49,0,0.0,0,0,0,0,0,0,107,0.718,0,812.2,1.36,-1.1,-1.7,1.28,1.17,1.1,738.0,0.0
2025-03-01,76,BW-102,Bramblewick Granola Clusters Cocoa 12oz,Granola,ThriftLane,864.7,4.49,4.49,3882.36,4.49,0,0.0,0,0,0,0,0,0,107,0.718,0,796.4,1.36,-1.1,-1.7,1.28,1.17,1.1,864.7,0.0
2025-03-08,77,BW-102,Bramblewick Granola Clusters Cocoa 12oz,Granola,ThriftLane,900.6,4.49,4.49,4043.55,4.49,0,0.0,0,0,0,0,0,0,109,0.732,0,792.5,1.36,-1.1,-1.7,1.28,1.17,1.1,900.6,0.0
2025-03-15,78,BW-102,Bramblewick Granola Clusters Cocoa 12oz,Granola,ThriftLane,761.8,4.49,4.49,3420.69,4.49,0,0.0,0,0,0,1,0,0,115,0.772,0,814.1,1.36,-1.1,-1.7,1.28,1.17,1.1,761.8,0.0
2025-03-22,79,BW-102,Bramblewick Granola Clusters Cocoa 12oz,Granola,ThriftLane,728.3,4.49,4.49,3270.16,4.49,0,0.0,0,0,0,1,0,0,114,0.765,0,784.0,1.36,-1.1,-1.7,1.28,1.17,1.1,728.3,0.0
2025-03-29,80,BW-102,Bramblewick Granola Clusters Cocoa 12oz,Granola,ThriftLane,645.2,4.49,4.49,2896.89,4.49,0,0.0,0,0,0,1,0,0,115,0.772,0,767.3,1.36,-1.1,-1.7,1.28,1.17,1.1,645.2,0.0
2025-04-05,81,BW-102,Bramblewick Granola Clusters Cocoa 12oz,Granola,ThriftLane,934.8,4.49,4.49,4197.3,4.49,0,0.0,0,0,0,0,0,0,115,0.772,0,744.1,1.36,-1.1,-1.7,1.28,1.17,1.1,934.8,0.0
2025-04-12,82,BW-102,Bramblewick Granola Clusters Cocoa 12oz,Granola,ThriftLane,686.2,4.49,4.49,3080.81,4.49,0,0.0,0,0,0,0,0,0,113,0.759,0,709.4,1.36,-1.1,-1.7,1.28,1.17,1.1,686.2,0.0
2025-04-19,83,BW-102,Bramblewick Granola Clusters Cocoa 12oz,Granola,ThriftLane,631.8,4.49,4.49,2836.69,4.49,0,0.0,0,0,0,1,0,0,115,0.772,0,701.5,1.36,-1.1,-1.7,1.28,1.17,1.1,631.8,0.0
2025-04-26,84,BW-102,Bramblewick Granola Clusters Cocoa 12oz,Granola,ThriftLane,699.6,4.49,4.49,3141.11,4.49,0,0.0,0,0,0,0,0,0,113,0.759,0,671.4,1.36,-1.1,-1.7,1.28,1.17,1.1,699.6,0.0
2025-05-03,85,BW-102,Bramblewick Granola Clusters Cocoa 12oz,Granola,ThriftLane,634.9,4.49,4.49,2850.84,4.49,0,0.0,0,0,0,0,0,0,113,0.759,0,655.9,1.36,-1.1,-1.7,1.28,1.17,1.1,634.9,0.0
2025-05-10,86,BW-102,Bramblewick Granola Clusters Cocoa 12oz,Granola,ThriftLane,713.2,4.49,4.49,3202.33,4.49,0,0.0,0,0,0,0,0,0,115,0.772,0,654.6,1.36,-1.1,-1.7,1.28,1.17,1.1,713.2,0.0
2025-05-17,87,BW-102,Bramblewick Granola Clusters Cocoa 12oz,Granola,ThriftLane,667.9,4.49,4.49,2998.7,4.49,0,0.0,0,0,0,1,0,0,114,0.765,0,638.9,1.36,-1.1,-1.7,1.28,1.17,1.1,667.9,0.0
2025-05-24,88,BW-102,Bramblewick Granola Clusters Cocoa 12oz,Granola,ThriftLane,483.1,4.49,4.49,2169.14,4.49,0,0.0,0,0,0,0,1,0,113,0.759,0,645.4,1.36,-1.1,-1.7,1.28,1.17,1.1,483.1,0.0
2025-05-31,89,BW-102,Bramblewick Granola Clusters Cocoa 12oz,Granola,ThriftLane,1566.7,4.49,3.37,5546.16,3.54,1,0.25,1,1,0,0,0,0,115,0.772,0,662.2,1.36,-1.1,-1.7,1.28,1.17,1.1,677.0,889.6
2025-06-07,90,BW-102,Bramblewick Granola Clusters Cocoa 12oz,Granola,ThriftLane,589.1,4.49,4.49,2645.21,4.49,0,0.0,0,0,0,1,0,1,114,0.765,0,625.9,1.36,-1.1,-1.7,1.28,1.17,1.1,589.1,0.0
2025-06-14,91,BW-102,Bramblewick Granola Clusters Cocoa 12oz,Granola,ThriftLane,771.9,4.49,4.49,3465.66,4.49,0,0.0,0,0,0,0,0,0,120,0.806,0,659.7,1.36,-1.1,-1.7,1.28,1.17,1.1,771.9,0.0
2025-06-21,92,BW-102,Bramblewick Granola Clusters Cocoa 12oz,Granola,ThriftLane,629.3,4.49,4.49,2825.67,4.49,0,0.0,0,0,0,0,0,0,120,0.806,0,662.9,1.36,-1.1,-1.7,1.28,1.17,1.1,629.3,0.0
2025-06-28,93,BW-102,Bramblewick Granola Clusters Cocoa 12oz,Granola,ThriftLane,719.5,4.49,4.49,3230.36,4.49,0,0.0,0,0,0,0,1,0,119,0.799,0,695.1,1.36,-1.1,-1.7,1.28,1.17,1.1,719.5,0.0
2025-07-05,94,BW-102,Bramblewick Granola Clusters Cocoa 12oz,Granola,ThriftLane,1268.7,4.49,3.59,4757.76,3.75,1,0.2,0,1,0,0,0,0,119,0.799,0,721.3,1.36,-1.1,-1.7,1.28,1.17,1.1,651.4,617.3
2025-07-12,95,BW-102,Bramblewick Granola Clusters Cocoa 12oz,Granola,ThriftLane,634.9,4.49,4.49,2850.79,4.49,0,0.0,0,0,0,0,0,1,118,0.792,0,671.4,1.36,-1.1,-1.7,1.28,1.17,1.1,634.9,0.0
2025-07-19,96,BW-102,Bramblewick Granola Clusters Cocoa 12oz,Granola,ThriftLane,507.4,4.79,4.79,2430.43,4.79,0,0.0,0,0,0,1,1,0,120,0.806,0,644.0,1.36,-1.1,-1.7,1.28,1.17,1.1,507.4,0.0
2025-07-26,97,BW-102,Bramblewick Granola Clusters Cocoa 12oz,Granola,ThriftLane,985.0,4.79,4.07,4146.82,4.21,1,0.15,0,0,0,1,0,0,119,0.799,0,647.0,1.36,-1.1,-1.7,1.28,1.17,1.1,632.1,352.9
2025-08-02,98,BW-102,Bramblewick Granola Clusters Cocoa 12oz,Granola,ThriftLane,697.2,4.79,4.79,3339.8,4.79,0,0.0,0,0,0,0,0,1,119,0.799,0,655.3,1.36,-1.1,-1.7,1.28,1.17,1.1,697.2,0.0
2025-08-09,99,BW-102,Bramblewick Granola Clusters Cocoa 12oz,Granola,ThriftLane,786.8,4.79,4.79,3768.84,4.79,0,0.0,0,0,0,0,0,0,118,0.792,0,657.8,1.36,-1.1,-1.7,1.28,1.17,1.1,786.8,0.0
2025-08-16,100,BW-102,Bramblewick Granola Clusters Cocoa 12oz,Granola,ThriftLane,589.5,4.79,4.79,2823.67,4.79,0,0.0,0,0,0,1,1,0,120,0.806,0,676.7,1.36,-1.1,-1.7,1.28,1.17,1.1,589.5,0.0
2025-08-23,101,BW-102,Bramblewick Granola Clusters Cocoa 12oz,Granola,ThriftLane,956.9,4.79,4.31,4181.53,4.37,1,0.1,0,0,0,1,0,0,119,0.799,0,783.0,1.36,-1.1,-1.7,1.28,1.17,1.1,666.0,290.8
2025-08-30,102,BW-102,Bramblewick Granola Clusters Cocoa 12oz,Granola,ThriftLane,842.0,4.79,4.79,4033.21,4.79,0,0.0,0,0,0,0,0,1,120,0.806,0,796.9,1.36,-1.1,-1.7,1.28,1.17,1.1,842.0,0.0
2025-09-06,103,BW-102,Bramblewick Granola Clusters Cocoa 12oz,Granola,ThriftLane,969.0,4.79,4.79,4641.4,4.79,0,0.0,0,0,0,0,1,0,120,0.806,0,695.8,1.36,-1.1,-1.7,1.28,1.17,1.1,969.0,0.0
2025-09-13,104,BW-102,Bramblewick Granola Clusters Cocoa 12oz,Granola,ThriftLane,841.1,4.79,4.31,3700.65,4.4,1,0.1,0,0,0,0,0,0,124,0.833,0,724.5,1.36,-1.1,-1.7,1.28,1.17,1.1,708.4,132.8
2025-09-20,105,BW-102,Bramblewick Granola Clusters Cocoa 12oz,Granola,ThriftLane,592.7,4.79,4.79,2838.99,4.79,0,0.0,0,0,0,1,0,1,124,0.833,0,729.7,1.36,-1.1,-1.7,1.28,1.17,1.1,592.7,0.0
2025-09-27,106,BW-102,Bramblewick Granola Clusters Cocoa 12oz,Granola,ThriftLane,889.6,4.79,4.79,4260.99,4.79,0,0.0,0,0,0,0,0,0,123,0.826,0,729.0,1.36,-1.1,-1.7,1.28,1.17,1.1,889.6,0.0
2025-10-04,107,BW-102,Bramblewick Granola Clusters Cocoa 12oz,Granola,ThriftLane,628.1,4.79,4.79,3008.68,4.79,0,0.0,0,0,0,0,1,0,124,0.833,0,740.6,1.36,-1.1,-1.7,1.28,1.17,1.1,628.1,0.0
2025-10-11,108,BW-102,Bramblewick Granola Clusters Cocoa 12oz,Granola,ThriftLane,527.3,4.79,4.31,2325.2,4.41,1,0.1,0,0,0,1,0,0,125,0.839,0,752.9,1.36,-1.1,-1.7,1.28,1.17,1.1,742.0,0.0
2025-10-18,109,BW-102,Bramblewick Granola Clusters Cocoa 12oz,Granola,ThriftLane,785.0,4.79,4.79,3759.92,4.79,0,0.0,0,0,0,0,0,1,124,0.833,0,754.1,1.36,-1.1,-1.7,1.28,1.17,1.1,785.0,0.0
2025-10-25,110,BW-102,Bramblewick Granola Clusters Cocoa 12oz,Granola,ThriftLane,886.6,4.79,4.79,4247.0,4.79,0,0.0,0,0,0,0,0,0,123,0.826,0,756.4,1.36,-1.1,-1.7,1.28,1.17,1.1,886.6,0.0
2025-11-01,111,BW-102,Bramblewick Granola Clusters Cocoa 12oz,Granola,ThriftLane,891.3,4.79,4.79,4269.23,4.79,0,0.0,0,0,0,0,0,0,123,0.826,0,766.2,1.36,-1.1,-1.7,1.28,1.17,1.1,891.3,0.0
2025-11-08,112,BW-102,Bramblewick Granola Clusters Cocoa 12oz,Granola,ThriftLane,768.1,4.79,4.79,3679.21,4.79,0,0.0,0,0,0,1,0,0,123,0.826,0,777.5,1.36,-1.1,-1.7,1.28,1.17,1.1,768.1,0.0
2025-11-15,113,BW-102,Bramblewick Granola Clusters Cocoa 12oz,Granola,ThriftLane,860.7,4.79,4.79,4122.76,4.79,0,0.0,0,0,0,0,1,0,123,0.826,0,790.3,1.36,-1.1,-1.7,1.28,1.17,1.1,860.7,0.0
2025-11-22,114,BW-102,Bramblewick Granola Clusters Cocoa 12oz,Granola,ThriftLane,1914.0,4.79,3.83,7579.46,3.96,1,0.2,1,1,0,0,0,0,124,0.833,0,959.4,1.36,-1.1,-1.7,1.28,1.17,1.1,822.8,1091.2
2025-11-29,115,BW-102,Bramblewick Granola Clusters Cocoa 12oz,Granola,ThriftLane,2661.8,4.79,3.83,10700.58,4.02,1,0.2,1,1,0,1,0,0,123,0.826,0,1042.1,1.36,-1.1,-1.7,1.28,1.17,1.1,822.8,1839.0
2025-12-06,116,BW-102,Bramblewick Granola Clusters Cocoa 12oz,Granola,ThriftLane,709.7,4.79,4.79,3399.24,4.79,0,0.0,0,0,0,0,0,1,125,0.839,0,849.4,1.36,-1.1,-1.7,1.28,1.17,1.1,709.7,0.0
2025-12-13,117,BW-102,Bramblewick Granola Clusters Cocoa 12oz,Granola,ThriftLane,825.2,4.79,4.79,3952.52,4.79,0,0.0,0,0,0,0,1,0,129,0.866,0,1019.7,1.36,-1.1,-1.7,1.28,1.17,1.1,825.2,0.0
2025-12-20,118,BW-102,Bramblewick Granola Clusters Cocoa 12oz,Granola,ThriftLane,2895.6,4.79,3.83,11553.3,3.99,1,0.2,1,1,1,0,0,0,130,0.873,0,1234.6,1.36,-1.1,-1.7,1.28,1.17,1.1,805.1,2090.5
2025-12-27,119,BW-102,Bramblewick Granola Clusters Cocoa 12oz,Granola,ThriftLane,2218.4,4.79,3.83,8762.61,3.95,1,0.2,1,1,1,1,0,0,130,0.873,0,1100.5,1.36,-1.1,-1.7,1.28,1.17,1.1,805.1,1413.3
2026-01-03,120,BW-102,Bramblewick Granola Clusters Cocoa 12oz,Granola,ThriftLane,2645.5,4.79,3.83,10370.35,3.92,1,0.2,1,1,1,1,0,0,130,0.873,0,1278.2,1.36,-1.1,-1.7,1.28,1.17,1.1,805.1,1840.4
2026-01-10,121,BW-102,Bramblewick Granola Clusters Cocoa 12oz,Granola,ThriftLane,972.5,4.79,4.79,4658.13,4.79,0,0.0,0,0,0,1,0,1,128,0.86,0,1273.3,1.36,-1.1,-1.7,1.28,1.17,1.1,972.5,0.0
2026-01-17,122,BW-102,Bramblewick Granola Clusters Cocoa 12oz,Granola,ThriftLane,887.7,4.79,4.79,4251.89,4.79,0,0.0,0,0,0,0,1,0,130,0.873,0,965.7,1.36,-1.1,-1.7,1.28,1.17,1.1,887.7,0.0
2026-01-24,123,BW-102,Bramblewick Granola Clusters Cocoa 12oz,Granola,ThriftLane,1299.9,4.79,4.07,5472.61,4.21,1,0.15,0,0,0,0,0,0,129,0.866,0,961.9,1.36,-1.1,-1.7,1.28,1.17,1.1,873.6,426.2
2026-01-31,124,BW-102,Bramblewick Granola Clusters Cocoa 12oz,Granola,ThriftLane,1108.7,4.79,4.07,4678.63,4.22,1,0.15,0,0,0,0,0,0,130,0.873,0,968.6,1.36,-1.1,-1.7,1.28,1.17,1.1,873.6,235.0
2026-02-07,125,BW-102,Bramblewick Granola Clusters Cocoa 12oz,Granola,ThriftLane,733.4,4.79,4.79,3512.91,4.79,0,0.0,0,0,0,1,0,1,129,0.866,0,955.7,1.36,-1.1,-1.7,1.28,1.17,1.1,733.4,0.0
2026-02-14,126,BW-102,Bramblewick Granola Clusters Cocoa 12oz,Granola,ThriftLane,819.6,4.79,4.79,3926.1,4.79,0,0.0,0,0,0,1,0,0,129,0.866,0,945.6,1.36,-1.1,-1.7,1.28,1.17,1.1,819.6,0.0
2026-02-21,127,BW-102,Bramblewick Granola Clusters Cocoa 12oz,Granola,ThriftLane,949.7,4.79,4.79,4549.08,4.79,0,0.0,0,0,0,0,0,0,129,0.866,0,931.2,1.36,-1.1,-1.7,1.28,1.17,1.1,949.7,0.0
2026-02-28,128,BW-102,Bramblewick Granola Clusters Cocoa 12oz,Granola,ThriftLane,933.1,4.79,4.79,4469.45,4.79,0,0.0,0,0,0,0,1,0,130,0.873,0,920.2,1.36,-1.1,-1.7,1.28,1.17,1.1,933.1,0.0
2026-03-07,129,BW-102,Bramblewick Granola Clusters Cocoa 12oz,Granola,ThriftLane,1184.1,4.79,4.31,5198.21,4.39,1,0.1,0,0,0,1,0,0,128,0.86,0,885.0,1.36,-1.1,-1.7,1.28,1.17,1.1,856.4,327.6
2026-03-14,130,BW-102,Bramblewick Granola Clusters Cocoa 12oz,Granola,ThriftLane,753.2,4.79,4.79,3607.6,4.79,0,0.0,0,0,0,1,0,1,133,0.893,0,895.4,1.36,-1.1,-1.7,1.28,1.17,1.1,753.2,0.0
2026-03-21,131,BW-102,Bramblewick Granola Clusters Cocoa 12oz,Granola,ThriftLane,930.4,4.79,4.79,4456.49,4.79,0,0.0,0,0,0,0,0,0,135,0.907,0,883.0,1.36,-1.1,-1.7,1.28,1.17,1.1,930.4,0.0
2026-03-28,132,BW-102,Bramblewick Granola Clusters Cocoa 12oz,Granola,ThriftLane,911.2,4.79,4.79,4364.69,4.79,0,0.0,0,0,0,0,0,0,133,0.893,0,843.9,1.36,-1.1,-1.7,1.28,1.17,1.1,911.2,0.0
2026-04-04,133,BW-102,Bramblewick Granola Clusters Cocoa 12oz,Granola,ThriftLane,791.6,4.79,4.79,3791.96,4.79,0,0.0,0,0,0,0,1,0,134,0.9,0,824.5,1.36,-1.1,-1.7,1.28,1.17,1.1,791.6,0.0
2026-04-11,134,BW-102,Bramblewick Granola Clusters Cocoa 12oz,Granola,ThriftLane,1045.6,4.99,4.24,4537.97,4.34,1,0.15,0,0,0,0,0,0,135,0.907,0,770.5,1.36,-1.1,-1.7,1.28,1.17,1.1,865.4,180.2
2026-04-18,135,BW-102,Bramblewick Granola Clusters Cocoa 12oz,Granola,ThriftLane,554.7,4.99,4.99,2768.02,4.99,0,0.0,0,0,0,1,0,1,135,0.907,0,748.7,1.36,-1.1,-1.7,1.28,1.17,1.1,554.7,0.0
2026-04-25,136,BW-102,Bramblewick Granola Clusters Cocoa 12oz,Granola,ThriftLane,654.9,4.99,4.99,3267.85,4.99,0,0.0,0,0,0,1,0,0,134,0.9,0,723.8,1.36,-1.1,-1.7,1.28,1.17,1.1,654.9,0.0
2026-05-02,137,BW-102,Bramblewick Granola Clusters Cocoa 12oz,Granola,ThriftLane,790.5,4.99,4.99,3944.53,4.99,0,0.0,0,0,0,0,0,0,134,0.9,0,707.2,1.36,-1.1,-1.7,1.28,1.17,1.1,790.5,0.0
2026-05-09,138,BW-102,Bramblewick Granola Clusters Cocoa 12oz,Granola,ThriftLane,624.6,4.99,4.99,3116.69,4.99,0,0.0,0,0,0,0,1,0,135,0.907,0,698.6,1.36,-1.1,-1.7,1.28,1.17,1.1,624.6,0.0
2026-05-16,139,BW-102,Bramblewick Granola Clusters Cocoa 12oz,Granola,ThriftLane,831.1,4.99,3.74,3174.64,3.82,1,0.25,1,1,1,1,0,0,135,0.907,0,687.9,1.36,-1.1,-1.7,1.28,1.17,1.1,771.8,59.2
2026-05-23,140,BW-102,Bramblewick Granola Clusters Cocoa 12oz,Granola,ThriftLane,643.5,4.99,3.74,2529.14,3.93,1,0.25,1,1,1,0,0,0,133,0.893,0,690.6,1.36,-1.1,-1.7,1.28,1.17,1.1,771.8,0.0
2026-05-30,141,BW-102,Bramblewick Granola Clusters Cocoa 12oz,Granola,ThriftLane,813.1,4.99,3.74,3203.56,3.94,1,0.25,1,1,1,0,0,0,133,0.893,0,696.2,1.36,-1.1,-1.7,1.28,1.17,1.1,771.8,41.2
2026-06-06,142,BW-102,Bramblewick Granola Clusters Cocoa 12oz,Granola,ThriftLane,661.2,4.99,4.99,3299.22,4.99,0,0.0,0,0,0,1,0,1,134,0.9,0,668.9,1.36,-1.1,-1.7,1.28,1.17,1.1,661.2,0.0
2026-06-13,143,BW-102,Bramblewick Granola Clusters Cocoa 12oz,Granola,ThriftLane,632.9,4.99,4.99,3158.18,4.99,0,0.0,0,0,0,1,0,0,140,0.94,0,699.8,1.36,-1.1,-1.7,1.28,1.17,1.1,632.9,0.0
2026-06-20,144,BW-102,Bramblewick Granola Clusters Cocoa 12oz,Granola,ThriftLane,643.0,4.99,4.99,3208.33,4.99,0,0.0,0,0,0,0,1,0,139,0.933,0,698.1,1.36,-1.1,-1.7,1.28,1.17,1.1,643.0,0.0
2026-06-27,145,BW-102,Bramblewick Granola Clusters Cocoa 12oz,Granola,ThriftLane,1040.3,4.99,4.24,4483.74,4.31,1,0.15,0,0,0,1,0,0,139,0.933,0,738.2,1.36,-1.1,-1.7,1.28,1.17,1.1,649.0,391.3
2026-07-04,146,BW-102,Bramblewick Granola Clusters Cocoa 12oz,Granola,ThriftLane,971.2,4.99,4.24,4156.7,4.28,1,0.15,0,0,0,1,0,0,141,0.947,0,777.0,1.36,-1.1,-1.7,1.28,1.17,1.1,649.0,322.2
2026-07-11,147,BW-102,Bramblewick Granola Clusters Cocoa 12oz,Granola,ThriftLane,532.9,4.99,4.99,2659.33,4.99,0,0.0,0,0,0,1,0,1,139,0.933,0,719.0,1.36,-1.1,-1.7,1.28,1.17,1.1,532.9,0.0
2026-07-18,148,BW-102,Bramblewick Granola Clusters Cocoa 12oz,Granola,ThriftLane,831.3,4.99,4.99,4148.18,4.99,0,0.0,0,0,0,0,0,0,141,0.947,0,738.6,1.36,-1.1,-1.7,1.28,1.17,1.1,831.3,0.0
2026-07-25,149,BW-102,Bramblewick Granola Clusters Cocoa 12oz,Granola,ThriftLane,605.5,4.99,4.99,3021.68,4.99,0,0.0,0,0,0,0,0,0,141,0.947,0,748.3,1.36,-1.1,-1.7,1.28,1.17,1.1,605.5,0.0
2026-08-01,150,BW-102,Bramblewick Granola Clusters Cocoa 12oz,Granola,ThriftLane,800.7,4.99,4.99,3995.38,4.99,0,0.0,0,0,0,0,1,0,140,0.94,0,752.6,1.36,-1.1,-1.7,1.28,1.17,1.1,800.7,0.0
2026-08-08,151,BW-102,Bramblewick Granola Clusters Cocoa 12oz,Granola,ThriftLane,1498.2,4.99,3.99,6142.61,4.1,1,0.2,1,1,0,1,0,0,140,0.94,0,761.9,1.36,-1.1,-1.7,1.28,1.17,1.1,638.0,860.2
2026-08-15,152,BW-102,Bramblewick Granola Clusters Cocoa 12oz,Granola,ThriftLane,1917.1,4.99,3.99,8071.15,4.21,1,0.2,1,1,0,1,0,0,139,0.933,0,765.1,1.36,-1.1,-1.7,1.28,1.17,1.1,638.0,1279.1
2026-08-22,153,BW-102,Bramblewick Granola Clusters Cocoa 12oz,Granola,ThriftLane,1850.0,4.99,3.99,7640.65,4.13,1,0.2,1,1,0,1,0,0,141,0.947,0,905.6,1.36,-1.1,-1.7,1.28,1.17,1.1,638.0,1212.0
2026-08-29,154,BW-102,Bramblewick Granola Clusters Cocoa 12oz,Granola,ThriftLane,1029.0,4.99,4.99,5134.67,4.99,0,0.0,0,0,0,0,0,1,139,0.933,0,901.1,1.36,-1.1,-1.7,1.28,1.17,1.1,1029.0,0.0
2026-09-05,155,BW-102,Bramblewick Granola Clusters Cocoa 12oz,Granola,ThriftLane,756.1,4.99,4.99,3772.78,4.99,0,0.0,0,0,0,0,0,0,141,0.947,0,798.1,1.36,-1.1,-1.7,1.28,1.17,1.1,756.1,0.0
2023-09-16,0,BW-103,Bramblewick Granola Clusters Maple 18oz,Granola,Fernhollow Market,209.5,6.99,6.99,1464.25,6.99,0,0.0,0,0,0,0,0,0,70,0.594,0,202.2,1.74,-0.9,-1.5,1.25,1.15,1.09,209.5,0.0
2023-09-23,1,BW-103,Bramblewick Granola Clusters Maple 18oz,Granola,Fernhollow Market,149.8,6.99,6.99,1047.32,6.99,0,0.0,0,0,0,0,0,0,70,0.594,0,176.3,1.74,-0.9,-1.5,1.25,1.15,1.09,149.8,0.0
2023-09-30,2,BW-103,Bramblewick Granola Clusters Maple 18oz,Granola,Fernhollow Market,130.9,6.99,6.99,914.91,6.99,0,0.0,0,0,0,1,0,0,70,0.594,0,177.5,1.74,-0.9,-1.5,1.25,1.15,1.09,130.9,0.0
2023-10-07,3,BW-103,Bramblewick Granola Clusters Maple 18oz,Granola,Fernhollow Market,146.9,6.99,6.99,1027.09,6.99,0,0.0,0,0,0,1,0,0,68,0.577,0,173.7,1.74,-0.9,-1.5,1.25,1.15,1.09,146.9,0.0
2023-10-14,4,BW-103,Bramblewick Granola Clusters Maple 18oz,Granola,Fernhollow Market,196.9,6.99,6.99,1376.6,6.99,0,0.0,0,0,0,0,0,0,69,0.586,0,177.7,1.74,-0.9,-1.5,1.25,1.15,1.09,196.9,0.0
2023-10-21,5,BW-103,Bramblewick Granola Clusters Maple 18oz,Granola,Fernhollow Market,163.0,6.99,6.99,1139.33,6.99,0,0.0,0,0,0,1,0,0,69,0.586,0,179.4,1.74,-0.9,-1.5,1.25,1.15,1.09,163.0,0.0
2023-10-28,6,BW-103,Bramblewick Granola Clusters Maple 18oz,Granola,Fernhollow Market,184.6,6.99,6.99,1290.05,6.99,0,0.0,0,0,0,0,0,0,68,0.577,0,178.8,1.74,-0.9,-1.5,1.25,1.15,1.09,184.6,0.0
2023-11-04,7,BW-103,Bramblewick Granola Clusters Maple 18oz,Granola,Fernhollow Market,207.4,6.99,6.99,1449.6,6.99,0,0.0,0,0,0,0,0,0,68,0.577,0,181.0,1.74,-0.9,-1.5,1.25,1.15,1.09,207.4,0.0
2023-11-11,8,BW-103,Bramblewick Granola Clusters Maple 18oz,Granola,Fernhollow Market,189.0,6.99,6.99,1320.78,6.99,0,0.0,0,0,0,0,1,0,69,0.586,0,186.3,1.74,-0.9,-1.5,1.25,1.15,1.09,189.0,0.0
2023-11-18,9,BW-103,Bramblewick Granola Clusters Maple 18oz,Granola,Fernhollow Market,507.1,6.99,4.89,2540.66,5.01,1,0.3,1,1,0,0,0,0,69,0.586,0,224.0,1.74,-0.9,-1.5,1.25,1.15,1.09,173.8,333.3
2023-11-25,10,BW-103,Bramblewick Granola Clusters Maple 18oz,Granola,Fernhollow Market,526.6,6.99,4.89,2706.77,5.14,1,0.3,1,1,0,0,0,0,69,0.586,0,244.9,1.74,-0.9,-1.5,1.25,1.15,1.09,173.8,352.8
2023-12-02,11,BW-103,Bramblewick Granola Clusters Maple 18oz,Granola,Fernhollow Market,462.2,6.99,4.89,2380.5,5.15,1,0.3,1,1,0,0,0,0,69,0.586,0,196.3,1.74,-0.9,-1.5,1.25,1.15,1.09,173.8,288.4
2023-12-09,12,BW-103,Bramblewick Granola Clusters Maple 18oz,Granola,Fernhollow Market,190.7,6.99,6.99,1333.3,6.99,0,0.0,0,0,0,0,0,1,68,0.577,0,197.2,1.74,-0.9,-1.5,1.25,1.15,1.09,190.7,0.0
2023-12-16,13,BW-103,Bramblewick Granola Clusters Maple 18oz,Granola,Fernhollow Market,231.0,6.99,6.99,1614.82,6.99,0,0.0,0,0,0,0,0,0,71,0.603,0,239.4,1.74,-0.9,-1.5,1.25,1.15,1.09,231.0,0.0
2023-12-23,14,BW-103,Bramblewick Granola Clusters Maple 18oz,Granola,Fernhollow Market,250.1,6.99,6.99,1747.99,6.99,0,0.0,0,0,0,1,0,0,72,0.611,0,291.6,1.74,-0.9,-1.5,1.25,1.15,1.09,250.1,0.0
2023-12-30,15,BW-103,Bramblewick Granola Clusters Maple 18oz,Granola,Fernhollow Market,247.7,6.99,6.99,1731.69,6.99,0,0.0,0,0,0,0,0,0,73,0.62,0,263.5,1.74,-0.9,-1.5,1.25,1.15,1.09,247.7,0.0
2024-01-06,16,BW-103,Bramblewick Granola Clusters Maple 18oz,Granola,Fernhollow Market,276.2,6.99,6.99,1930.43,6.99,0,0.0,0,0,0,0,0,0,72,0.611,0,301.8,1.74,-0.9,-1.5,1.25,1.15,1.09,276.2,0.0
2024-01-13,17,BW-103,Bramblewick Granola Clusters Maple 18oz,Granola,Fernhollow Market,271.1,6.99,6.99,1895.03,6.99,0,0.0,0,0,0,0,0,0,73,0.62,0,309.4,1.74,-0.9,-1.5,1.25,1.15,1.09,271.1,0.0
2024-01-20,18,BW-103,Bramblewick Granola Clusters Maple 18oz,Granola,Fernhollow Market,211.7,6.99,6.99,1479.45,6.99,0,0.0,0,0,0,0,0,0,73,0.62,0,231.0,1.74,-0.9,-1.5,1.25,1.15,1.09,211.7,0.0
2024-01-27,19,BW-103,Bramblewick Granola Clusters Maple 18oz,Granola,Fernhollow Market,278.6,6.99,6.99,1947.22,6.99,0,0.0,0,0,0,0,0,0,72,0.611,0,228.7,1.74,-0.9,-1.5,1.25,1.15,1.09,278.6,0.0
2024-02-03,20,BW-103,Bramblewick Granola Clusters Maple 18oz,Granola,Fernhollow Market,257.4,6.99,6.99,1799.4,6.99,0,0.0,0,0,0,0,0,0,72,0.611,0,228.4,1.74,-0.9,-1.5,1.25,1.15,1.09,257.4,0.0
2024-02-10,21,BW-103,Bramblewick Granola Clusters Maple 18oz,Granola,Fernhollow Market,261.1,6.99,6.99,1824.85,6.99,0,0.0,0,0,0,0,0,0,71,0.603,0,223.9,1.74,-0.9,-1.5,1.25,1.15,1.09,261.1,0.0
2024-02-17,22,BW-103,Bramblewick Granola Clusters Maple 18oz,Granola,Fernhollow Market,205.4,7.49,7.49,1538.24,7.49,0,0.0,0,0,0,0,1,0,72,0.611,0,211.0,1.74,-0.9,-1.5,1.25,1.15,1.09,205.4,0.0
2024-02-24,23,BW-103,Bramblewick Granola Clusters Maple 18oz,Granola,Fernhollow Market,257.0,7.49,6.37,1685.81,6.56,1,0.15,0,0,0,0,0,0,71,0.603,0,204.9,1.74,-0.9,-1.5,1.25,1.15,1.09,259.2,0.0
2024-03-02,24,BW-103,Bramblewick Granola Clusters Maple 18oz,Granola,Fernhollow Market,287.4,7.49,6.37,1842.36,6.41,1,0.15,0,0,0,1,0,0,71,0.603,0,200.8,1.74,-0.9,-1.5,1.25,1.15,1.09,259.2,28.1
2024-03-09,25,BW-103,Bramblewick Granola Clusters Maple 18oz,Granola,Fernhollow Market,175.1,7.49,7.49,1311.33,7.49,0,0.0,0,0,0,0,0,1,71,0.603,0,196.1,1.74,-0.9,-1.5,1.25,1.15,1.09,175.1,0.0
2024-03-16,26,BW-103,Bramblewick Granola Clusters Maple 18oz,Granola,Fernhollow Market,229.0,7.49,7.49,1715.29,7.49,0,0.0,0,0,0,0,0,0,75,0.637,0,201.7,1.74,-0.9,-1.5,1.25,1.15,1.09,229.0,0.0
2024-03-23,27,BW-103,Bramblewick Granola Clusters Maple 18oz,Granola,Fernhollow Market,204.2,7.49,7.49,1529.65,7.49,0,0.0,0,0,0,0,0,0,77,0.654,0,201.1,1.74,-0.9,-1.5,1.25,1.15,1.09,204.2,0.0
2024-03-30,28,BW-103,Bramblewick Granola Clusters Maple 18oz,Granola,Fernhollow Market,210.3,7.49,7.49,1575.51,7.49,0,0.0,0,0,0,0,0,0,76,0.645,0,192.5,1.74,-0.9,-1.5,1.25,1.15,1.09,210.3,0.0
2024-04-06,29,BW-103,Bramblewick Granola Clusters Maple 18oz,Granola,Fernhollow Market,171.4,7.49,7.49,1283.83,7.49,0,0.0,0,0,0,0,0,0,76,0.645,0,186.6,1.74,-0.9,-1.5,1.25,1.15,1.09,171.4,0.0
2024-04-13,30,BW-103,Bramblewick Granola Clusters Maple 18oz,Granola,Fernhollow Market,195.0,7.49,7.49,1460.4,7.49,0,0.0,0,0,0,1,0,0,76,0.645,0,181.0,1.74,-0.9,-1.5,1.25,1.15,1.09,195.0,0.0
2024-04-20,31,BW-103,Bramblewick Granola Clusters Maple 18oz,Granola,Fernhollow Market,160.6,7.49,7.49,1202.75,7.49,0,0.0,0,0,0,1,0,0,77,0.654,0,178.2,1.74,-0.9,-1.5,1.25,1.15,1.09,160.6,0.0
2024-04-27,32,BW-103,Bramblewick Granola Clusters Maple 18oz,Granola,Fernhollow Market,160.2,7.49,7.49,1200.23,7.49,0,0.0,0,0,0,1,0,0,75,0.637,0,169.0,1.74,-0.9,-1.5,1.25,1.15,1.09,160.2,0.0
2024-05-04,33,BW-103,Bramblewick Granola Clusters Maple 18oz,Granola,Fernhollow Market,154.2,7.49,7.49,1154.67,7.49,0,0.0,0,0,0,0,0,0,76,0.645,0,167.2,1.74,-0.9,-1.5,1.25,1.15,1.09,154.2,0.0
2024-05-11,34,BW-103,Bramblewick Granola Clusters Maple 18oz,Granola,Fernhollow Market,152.1,7.49,7.49,1138.98,7.49,0,0.0,0,0,0,0,0,0,76,0.645,0,164.0,1.74,-0.9,-1.5,1.25,1.15,1.09,152.1,0.0
2024-05-18,35,BW-103,Bramblewick Granola Clusters Maple 18oz,Granola,Fernhollow Market,177.5,7.49,7.49,1329.67,7.49,0,0.0,0,0,0,0,0,0,75,0.637,0,164.1,1.74,-0.9,-1.5,1.25,1.15,1.09,177.5,0.0
2024-05-25,36,BW-103,Bramblewick Granola Clusters Maple 18oz,Granola,Fernhollow Market,121.0,7.49,7.49,906.15,7.49,0,0.0,0,0,0,1,0,0,75,0.637,0,164.7,1.74,-0.9,-1.5,1.25,1.15,1.09,121.0,0.0
2024-06-01,37,BW-103,Bramblewick Granola Clusters Maple 18oz,Granola,Fernhollow Market,182.0,7.49,7.49,1362.95,7.49,0,0.0,0,0,0,0,0,0,76,0.645,0,158.4,1.74,-0.9,-1.5,1.25,1.15,1.09,182.0,0.0
2024-06-08,38,BW-103,Bramblewick Granola Clusters Maple 18oz,Granola,Fernhollow Market,146.1,7.49,7.49,1094.44,7.49,0,0.0,0,0,0,0,0,0,75,0.637,0,155.9,1.74,-0.9,-1.5,1.25,1.15,1.09,146.1,0.0
2024-06-15,39,BW-103,Bramblewick Granola Clusters Maple 18oz,Granola,Fernhollow Market,183.1,7.49,7.49,1371.28,7.49,0,0.0,0,0,0,0,0,0,79,0.671,0,164.4,1.74,-0.9,-1.5,1.25,1.15,1.09,183.1,0.0
2024-06-22,40,BW-103,Bramblewick Granola Clusters Maple 18oz,Granola,Fernhollow Market,155.7,7.49,7.49,1166.09,7.49,0,0.0,0,0,0,0,0,0,80,0.679,0,167.2,1.74,-0.9,-1.5,1.25,1.15,1.09,155.7,0.0
2024-06-29,41,BW-103,Bramblewick Granola Clusters Maple 18oz,Granola,Fernhollow Market,173.8,7.49,7.49,1302.03,7.49,0,0.0,0,0,0,0,0,0,79,0.671,0,174.5,1.74,-0.9,-1.5,1.25,1.15,1.09,173.8,0.0
2024-07-06,42,BW-103,Bramblewick Granola Clusters Maple 18oz,Granola,Fernhollow Market,183.0,7.49,7.49,1370.42,7.49,0,0.0,0,0,0,0,0,0,79,0.671,0,181.1,1.74,-0.9,-1.5,1.25,1.15,1.09,183.0,0.0
2024-07-13,43,BW-103,Bramblewick Granola Clusters Maple 18oz,Granola,Fernhollow Market,190.6,7.49,7.49,1427.72,7.49,0,0.0,0,0,0,0,0,0,80,0.679,0,172.1,1.74,-0.9,-1.5,1.25,1.15,1.09,190.6,0.0
2024-07-20,44,BW-103,Bramblewick Granola Clusters Maple 18oz,Granola,Fernhollow Market,158.6,7.49,7.49,1188.28,7.49,0,0.0,0,0,0,0,0,0,80,0.679,0,174.2,1.74,-0.9,-1.5,1.25,1.15,1.09,158.6,0.0
2024-07-27,45,BW-103,Bramblewick Granola Clusters Maple 18oz,Granola,Fernhollow Market,190.1,7.49,7.49,1423.82,7.49,0,0.0,0,0,0,0,0,0,81,0.688,0,178.6,1.74,-0.9,-1.5,1.25,1.15,1.09,190.1,0.0
2024-08-03,46,BW-103,Bramblewick Granola Clusters Maple 18oz,Granola,Fernhollow Market,179.6,7.49,7.49,1345.24,7.49,0,0.0,0,0,0,0,1,0,81,0.688,0,180.9,1.74,-0.9,-1.5,1.25,1.15,1.09,179.6,0.0
2024-08-10,47,BW-103,Bramblewick Granola Clusters Maple 18oz,Granola,Fernhollow Market,410.9,7.49,5.99,2584.62,6.29,1,0.2,1,1,0,0,0,0,81,0.688,0,183.1,1.74,-0.9,-1.5,1.25,1.15,1.09,181.3,229.6
2024-08-17,48,BW-103,Bramblewick Granola Clusters Maple 18oz,Granola,Fernhollow Market,153.2,7.49,7.49,1147.77,7.49,0,0.0,0,0,0,0,0,1,79,0.671,0,180.6,1.74,-0.9,-1.5,1.25,1.15,1.09,153.2,0.0
2024-08-24,49,BW-103,Bramblewick Granola Clusters Maple 18oz,Granola,Fernhollow Market,207.6,7.49,7.49,1555.09,7.49,0,0.0,0,0,0,0,1,0,81,0.688,0,216.0,1.74,-0.9,-1.5,1.25,1.15,1.09,207.6,0.0
2024-08-31,50,BW-103,Bramblewick Granola Clusters Maple 18oz,Granola,Fernhollow Market,340.6,7.49,5.99,2125.1,6.24,1,0.2,0,1,1,0,0,0,80,0.679,0,215.2,1.74,-0.9,-1.5,1.25,1.15,1.09,181.3,159.3
2024-09-07,51,BW-103,Bramblewick Granola Clusters Maple 18oz,Granola,Fernhollow Market,169.8,7.49,7.49,1271.59,7.49,0,0.0,0,0,0,0,0,1,81,0.688,0,190.2,1.74,-0.9,-1.5,1.25,1.15,1.09,169.8,0.0
2024-09-14,52,BW-103,Bramblewick Granola Clusters Maple 18oz,Granola,Fernhollow Market,223.9,7.49,7.49,1677.23,7.49,0,0.0,0,0,0,0,0,0,84,0.713,0,198.7,1.74,-0.9,-1.5,1.25,1.15,1.09,223.9,0.0
2024-09-21,53,BW-103,Bramblewick Granola Clusters Maple 18oz,Granola,Fernhollow Market,225.6,7.49,7.49,1690.09,7.49,0,0.0,0,0,0,0,0,0,83,0.705,0,197.7,1.74,-0.9,-1.5,1.25,1.15,1.09,225.6,0.0
2024-09-28,54,BW-103,Bramblewick Granola Clusters Maple 18oz,Granola,Fernhollow Market,182.0,7.49,7.49,1362.81,7.49,0,0.0,0,0,0,0,0,0,84,0.713,0,201.5,1.74,-0.9,-1.5,1.25,1.15,1.09,182.0,0.0
2024-10-05,55,BW-103,Bramblewick Granola Clusters Maple 18oz,Granola,Fernhollow Market,197.2,7.49,7.49,1476.79,7.49,0,0.0,0,0,0,0,0,0,83,0.705,0,200.5,1.74,-0.9,-1.5,1.25,1.15,1.09,197.2,0.0
2024-10-12,56,BW-103,Bramblewick Granola Clusters Maple 18oz,Granola,Fernhollow Market,176.6,7.49,7.49,1323.1,7.49,0,0.0,0,0,0,1,0,0,83,0.705,0,202.2,1.74,-0.9,-1.5,1.25,1.15,1.09,176.6,0.0
2024-10-19,57,BW-103,Bramblewick Granola Clusters Maple 18oz,Granola,Fernhollow Market,183.9,7.49,7.49,1377.74,7.49,0,0.0,0,0,0,0,0,0,83,0.705,0,204.1,1.74,-0.9,-1.5,1.25,1.15,1.09,183.9,0.0
2024-10-26,58,BW-103,Bramblewick Granola Clusters Maple 18oz,Granola,Fernhollow Market,197.7,7.49,7.49,1481.14,7.49,0,0.0,0,0,0,0,0,0,83,0.705,0,206.3,1.74,-0.9,-1.5,1.25,1.15,1.09,197.7,0.0
2024-11-02,59,BW-103,Bramblewick Granola Clusters Maple 18oz,Granola,Fernhollow Market,188.0,7.49,7.49,1408.02,7.49,0,0.0,0,0,0,0,0,0,84,0.713,0,211.4,1.74,-0.9,-1.5,1.25,1.15,1.09,188.0,0.0
2024-11-09,60,BW-103,Bramblewick Granola Clusters Maple 18oz,Granola,Fernhollow Market,222.9,7.49,7.49,1669.23,7.49,0,0.0,0,0,0,0,0,0,82,0.696,0,209.4,1.74,-0.9,-1.5,1.25,1.15,1.09,222.9,0.0
2024-11-16,61,BW-103,Bramblewick Granola Clusters Maple 18oz,Granola,Fernhollow Market,194.0,7.49,7.49,1453.08,7.49,0,0.0,0,0,0,0,0,0,83,0.705,0,215.4,1.74,-0.9,-1.5,1.25,1.15,1.09,194.0,0.0
2024-11-23,62,BW-103,Bramblewick Granola Clusters Maple 18oz,Granola,Fernhollow Market,307.0,7.49,7.49,2299.11,7.49,0,0.0,0,0,0,0,0,0,84,0.713,0,262.4,1.74,-0.9,-1.5,1.25,1.15,1.09,307.0,0.0
2024-11-30,63,BW-103,Bramblewick Granola Clusters Maple 18oz,Granola,Fernhollow Market,201.2,7.49,7.49,1506.81,7.49,0,0.0,0,0,0,1,0,0,83,0.705,0,283.8,1.74,-0.9,-1.5,1.25,1.15,1.09,201.2,0.0
2024-12-07,64,BW-103,Bramblewick Granola Clusters Maple 18oz,Granola,Fernhollow Market,245.4,7.49,7.49,1838.31,7.49,0,0.0,0,0,0,0,0,0,84,0.713,0,230.3,1.74,-0.9,-1.5,1.25,1.15,1.09,245.4,0.0
2024-12-14,65,BW-103,Bramblewick Granola Clusters Maple 18oz,Granola,Fernhollow Market,293.4,7.49,7.49,2197.21,7.49,0,0.0,0,0,0,0,0,0,86,0.73,0,274.2,1.74,-0.9,-1.5,1.25,1.15,1.09,293.4,0.0
2024-12-21,66,BW-103,Bramblewick Granola Clusters Maple 18oz,Granola,Fernhollow Market,269.8,7.49,7.49,2020.8,7.49,0,0.0,0,0,0,1,0,0,86,0.73,0,329.4,1.74,-0.9,-1.5,1.25,1.15,1.09,269.8,0.0
2024-12-28,67,BW-103,Bramblewick Granola Clusters Maple 18oz,Granola,Fernhollow Market,214.1,7.49,7.49,1603.7,7.49,0,0.0,0,0,0,1,0,0,86,0.73,0,293.5,1.74,-0.9,-1.5,1.25,1.15,1.09,214.1,0.0
2025-01-04,68,BW-103,Bramblewick Granola Clusters Maple 18oz,Granola,Fernhollow Market,297.0,7.49,7.49,2224.51,7.49,0,0.0,0,0,0,1,1,0,87,0.738,0,344.8,1.74,-0.9,-1.5,1.25,1.15,1.09,297.0,0.0
2025-01-11,69,BW-103,Bramblewick Granola Clusters Maple 18oz,Granola,Fernhollow Market,296.9,7.49,6.37,1932.89,6.51,1,0.15,0,0,0,0,0,0,88,0.747,0,352.7,1.74,-0.9,-1.5,1.25,1.15,1.09,257.6,39.3
2025-01-18,70,BW-103,Bramblewick Granola Clusters Maple 18oz,Granola,Fernhollow Market,303.3,7.49,6.37,2004.82,6.61,1,0.15,0,0,0,0,0,0,87,0.738,0,260.3,1.74,-0.9,-1.5,1.25,1.15,1.09,257.6,45.7
2025-01-25,71,BW-103,Bramblewick Granola Clusters Maple 18oz,Granola,Fernhollow Market,245.8,7.49,7.49,1841.24,7.49,0,0.0,0,0,0,0,0,1,87,0.738,0,261.3,1.74,-0.9,-1.5,1.25,1.15,1.09,245.8,0.0
2025-02-01,72,BW-103,Bramblewick Granola Clusters Maple 18oz,Granola,Fernhollow Market,229.1,7.49,7.49,1716.28,7.49,0,0.0,0,0,0,1,0,0,87,0.738,0,261.0,1.74,-0.9,-1.5,1.25,1.15,1.09,229.1,0.0
2025-02-08,73,BW-103,Bramblewick Granola Clusters Maple 18oz,Granola,Fernhollow Market,228.3,7.49,7.49,1709.94,7.49,0,0.0,0,0,0,1,0,0,86,0.73,0,256.4,1.74,-0.9,-1.5,1.25,1.15,1.09,228.3,0.0
2025-02-15,74,BW-103,Bramblewick Granola Clusters Maple 18oz,Granola,Fernhollow Market,245.2,7.49,7.49,1836.54,7.49,0,0.0,0,0,0,1,0,0,87,0.738,0,256.6,1.74,-0.9,-1.5,1.25,1.15,1.09,245.2,0.0
2025-02-22,75,BW-103,Bramblewick Granola Clusters Maple 18oz,Granola,Fernhollow Market,254.7,7.49,7.49,1908.04,7.49,0,0.0,0,0,0,0,0,0,88,0.747,0,255.5,1.74,-0.9,-1.5,1.25,1.15,1.09,254.7,0.0
2025-03-01,76,BW-103,Bramblewick Granola Clusters Maple 18oz,Granola,Fernhollow Market,265.9,7.49,7.49,1991.68,7.49,0,0.0,0,0,0,0,0,0,88,0.747,0,250.5,1.74,-0.9,-1.5,1.25,1.15,1.09,265.9,0.0
2025-03-08,77,BW-103,Bramblewick Granola Clusters Maple 18oz,Granola,Fernhollow Market,254.5,7.49,7.49,1905.95,7.49,0,0.0,0,0,0,0,0,0,88,0.747,0,244.6,1.74,-0.9,-1.5,1.25,1.15,1.09,254.5,0.0
2025-03-15,78,BW-103,Bramblewick Granola Clusters Maple 18oz,Granola,Fernhollow Market,221.6,7.99,7.99,1770.51,7.99,0,0.0,0,0,0,0,0,0,92,0.781,0,234.9,1.74,-0.9,-1.5,1.25,1.15,1.09,221.6,0.0
2025-03-22,79,BW-103,Bramblewick Granola Clusters Maple 18oz,Granola,Fernhollow Market,251.8,7.99,7.99,2011.76,7.99,0,0.0,0,0,0,0,0,0,90,0.764,0,223.2,1.74,-0.9,-1.5,1.25,1.15,1.09,251.8,0.0
2025-03-29,80,BW-103,Bramblewick Granola Clusters Maple 18oz,Granola,Fernhollow Market,260.7,7.99,7.99,2083.27,7.99,0,0.0,0,0,0,0,0,0,91,0.772,0,218.8,1.74,-0.9,-1.5,1.25,1.15,1.09,260.7,0.0
2025-04-05,81,BW-103,Bramblewick Granola Clusters Maple 18oz,Granola,Fernhollow Market,242.1,7.99,7.99,1934.37,7.99,0,0.0,0,0,0,0,0,0,92,0.781,0,214.5,1.74,-0.9,-1.5,1.25,1.15,1.09,242.1,0.0
2025-04-12,82,BW-103,Bramblewick Granola Clusters Maple 18oz,Granola,Fernhollow Market,181.3,7.99,7.99,1448.53,7.99,0,0.0,0,0,0,1,0,0,90,0.764,0,203.5,1.74,-0.9,-1.5,1.25,1.15,1.09,181.3,0.0
2025-04-19,83,BW-103,Bramblewick Granola Clusters Maple 18oz,Granola,Fernhollow Market,215.2,7.99,7.99,1719.48,7.99,0,0.0,0,0,0,0,0,0,91,0.772,0,199.9,1.74,-0.9,-1.5,1.25,1.15,1.09,215.2,0.0
2025-04-26,84,BW-103,Bramblewick Granola Clusters Maple 18oz,Granola,Fernhollow Market,174.8,7.99,7.99,1396.64,7.99,0,0.0,0,0,0,0,0,0,92,0.781,0,196.8,1.74,-0.9,-1.5,1.25,1.15,1.09,174.8,0.0
2025-05-03,85,BW-103,Bramblewick Granola Clusters Maple 18oz,Granola,Fernhollow Market,173.4,7.99,7.99,1385.74,7.99,0,0.0,0,0,0,0,0,0,91,0.772,0,190.1,1.74,-0.9,-1.5,1.25,1.15,1.09,173.4,0.0
2025-05-10,86,BW-103,Bramblewick Granola Clusters Maple 18oz,Granola,Fernhollow Market,167.1,7.99,7.99,1334.94,7.99,0,0.0,0,0,0,0,0,0,90,0.764,0,184.3,1.74,-0.9,-1.5,1.25,1.15,1.09,167.1,0.0
2025-05-17,87,BW-103,Bramblewick Granola Clusters Maple 18oz,Granola,Fernhollow Market,173.7,7.99,7.99,1387.83,7.99,0,0.0,0,0,0,0,0,0,92,0.781,0,185.5,1.74,-0.9,-1.5,1.25,1.15,1.09,173.7,0.0
2025-05-24,88,BW-103,Bramblewick Granola Clusters Maple 18oz,Granola,Fernhollow Market,180.0,7.99,7.99,1437.94,7.99,0,0.0,0,0,0,1,0,0,91,0.772,0,186.9,1.74,-0.9,-1.5,1.25,1.15,1.09,180.0,0.0
2025-05-31,89,BW-103,Bramblewick Granola Clusters Maple 18oz,Granola,Fernhollow Market,173.7,7.99,7.99,1387.63,7.99,0,0.0,0,0,0,0,0,0,92,0.781,0,190.4,1.74,-0.9,-1.5,1.25,1.15,1.09,173.7,0.0
2025-06-07,90,BW-103,Bramblewick Granola Clusters Maple 18oz,Granola,Fernhollow Market,169.0,7.99,7.99,1350.0,7.99,0,0.0,0,0,0,0,0,0,92,0.781,0,181.5,1.74,-0.9,-1.5,1.25,1.15,1.09,169.0,0.0
2025-06-14,91,BW-103,Bramblewick Granola Clusters Maple 18oz,Granola,Fernhollow Market,138.2,7.99,7.99,1103.89,7.99,0,0.0,0,0,0,1,0,0,94,0.798,0,185.7,1.74,-0.9,-1.5,1.25,1.15,1.09,138.2,0.0
2025-06-21,92,BW-103,Bramblewick Granola Clusters Maple 18oz,Granola,Fernhollow Market,155.1,7.99,7.99,1238.93,7.99,0,0.0,0,0,0,1,0,0,96,0.815,0,190.5,1.74,-0.9,-1.5,1.25,1.15,1.09,155.1,0.0
2025-06-28,93,BW-103,Bramblewick Granola Clusters Maple 18oz,Granola,Fernhollow Market,163.9,7.99,7.99,1309.16,7.99,0,0.0,0,0,0,0,0,0,94,0.798,0,197.2,1.74,-0.9,-1.5,1.25,1.15,1.09,163.9,0.0
2025-07-05,94,BW-103,Bramblewick Granola Clusters Maple 18oz,Granola,Fernhollow Market,227.5,7.99,7.99,1817.51,7.99,0,0.0,0,0,0,0,0,0,95,0.806,0,206.7,1.74,-0.9,-1.5,1.25,1.15,1.09,227.5,0.0
2025-07-12,95,BW-103,Bramblewick Granola Clusters Maple 18oz,Granola,Fernhollow Market,192.2,7.99,7.99,1535.8,7.99,0,0.0,0,0,0,0,0,0,96,0.815,0,196.0,1.74,-0.9,-1.5,1.25,1.15,1.09,192.2,0.0
2025-07-19,96,BW-103,Bramblewick Granola Clusters Maple 18oz,Granola,Fernhollow Market,190.9,7.99,7.99,1525.31,7.99,0,0.0,0,0,0,1,0,0,95,0.806,0,196.4,1.74,-0.9,-1.5,1.25,1.15,1.09,190.9,0.0
2025-07-26,97,BW-103,Bramblewick Granola Clusters Maple 18oz,Granola,Fernhollow Market,232.9,7.99,7.99,1861.05,7.99,0,0.0,0,0,0,0,0,0,96,0.815,0,201.0,1.74,-0.9,-1.5,1.25,1.15,1.09,232.9,0.0
2025-08-02,98,BW-103,Bramblewick Granola Clusters Maple 18oz,Granola,Fernhollow Market,213.8,7.99,7.99,1708.18,7.99,0,0.0,0,0,0,0,0,0,96,0.815,0,203.6,1.74,-0.9,-1.5,1.25,1.15,1.09,213.8,0.0
2025-08-09,99,BW-103,Bramblewick Granola Clusters Maple 18oz,Granola,Fernhollow Market,208.8,7.99,7.99,1667.91,7.99,0,0.0,0,0,0,0,0,0,94,0.798,0,201.7,1.74,-0.9,-1.5,1.25,1.15,1.09,208.8,0.0
2025-08-16,100,BW-103,Bramblewick Granola Clusters Maple 18oz,Granola,Fernhollow Market,210.9,7.99,7.99,1684.71,7.99,0,0.0,0,0,0,0,0,0,96,0.815,0,208.3,1.74,-0.9,-1.5,1.25,1.15,1.09,210.9,0.0
2025-08-23,101,BW-103,Bramblewick Granola Clusters Maple 18oz,Granola,Fernhollow Market,228.9,7.99,7.99,1828.75,7.99,0,0.0,0,0,0,0,0,0,95,0.806,0,240.5,1.74,-0.9,-1.5,1.25,1.15,1.09,228.9,0.0
2025-08-30,102,BW-103,Bramblewick Granola Clusters Maple 18oz,Granola,Fernhollow Market,188.8,7.99,7.99,1508.16,7.99,0,0.0,0,0,0,0,0,0,94,0.798,0,240.1,1.74,-0.9,-1.5,1.25,1.15,1.09,188.8,0.0
2025-09-06,103,BW-103,Bramblewick Granola Clusters Maple 18oz,Granola,Fernhollow Market,215.6,7.99,7.99,1722.3,7.99,0,0.0,0,0,0,0,0,0,95,0.806,0,211.8,1.74,-0.9,-1.5,1.25,1.15,1.09,215.6,0.0
2025-09-13,104,BW-103,Bramblewick Granola Clusters Maple 18oz,Granola,Fernhollow Market,205.5,7.99,7.99,1641.58,7.99,0,0.0,0,0,0,0,0,0,99,0.84,0,222.3,1.74,-0.9,-1.5,1.25,1.15,1.09,205.5,0.0
2025-09-20,105,BW-103,Bramblewick Granola Clusters Maple 18oz,Granola,Fernhollow Market,196.2,7.99,7.99,1567.98,7.99,0,0.0,0,0,0,0,0,0,97,0.823,0,219.4,1.74,-0.9,-1.5,1.25,1.15,1.09,196.2,0.0
2025-09-27,106,BW-103,Bramblewick Granola Clusters Maple 18oz,Granola,Fernhollow Market,211.0,7.99,7.99,1686.18,7.99,0,0.0,0,0,0,0,0,0,99,0.84,0,225.4,1.74,-0.9,-1.5,1.25,1.15,1.09,211.0,0.0
2025-10-04,107,BW-103,Bramblewick Granola Clusters Maple 18oz,Granola,Fernhollow Market,214.7,7.99,7.99,1715.43,7.99,0,0.0,0,0,0,0,1,0,98,0.832,0,224.8,1.74,-0.9,-1.5,1.25,1.15,1.09,214.7,0.0
2025-10-11,108,BW-103,Bramblewick Granola Clusters Maple 18oz,Granola,Fernhollow Market,314.4,7.99,6.79,2203.88,7.01,1,0.15,0,0,0,0,0,0,97,0.823,0,224.3,1.74,-0.9,-1.5,1.25,1.15,1.09,211.0,103.4
2025-10-18,109,BW-103,Bramblewick Granola Clusters Maple 18oz,Granola,Fernhollow Market,253.5,7.99,6.79,1754.31,6.92,1,0.15,0,0,0,0,0,0,98,0.832,0,228.8,1.74,-0.9,-1.5,1.25,1.15,1.09,211.0,42.6
2025-10-25,110,BW-103,Bramblewick Granola Clusters Maple 18oz,Granola,Fernhollow Market,185.0,7.99,7.99,1478.22,7.99,0,0.0,0,0,0,0,0,1,97,0.823,0,228.9,1.74,-0.9,-1.5,1.25,1.15,1.09,185.0,0.0
2025-11-01,111,BW-103,Bramblewick Granola Clusters Maple 18oz,Granola,Fernhollow Market,265.5,7.99,7.99,2121.71,7.99,0,0.0,0,0,0,0,0,0,99,0.84,0,236.6,1.74,-0.9,-1.5,1.25,1.15,1.09,265.5,0.0
2025-11-08,112,BW-103,Bramblewick Granola Clusters Maple 18oz,Granola,Fernhollow Market,221.6,7.99,7.99,1770.43,7.99,0,0.0,0,0,0,1,0,0,98,0.832,0,237.6,1.74,-0.9,-1.5,1.25,1.15,1.09,221.6,0.0
2025-11-15,113,BW-103,Bramblewick Granola Clusters Maple 18oz,Granola,Fernhollow Market,231.3,7.99,7.99,1847.74,7.99,0,0.0,0,0,0,1,0,0,98,0.832,0,241.4,1.74,-0.9,-1.5,1.25,1.15,1.09,231.3,0.0
2025-11-22,114,BW-103,Bramblewick Granola Clusters Maple 18oz,Granola,Fernhollow Market,281.4,7.99,7.99,2248.22,7.99,0,0.0,0,0,0,0,0,0,98,0.832,0,290.6,1.74,-0.9,-1.5,1.25,1.15,1.09,281.4,0.0
2025-11-29,115,BW-103,Bramblewick Granola Clusters Maple 18oz,Granola,Fernhollow Market,275.4,7.99,7.99,2200.22,7.99,0,0.0,0,0,0,0,0,0,99,0.84,0,321.4,1.74,-0.9,-1.5,1.25,1.15,1.09,275.4,0.0
2025-12-06,116,BW-103,Bramblewick Granola Clusters Maple 18oz,Granola,Fernhollow Market,285.3,7.99,7.99,2279.16,7.99,0,0.0,0,0,0,0,1,0,99,0.84,0,257.7,1.74,-0.9,-1.5,1.25,1.15,1.09,285.3,0.0
2025-12-13,117,BW-103,Bramblewick Granola Clusters Maple 18oz,Granola,Fernhollow Market,471.8,7.99,6.79,3260.11,6.91,1,0.15,0,0,0,0,0,0,103,0.874,0,311.8,1.74,-0.9,-1.5,1.25,1.15,1.09,248.4,223.4
2025-12-20,118,BW-103,Bramblewick Granola Clusters Maple 18oz,Granola,Fernhollow Market,311.7,8.29,8.29,2584.2,8.29,0,0.0,0,0,0,0,0,1,102,0.866,0,358.8,1.74,-0.9,-1.5,1.25,1.15,1.09,311.7,0.0
2025-12-27,119,BW-103,Bramblewick Granola Clusters Maple 18oz,Granola,Fernhollow Market,317.3,8.29,8.29,2630.04,8.29,0,0.0,0,0,0,0,1,0,101,0.857,0,316.6,1.74,-0.9,-1.5,1.25,1.15,1.09,317.3,0.0
2026-01-03,120,BW-103,Bramblewick Granola Clusters Maple 18oz,Granola,Fernhollow Market,770.1,8.29,6.22,5128.87,6.66,1,0.25,0,1,0,0,0,0,103,0.874,0,374.9,1.74,-0.9,-1.5,1.25,1.15,1.09,278.4,491.7
2026-01-10,121,BW-103,Bramblewick Granola Clusters Maple 18oz,Granola,Fernhollow Market,398.6,8.29,8.29,3304.15,8.29,0,0.0,0,0,0,1,0,1,101,0.857,0,371.8,1.74,-0.9,-1.5,1.25,1.15,1.09,398.6,0.0
2026-01-17,122,BW-103,Bramblewick Granola Clusters Maple 18oz,Granola,Fernhollow Market,319.3,8.29,8.29,2646.69,8.29,0,0.0,0,0,0,0,0,0,102,0.866,0,280.3,1.74,-0.9,-1.5,1.25,1.15,1.09,319.3,0.0
2026-01-24,123,BW-103,Bramblewick Granola Clusters Maple 18oz,Granola,Fernhollow Market,301.4,8.29,8.29,2498.54,8.29,0,0.0,0,0,0,0,0,0,103,0.874,0,284.1,1.74,-0.9,-1.5,1.25,1.15,1.09,301.4,0.0
2026-01-31,124,BW-103,Bramblewick Granola Clusters Maple 18oz,Granola,Fernhollow Market,274.1,8.29,8.29,2272.37,8.29,0,0.0,0,0,0,0,0,0,102,0.866,0,281.0,1.74,-0.9,-1.5,1.25,1.15,1.09,274.1,0.0
2026-02-07,125,BW-103,Bramblewick Granola Clusters Maple 18oz,Granola,Fernhollow Market,268.1,8.29,8.29,2222.4,8.29,0,0.0,0,0,0,0,0,0,103,0.874,0,282.1,1.74,-0.9,-1.5,1.25,1.15,1.09,268.1,0.0
2026-02-14,126,BW-103,Bramblewick Granola Clusters Maple 18oz,Granola,Fernhollow Market,271.6,8.29,8.29,2251.42,8.29,0,0.0,0,0,0,0,0,0,101,0.857,0,273.6,1.74,-0.9,-1.5,1.25,1.15,1.09,271.6,0.0
2026-02-21,127,BW-103,Bramblewick Granola Clusters Maple 18oz,Granola,Fernhollow Market,250.4,8.29,8.29,2075.69,8.29,0,0.0,0,0,0,0,0,0,101,0.857,0,269.4,1.74,-0.9,-1.5,1.25,1.15,1.09,250.4,0.0
2026-02-28,128,BW-103,Bramblewick Granola Clusters Maple 18oz,Granola,Fernhollow Market,285.7,8.29,8.29,2368.67,8.29,0,0.0,0,0,0,0,0,0,102,0.866,0,266.7,1.74,-0.9,-1.5,1.25,1.15,1.09,285.7,0.0
2026-03-07,129,BW-103,Bramblewick Granola Clusters Maple 18oz,Granola,Fernhollow Market,261.8,8.29,8.29,2170.63,8.29,0,0.0,0,0,0,0,0,0,101,0.857,0,257.8,1.74,-0.9,-1.5,1.25,1.15,1.09,261.8,0.0
2026-03-14,130,BW-103,Bramblewick Granola Clusters Maple 18oz,Granola,Fernhollow Market,259.2,8.29,8.29,2148.86,8.29,0,0.0,0,0,0,0,0,0,107,0.908,0,265.9,1.74,-0.9,-1.5,1.25,1.15,1.09,259.2,0.0
2026-03-21,131,BW-103,Bramblewick Granola Clusters Maple 18oz,Granola,Fernhollow Market,227.0,8.29,8.29,1881.77,8.29,0,0.0,0,0,0,0,0,0,105,0.891,0,253.4,1.74,-0.9,-1.5,1.25,1.15,1.09,227.0,0.0
2026-03-28,132,BW-103,Bramblewick Granola Clusters Maple 18oz,Granola,Fernhollow Market,248.9,8.29,8.29,2063.74,8.29,0,0.0,0,0,0,0,0,0,105,0.891,0,245.8,1.74,-0.9,-1.5,1.25,1.15,1.09,248.9,0.0
2026-04-04,133,BW-103,Bramblewick Granola Clusters Maple 18oz,Granola,Fernhollow Market,229.9,8.29,8.29,1905.57,8.29,0,0.0,0,0,0,0,0,0,105,0.891,0,238.3,1.74,-0.9,-1.5,1.25,1.15,1.09,229.9,0.0
2026-04-11,134,BW-103,Bramblewick Granola Clusters Maple 18oz,Granola,Fernhollow Market,243.7,8.29,8.29,2020.14,8.29,0,0.0,0,0,0,0,0,0,106,0.9,0,233.3,1.74,-0.9,-1.5,1.25,1.15,1.09,243.7,0.0
2026-04-18,135,BW-103,Bramblewick Granola Clusters Maple 18oz,Granola,Fernhollow Market,178.3,8.29,8.29,1478.47,8.29,0,0.0,0,0,0,1,0,0,105,0.891,0,224.5,1.74,-0.9,-1.5,1.25,1.15,1.09,178.3,0.0
2026-04-25,136,BW-103,Bramblewick Granola Clusters Maple 18oz,Granola,Fernhollow Market,240.2,8.29,8.29,1990.97,8.29,0,0.0,0,0,0,0,0,0,107,0.908,0,222.8,1.74,-0.9,-1.5,1.25,1.15,1.09,240.2,0.0
2026-05-02,137,BW-103,Bramblewick Granola Clusters Maple 18oz,Granola,Fernhollow Market,215.1,8.29,8.29,1783.49,8.29,0,0.0,0,0,0,0,0,0,107,0.908,0,217.6,1.74,-0.9,-1.5,1.25,1.15,1.09,215.1,0.0
2026-05-09,138,BW-103,Bramblewick Granola Clusters Maple 18oz,Granola,Fernhollow Market,248.1,8.29,8.29,2057.12,8.29,0,0.0,0,0,0,0,1,0,105,0.891,0,209.3,1.74,-0.9,-1.5,1.25,1.15,1.09,248.1,0.0
2026-05-16,139,BW-103,Bramblewick Granola Clusters Maple 18oz,Granola,Fernhollow Market,236.7,8.29,7.05,1735.19,7.33,1,0.15,0,0,0,0,0,0,105,0.891,0,206.1,1.74,-0.9,-1.5,1.25,1.15,1.09,235.0,1.6
2026-05-23,140,BW-103,Bramblewick Granola Clusters Maple 18oz,Granola,Fernhollow Market,356.2,8.29,7.05,2529.19,7.1,1,0.15,0,0,0,0,0,0,106,0.9,0,211.9,1.74,-0.9,-1.5,1.25,1.15,1.09,235.0,121.1
2026-05-30,141,BW-103,Bramblewick Granola Clusters Maple 18oz,Granola,Fernhollow Market,273.5,8.29,8.29,2267.65,8.29,0,0.0,0,0,0,0,0,1,106,0.9,0,213.6,1.74,-0.9,-1.5,1.25,1.15,1.09,273.5,0.0
2026-06-06,142,BW-103,Bramblewick Granola Clusters Maple 18oz,Granola,Fernhollow Market,205.5,8.29,8.29,1703.85,8.29,0,0.0,0,0,0,0,0,0,107,0.908,0,205.5,1.74,-0.9,-1.5,1.25,1.15,1.09,205.5,0.0
2026-06-13,143,BW-103,Bramblewick Granola Clusters Maple 18oz,Granola,Fernhollow Market,265.5,8.29,8.29,2201.11,8.29,0,0.0,0,0,0,0,0,0,110,0.934,0,211.5,1.74,-0.9,-1.5,1.25,1.15,1.09,265.5,0.0
2026-06-20,144,BW-103,Bramblewick Granola Clusters Maple 18oz,Granola,Fernhollow Market,212.8,8.29,8.29,1763.84,8.29,0,0.0,0,0,0,1,0,0,110,0.934,0,212.5,1.74,-0.9,-1.5,1.25,1.15,1.09,212.8,0.0
2026-06-27,145,BW-103,Bramblewick Granola Clusters Maple 18oz,Granola,Fernhollow Market,172.4,8.29,8.29,1429.18,8.29,0,0.0,0,0,0,1,0,0,109,0.925,0,222.6,1.74,-0.9,-1.5,1.25,1.15,1.09,172.4,0.0
2026-07-04,146,BW-103,Bramblewick Granola Clusters Maple 18oz,Granola,Fernhollow Market,195.8,8.29,8.29,1622.91,8.29,0,0.0,0,0,0,1,0,0,111,0.942,0,235.1,1.74,-0.9,-1.5,1.25,1.15,1.09,195.8,0.0
2026-07-11,147,BW-103,Bramblewick Granola Clusters Maple 18oz,Granola,Fernhollow Market,245.9,8.29,8.29,2038.69,8.29,0,0.0,0,0,0,0,0,0,110,0.934,0,218.7,1.74,-0.9,-1.5,1.25,1.15,1.09,245.9,0.0
2026-07-18,148,BW-103,Bramblewick Granola Clusters Maple 18oz,Granola,Fernhollow Market,228.5,8.29,8.29,1894.12,8.29,0,0.0,0,0,0,0,0,0,109,0.925,0,219.4,1.74,-0.9,-1.5,1.25,1.15,1.09,228.5,0.0
2026-07-25,149,BW-103,Bramblewick Granola Clusters Maple 18oz,Granola,Fernhollow Market,240.9,8.29,8.29,1996.65,8.29,0,0.0,0,0,0,0,1,0,111,0.942,0,226.3,1.74,-0.9,-1.5,1.25,1.15,1.09,240.9,0.0
2026-08-01,150,BW-103,Bramblewick Granola Clusters Maple 18oz,Granola,Fernhollow Market,598.1,8.29,5.8,3570.76,5.97,1,0.3,1,1,0,0,0,0,110,0.934,0,227.0,1.74,-0.9,-1.5,1.25,1.15,1.09,220.6,377.5
2026-08-08,151,BW-103,Bramblewick Granola Clusters Maple 18oz,Granola,Fernhollow Market,699.2,8.29,5.8,4468.03,6.39,1,0.3,1,1,0,0,0,0,110,0.934,0,229.8,1.74,-0.9,-1.5,1.25,1.15,1.09,220.6,478.6
2026-08-15,152,BW-103,Bramblewick Granola Clusters Maple 18oz,Granola,Fernhollow Market,553.0,8.29,5.8,3273.78,5.92,1,0.3,1,1,0,1,0,0,109,0.925,0,230.2,1.74,-0.9,-1.5,1.25,1.15,1.09,220.6,332.4
2026-08-22,153,BW-103,Bramblewick Granola Clusters Maple 18oz,Granola,Fernhollow Market,197.5,8.29,8.29,1637.31,8.29,0,0.0,0,0,0,1,0,1,109,0.925,0,268.6,1.74,-0.9,-1.5,1.25,1.15,1.09,197.5,0.0
2026-08-29,154,BW-103,Bramblewick Granola Clusters Maple 18oz,Granola,Fernhollow Market,254.1,8.29,8.29,2106.59,8.29,0,0.0,0,0,0,0,0,0,109,0.925,0,271.0,1.74,-0.9,-1.5,1.25,1.15,1.09,254.1,0.0
2026-09-05,155,BW-103,Bramblewick Granola Clusters Maple 18oz,Granola,Fernhollow Market,242.2,8.29,8.29,2008.09,8.29,0,0.0,0,0,0,0,0,0,111,0.942,0,240.9,1.74,-0.9,-1.5,1.25,1.15,1.09,242.2,0.0
2023-09-16,0,BW-103,Bramblewick Granola Clusters Maple 18oz,Granola,Granite Peak Grocers,207.2,6.49,6.49,1344.64,6.49,0,0.0,0,0,0,0,0,0,67,0.654,0,215.1,1.74,-0.9,-1.5,1.25,1.15,1.09,207.2,0.0
2023-09-23,1,BW-103,Bramblewick Granola Clusters Maple 18oz,Granola,Granite Peak Grocers,199.3,6.49,6.49,1293.73,6.49,0,0.0,0,0,0,0,0,0,66,0.644,0,185.0,1.74,-0.9,-1.5,1.25,1.15,1.09,199.3,0.0
2023-09-30,2,BW-103,Bramblewick Granola Clusters Maple 18oz,Granola,Granite Peak Grocers,178.2,6.49,6.49,1156.79,6.49,0,0.0,0,0,0,0,0,0,67,0.654,0,189.3,1.74,-0.9,-1.5,1.25,1.15,1.09,178.2,0.0
2023-10-07,3,BW-103,Bramblewick Granola Clusters Maple 18oz,Granola,Granite Peak Grocers,140.1,6.49,6.49,909.12,6.49,0,0.0,0,0,0,0,0,0,65,0.635,0,185.2,1.74,-0.9,-1.5,1.25,1.15,1.09,140.1,0.0
2023-10-14,4,BW-103,Bramblewick Granola Clusters Maple 18oz,Granola,Granite Peak Grocers,189.0,6.49,6.49,1226.82,6.49,0,0.0,0,0,0,0,0,0,67,0.654,0,192.7,1.74,-0.9,-1.5,1.25,1.15,1.09,189.0,0.0
2023-10-21,5,BW-103,Bramblewick Granola Clusters Maple 18oz,Granola,Granite Peak Grocers,198.4,6.49,6.49,1287.89,6.49,0,0.0,0,0,0,1,0,0,67,0.654,0,194.8,1.74,-0.9,-1.5,1.25,1.15,1.09,198.4,0.0
2023-10-28,6,BW-103,Bramblewick Granola Clusters Maple 18oz,Granola,Granite Peak Grocers,172.3,6.49,6.49,1118.18,6.49,0,0.0,0,0,0,0,0,0,65,0.635,0,191.3,1.74,-0.9,-1.5,1.25,1.15,1.09,172.3,0.0
2023-11-04,7,BW-103,Bramblewick Granola Clusters Maple 18oz,Granola,Granite Peak Grocers,202.6,6.49,6.49,1314.68,6.49,0,0.0,0,0,0,0,1,0,66,0.644,0,197.0,1.74,-0.9,-1.5,1.25,1.15,1.09,202.6,0.0
2023-11-11,8,BW-103,Bramblewick Granola Clusters Maple 18oz,Granola,Granite Peak Grocers,227.2,6.49,5.84,1354.38,5.96,1,0.1,0,0,0,0,0,0,67,0.654,0,203.1,1.74,-0.9,-1.5,1.25,1.15,1.09,193.7,33.5
2023-11-18,9,BW-103,Bramblewick Granola Clusters Maple 18oz,Granola,Granite Peak Grocers,226.2,6.49,5.84,1339.29,5.92,1,0.1,0,0,0,0,0,0,65,0.635,0,237.1,1.74,-0.9,-1.5,1.25,1.15,1.09,193.7,32.5
2023-11-25,10,BW-103,Bramblewick Granola Clusters Maple 18oz,Granola,Granite Peak Grocers,234.0,6.49,6.49,1518.81,6.49,0,0.0,0,0,0,0,0,1,65,0.635,0,259.6,1.74,-0.9,-1.5,1.25,1.15,1.09,234.0,0.0
2023-12-02,11,BW-103,Bramblewick Granola Clusters Maple 18oz,Granola,Granite Peak Grocers,167.8,6.49,6.49,1088.95,6.49,0,0.0,0,0,0,0,0,0,67,0.654,0,214.7,1.74,-0.9,-1.5,1.25,1.15,1.09,167.8,0.0
2023-12-09,12,BW-103,Bramblewick Granola Clusters Maple 18oz,Granola,Granite Peak Grocers,236.6,6.49,6.49,1535.77,6.49,0,0.0,0,0,0,0,1,0,66,0.644,0,215.9,1.74,-0.9,-1.5,1.25,1.15,1.09,236.6,0.0
2023-12-16,13,BW-103,Bramblewick Granola Clusters Maple 18oz,Granola,Granite Peak Grocers,487.3,6.49,5.19,2563.38,5.26,1,0.2,1,1,0,1,0,0,67,0.654,0,255.2,1.74,-0.9,-1.5,1.25,1.15,1.09,193.7,293.6
2023-12-23,14,BW-103,Bramblewick Granola Clusters Maple 18oz,Granola,Granite Peak Grocers,262.2,6.49,6.49,1701.58,6.49,0,0.0,0,0,0,1,0,1,67,0.654,0,306.9,1.74,-0.9,-1.5,1.25,1.15,1.09,262.2,0.0
2023-12-30,15,BW-103,Bramblewick Granola Clusters Maple 18oz,Granola,Granite Peak Grocers,235.0,6.49,6.49,1524.91,6.49,0,0.0,0,0,0,1,1,0,68,0.664,0,277.9,1.74,-0.9,-1.5,1.25,1.15,1.09,235.0,0.0
2024-01-06,16,BW-103,Bramblewick Granola Clusters Maple 18oz,Granola,Granite Peak Grocers,656.4,6.49,4.54,3144.05,4.79,1,0.3,1,1,0,1,0,0,69,0.674,0,327.9,1.74,-0.9,-1.5,1.25,1.15,1.09,218.3,438.1
2024-01-13,17,BW-103,Bramblewick Granola Clusters Maple 18oz,Granola,Granite Peak Grocers,772.7,6.49,4.54,3569.96,4.62,1,0.3,1,1,0,0,0,0,69,0.674,0,332.0,1.74,-0.9,-1.5,1.25,1.15,1.09,218.3,554.4
2024-01-20,18,BW-103,Bramblewick Granola Clusters Maple 18oz,Granola,Granite Peak Grocers,255.0,6.49,6.49,1655.09,6.49,0,0.0,0,0,0,0,0,1,67,0.654,0,241.0,1.74,-0.9,-1.5,1.25,1.15,1.09,255.0,0.0
2024-01-27,19,BW-103,Bramblewick Granola Clusters Maple 18oz,Granola,Granite Peak Grocers,232.8,6.49,6.49,1510.82,6.49,0,0.0,0,0,0,1,0,0,67,0.654,0,242.2,1.74,-0.9,-1.5,1.25,1.15,1.09,232.8,0.0
2024-02-03,20,BW-103,Bramblewick Granola Clusters Maple 18oz,Granola,Granite Peak Grocers,210.7,6.49,6.49,1367.52,6.49,0,0.0,0,0,0,1,0,0,69,0.674,0,249.4,1.74,-0.9,-1.5,1.25,1.15,1.09,210.7,0.0
2024-02-10,21,BW-103,Bramblewick Granola Clusters Maple 18oz,Granola,Granite Peak Grocers,229.4,6.49,6.49,1488.59,6.49,0,0.0,0,0,0,0,0,0,69,0.674,0,248.2,1.74,-0.9,-1.5,1.25,1.15,1.09,229.4,0.0
2024-02-17,22,BW-103,Bramblewick Granola Clusters Maple 18oz,Granola,Granite Peak Grocers,240.2,6.49,6.49,1558.97,6.49,0,0.0,0,0,0,0,0,0,68,0.664,0,242.3,1.74,-0.9,-1.5,1.25,1.15,1.09,240.2,0.0
2024-02-24,23,BW-103,Bramblewick Granola Clusters Maple 18oz,Granola,Granite Peak Grocers,201.9,6.49,6.49,1310.16,6.49,0,0.0,0,0,0,0,1,0,69,0.674,0,242.4,1.74,-0.9,-1.5,1.25,1.15,1.09,201.9,0.0
2024-03-02,24,BW-103,Bramblewick Granola Clusters Maple 18oz,Granola,Granite Peak Grocers,422.8,6.49,4.87,2084.62,4.93,1,0.25,0,1,0,0,0,0,67,0.654,0,231.0,1.74,-0.9,-1.5,1.25,1.15,1.09,233.9,188.9
2024-03-09,25,BW-103,Bramblewick Granola Clusters Maple 18oz,Granola,Granite Peak Grocers,180.9,6.49,6.49,1173.75,6.49,0,0.0,0,0,0,0,0,1,69,0.674,0,232.6,1.74,-0.9,-1.5,1.25,1.15,1.09,180.9,0.0
2024-03-16,26,BW-103,Bramblewick Granola Clusters Maple 18oz,Granola,Granite Peak Grocers,214.8,6.49,6.49,1393.89,6.49,0,0.0,0,0,0,0,0,0,71,0.693,0,233.3,1.74,-0.9,-1.5,1.25,1.15,1.09,214.8,0.0
2024-03-23,27,BW-103,Bramblewick Granola Clusters Maple 18oz,Granola,Granite Peak Grocers,218.6,6.49,6.49,1418.52,6.49,0,0.0,0,0,0,1,0,0,71,0.693,0,226.8,1.74,-0.9,-1.5,1.25,1.15,1.09,218.6,0.0
2024-03-30,28,BW-103,Bramblewick Granola Clusters Maple 18oz,Granola,Granite Peak Grocers,208.6,6.99,6.99,1458.43,6.99,0,0.0,0,0,0,0,0,0,72,0.703,0,209.0,1.74,-0.9,-1.5,1.25,1.15,1.09,208.6,0.0
2024-04-06,29,BW-103,Bramblewick Granola Clusters Maple 18oz,Granola,Granite Peak Grocers,183.4,6.99,6.99,1281.8,6.99,0,0.0,0,0,0,0,0,0,70,0.683,0,197.2,1.74,-0.9,-1.5,1.25,1.15,1.09,183.4,0.0
2024-04-13,30,BW-103,Bramblewick Granola Clusters Maple 18oz,Granola,Granite Peak Grocers,175.9,6.99,6.99,1229.29,6.99,0,0.0,0,0,0,1,0,0,72,0.703,0,197.0,1.74,-0.9,-1.5,1.25,1.15,1.09,175.9,0.0
2024-04-20,31,BW-103,Bramblewick Granola Clusters Maple 18oz,Granola,Granite Peak Grocers,159.0,6.99,6.99,1111.67,6.99,0,0.0,0,0,0,1,0,0,70,0.683,0,186.3,1.74,-0.9,-1.5,1.25,1.15,1.09,159.0,0.0
2024-04-27,32,BW-103,Bramblewick Granola Clusters Maple 18oz,Granola,Granite Peak Grocers,191.7,6.99,6.99,1339.94,6.99,0,0.0,0,0,0,0,0,0,72,0.703,0,186.8,1.74,-0.9,-1.5,1.25,1.15,1.09,191.7,0.0
2024-05-04,33,BW-103,Bramblewick Granola Clusters Maple 18oz,Granola,Granite Peak Grocers,202.4,6.99,6.99,1414.72,6.99,0,0.0,0,0,0,0,0,0,71,0.693,0,180.1,1.74,-0.9,-1.5,1.25,1.15,1.09,202.4,0.0
2024-05-11,34,BW-103,Bramblewick Granola Clusters Maple 18oz,Granola,Granite Peak Grocers,172.2,6.99,6.99,1203.76,6.99,0,0.0,0,0,0,0,0,0,70,0.683,0,174.3,1.74,-0.9,-1.5,1.25,1.15,1.09,172.2,0.0
2024-05-18,35,BW-103,Bramblewick Granola Clusters Maple 18oz,Granola,Granite Peak Grocers,141.1,6.99,6.99,986.4,6.99,0,0.0,0,0,0,0,1,0,70,0.683,0,177.1,1.74,-0.9,-1.5,1.25,1.15,1.09,141.1,0.0
2024-05-25,36,BW-103,Bramblewick Granola Clusters Maple 18oz,Granola,Granite Peak Grocers,338.5,6.99,5.24,1898.83,5.61,1,0.25,0,1,0,0,0,0,71,0.693,0,180.4,1.74,-0.9,-1.5,1.25,1.15,1.09,179.6,158.8
2024-06-01,37,BW-103,Bramblewick Granola Clusters Maple 18oz,Granola,Granite Peak Grocers,148.1,6.99,6.99,1035.02,6.99,0,0.0,0,0,0,0,0,1,72,0.703,0,173.9,1.74,-0.9,-1.5,1.25,1.15,1.09,148.1,0.0
2024-06-08,38,BW-103,Bramblewick Granola Clusters Maple 18oz,Granola,Granite Peak Grocers,170.5,6.99,6.99,1191.72,6.99,0,0.0,0,0,0,1,0,0,71,0.693,0,171.2,1.74,-0.9,-1.5,1.25,1.15,1.09,170.5,0.0
2024-06-15,39,BW-103,Bramblewick Granola Clusters Maple 18oz,Granola,Granite Peak Grocers,163.4,6.99,6.99,1141.93,6.99,0,0.0,0,0,0,1,1,0,72,0.703,0,174.0,1.74,-0.9,-1.5,1.25,1.15,1.09,163.4,0.0
2024-06-22,40,BW-103,Bramblewick Granola Clusters Maple 18oz,Granola,Granite Peak Grocers,207.2,6.99,6.29,1334.28,6.44,1,0.1,0,0,0,0,0,0,73,0.713,0,177.5,1.74,-0.9,-1.5,1.25,1.15,1.09,167.0,40.2
2024-06-29,41,BW-103,Bramblewick Granola Clusters Maple 18oz,Granola,Granite Peak Grocers,231.0,6.99,6.29,1492.04,6.46,1,0.1,0,0,0,0,0,0,72,0.703,0,185.3,1.74,-0.9,-1.5,1.25,1.15,1.09,167.0,64.1
2024-07-06,42,BW-103,Bramblewick Granola Clusters Maple 18oz,Granola,Granite Peak Grocers,134.2,6.99,6.99,938.37,6.99,0,0.0,0,0,0,1,0,1,72,0.703,0,192.5,1.74,-0.9,-1.5,1.25,1.15,1.09,134.2,0.0
2024-07-13,43,BW-103,Bramblewick Granola Clusters Maple 18oz,Granola,Granite Peak Grocers,135.3,6.99,6.99,945.43,6.99,0,0.0,0,0,0,1,0,0,74,0.722,0,185.8,1.74,-0.9,-1.5,1.25,1.15,1.09,135.3,0.0
2024-07-20,44,BW-103,Bramblewick Granola Clusters Maple 18oz,Granola,Granite Peak Grocers,178.9,6.99,6.99,1250.23,6.99,0,0.0,0,0,0,0,0,0,73,0.713,0,185.9,1.74,-0.9,-1.5,1.25,1.15,1.09,178.9,0.0
2024-07-27,45,BW-103,Bramblewick Granola Clusters Maple 18oz,Granola,Granite Peak Grocers,195.4,6.99,6.99,1366.1,6.99,0,0.0,0,0,0,0,0,0,73,0.713,0,188.5,1.74,-0.9,-1.5,1.25,1.15,1.09,195.4,0.0
2024-08-03,46,BW-103,Bramblewick Granola Clusters Maple 18oz,Granola,Granite Peak Grocers,218.2,6.99,6.99,1525.34,6.99,0,0.0,0,0,0,0,0,0,72,0.703,0,188.5,1.74,-0.9,-1.5,1.25,1.15,1.09,218.2,0.0
2024-08-10,47,BW-103,Bramblewick Granola Clusters Maple 18oz,Granola,Granite Peak Grocers,158.3,6.99,6.99,1106.63,6.99,0,0.0,0,0,0,1,0,0,73,0.713,0,193.6,1.74,-0.9,-1.5,1.25,1.15,1.09,158.3,0.0
2024-08-17,48,BW-103,Bramblewick Granola Clusters Maple 18oz,Granola,Granite Peak Grocers,153.8,6.99,6.99,1074.99,6.99,0,0.0,0,0,0,1,0,0,72,0.703,0,193.4,1.74,-0.9,-1.5,1.25,1.15,1.09,153.8,0.0
2024-08-24,49,BW-103,Bramblewick Granola Clusters Maple 18oz,Granola,Granite Peak Grocers,173.8,6.99,6.99,1214.96,6.99,0,0.0,0,0,0,1,1,0,72,0.703,0,225.9,1.74,-0.9,-1.5,1.25,1.15,1.09,173.8,0.0
2024-08-31,50,BW-103,Bramblewick Granola Clusters Maple 18oz,Granola,Granite Peak Grocers,468.2,6.99,5.24,2495.3,5.33,1,0.25,1,1,0,0,0,0,74,0.722,0,234.5,1.74,-0.9,-1.5,1.25,1.15,1.09,166.0,302.2
2024-09-07,51,BW-103,Bramblewick Granola Clusters Maple 18oz,Granola,Granite Peak Grocers,452.2,6.99,5.24,2554.65,5.65,1,0.25,1,1,0,0,0,0,72,0.703,0,199.4,1.74,-0.9,-1.5,1.25,1.15,1.09,166.0,286.2
2024-09-14,52,BW-103,Bramblewick Granola Clusters Maple 18oz,Granola,Granite Peak Grocers,169.0,6.99,6.99,1181.48,6.99,0,0.0,0,0,0,0,0,1,76,0.742,0,212.3,1.74,-0.9,-1.5,1.25,1.15,1.09,169.0,0.0
2024-09-21,53,BW-103,Bramblewick Granola Clusters Maple 18oz,Granola,Granite Peak Grocers,232.3,6.99,6.99,1623.74,6.99,0,0.0,0,0,0,0,0,0,76,0.742,0,214.1,1.74,-0.9,-1.5,1.25,1.15,1.09,232.3,0.0
2024-09-28,54,BW-103,Bramblewick Granola Clusters Maple 18oz,Granola,Granite Peak Grocers,166.7,6.99,6.99,1165.45,6.99,0,0.0,0,0,0,1,0,0,77,0.752,0,218.7,1.74,-0.9,-1.5,1.25,1.15,1.09,166.7,0.0
2024-10-05,55,BW-103,Bramblewick Granola Clusters Maple 18oz,Granola,Granite Peak Grocers,244.7,6.99,6.99,1710.19,6.99,0,0.0,0,0,0,1,0,0,76,0.742,0,217.7,1.74,-0.9,-1.5,1.25,1.15,1.09,244.7,0.0
2024-10-12,56,BW-103,Bramblewick Granola Clusters Maple 18oz,Granola,Granite Peak Grocers,190.5,6.99,6.99,1331.86,6.99,0,0.0,0,0,0,1,0,0,76,0.742,0,219.7,1.74,-0.9,-1.5,1.25,1.15,1.09,190.5,0.0
2024-10-19,57,BW-103,Bramblewick Granola Clusters Maple 18oz,Granola,Granite Peak Grocers,215.3,6.99,6.99,1504.75,6.99,0,0.0,0,0,0,0,1,0,76,0.742,0,222.1,1.74,-0.9,-1.5,1.25,1.15,1.09,215.3,0.0
2024-10-26,58,BW-103,Bramblewick Granola Clusters Maple 18oz,Granola,Granite Peak Grocers,231.2,6.99,5.94,1386.96,6.0,1,0.15,0,0,0,0,0,0,77,0.752,0,227.8,1.74,-0.9,-1.5,1.25,1.15,1.09,182.2,49.0
2024-11-02,59,BW-103,Bramblewick Granola Clusters Maple 18oz,Granola,Granite Peak Grocers,302.6,6.99,5.94,1821.79,6.02,1,0.15,0,0,0,0,0,0,76,0.742,0,227.9,1.74,-0.9,-1.5,1.25,1.15,1.09,182.2,120.5
2024-11-09,60,BW-103,Bramblewick Granola Clusters Maple 18oz,Granola,Granite Peak Grocers,174.9,6.99,6.99,1222.82,6.99,0,0.0,0,0,0,0,0,1,76,0.742,0,231.5,1.74,-0.9,-1.5,1.25,1.15,1.09,174.9,0.0
2024-11-16,61,BW-103,Bramblewick Granola Clusters Maple 18oz,Granola,Granite Peak Grocers,250.9,6.99,6.99,1753.63,6.99,0,0.0,0,0,0,0,1,0,77,0.752,0,238.7,1.74,-0.9,-1.5,1.25,1.15,1.09,250.9,0.0
2024-11-23,62,BW-103,Bramblewick Granola Clusters Maple 18oz,Granola,Granite Peak Grocers,300.2,6.99,6.29,1906.21,6.35,1,0.1,0,0,0,0,0,0,75,0.732,0,280.2,1.74,-0.9,-1.5,1.25,1.15,1.09,202.9,97.3
2024-11-30,63,BW-103,Bramblewick Granola Clusters Maple 18oz,Granola,Granite Peak Grocers,293.3,6.99,6.99,2050.08,6.99,0,0.0,0,0,0,0,0,1,75,0.732,0,307.1,1.74,-0.9,-1.5,1.25,1.15,1.09,293.3,0.0
2024-12-07,64,BW-103,Bramblewick Granola Clusters Maple 18oz,Granola,Granite Peak Grocers,267.3,6.99,6.99,1868.76,6.99,0,0.0,0,0,0,0,0,0,77,0.752,0,253.1,1.74,-0.9,-1.5,1.25,1.15,1.09,267.3,0.0
2024-12-14,65,BW-103,Bramblewick Granola Clusters Maple 18oz,Granola,Granite Peak Grocers,290.6,6.99,6.99,2031.16,6.99,0,0.0,0,0,0,1,0,0,78,0.762,0,298.6,1.74,-0.9,-1.5,1.25,1.15,1.09,290.6,0.0
2024-12-21,66,BW-103,Bramblewick Granola Clusters Maple 18oz,Granola,Granite Peak Grocers,350.9,6.99,6.99,2453.09,6.99,0,0.0,0,0,0,1,1,0,78,0.762,0,359.1,1.74,-0.9,-1.5,1.25,1.15,1.09,350.9,0.0
2024-12-28,67,BW-103,Bramblewick Granola Clusters Maple 18oz,Granola,Granite Peak Grocers,483.7,6.99,5.94,2935.87,6.07,1,0.15,0,0,0,0,0,0,79,0.771,0,324.5,1.74,-0.9,-1.5,1.25,1.15,1.09,259.1,224.6
2025-01-04,68,BW-103,Bramblewick Granola Clusters Maple 18oz,Granola,Granite Peak Grocers,385.0,6.99,6.99,2691.23,6.99,0,0.0,0,0,0,0,0,1,80,0.781,0,382.1,1.74,-0.9,-1.5,1.25,1.15,1.09,385.0,0.0
2025-01-11,69,BW-103,Bramblewick Granola Clusters Maple 18oz,Granola,Granite Peak Grocers,357.4,6.99,6.99,2498.2,6.99,0,0.0,0,0,0,0,0,0,79,0.771,0,382.1,1.74,-0.9,-1.5,1.25,1.15,1.09,357.4,0.0
2025-01-18,70,BW-103,Bramblewick Granola Clusters Maple 18oz,Granola,Granite Peak Grocers,219.3,6.99,6.99,1532.88,6.99,0,0.0,0,0,0,1,0,0,78,0.762,0,282.0,1.74,-0.9,-1.5,1.25,1.15,1.09,219.3,0.0
2025-01-25,71,BW-103,Bramblewick Granola Clusters Maple 18oz,Granola,Granite Peak Grocers,314.9,6.99,6.99,2201.14,6.99,0,0.0,0,0,0,0,0,0,80,0.781,0,290.6,1.74,-0.9,-1.5,1.25,1.15,1.09,314.9,0.0
2025-02-01,72,BW-103,Bramblewick Granola Clusters Maple 18oz,Granola,Granite Peak Grocers,297.3,6.99,6.99,2078.09,6.99,0,0.0,0,0,0,0,0,0,79,0.771,0,287.0,1.74,-0.9,-1.5,1.25,1.15,1.09,297.3,0.0
2025-02-08,73,BW-103,Bramblewick Granola Clusters Maple 18oz,Granola,Granite Peak Grocers,240.5,6.99,6.99,1681.14,6.99,0,0.0,0,0,0,1,0,0,80,0.781,0,289.3,1.74,-0.9,-1.5,1.25,1.15,1.09,240.5,0.0
2025-02-15,74,BW-103,Bramblewick Granola Clusters Maple 18oz,Granola,Granite Peak Grocers,244.3,6.99,6.99,1707.48,6.99,0,0.0,0,0,0,1,0,0,78,0.762,0,279.3,1.74,-0.9,-1.5,1.25,1.15,1.09,244.3,0.0
2025-02-22,75,BW-103,Bramblewick Granola Clusters Maple 18oz,Granola,Granite Peak Grocers,304.8,6.99,6.99,2130.4,6.99,0,0.0,0,0,0,0,0,0,78,0.762,0,275.4,1.74,-0.9,-1.5,1.25,1.15,1.09,304.8,0.0
2025-03-01,76,BW-103,Bramblewick Granola Clusters Maple 18oz,Granola,Granite Peak Grocers,301.9,6.99,6.99,2110.1,6.99,0,0.0,0,0,0,0,0,0,79,0.771,0,273.7,1.74,-0.9,-1.5,1.25,1.15,1.09,301.9,0.0
2025-03-08,77,BW-103,Bramblewick Granola Clusters Maple 18oz,Granola,Granite Peak Grocers,253.8,6.99,6.99,1774.35,6.99,0,0.0,0,0,0,0,0,0,80,0.781,0,271.0,1.74,-0.9,-1.5,1.25,1.15,1.09,253.8,0.0
2025-03-15,78,BW-103,Bramblewick Granola Clusters Maple 18oz,Granola,Granite Peak Grocers,229.0,6.99,6.99,1600.9,6.99,0,0.0,0,0,0,0,0,0,80,0.781,0,264.2,1.74,-0.9,-1.5,1.25,1.15,1.09,229.0,0.0
2025-03-22,79,BW-103,Bramblewick Granola Clusters Maple 18oz,Granola,Granite Peak Grocers,211.2,6.99,6.99,1476.47,6.99,0,0.0,0,0,0,0,0,0,81,0.791,0,260.1,1.74,-0.9,-1.5,1.25,1.15,1.09,211.2,0.0
2025-03-29,80,BW-103,Bramblewick Granola Clusters Maple 18oz,Granola,Granite Peak Grocers,237.2,6.99,6.99,1658.16,6.99,0,0.0,0,0,0,0,0,0,80,0.781,0,249.5,1.74,-0.9,-1.5,1.25,1.15,1.09,237.2,0.0
2025-04-05,81,BW-103,Bramblewick Granola Clusters Maple 18oz,Granola,Granite Peak Grocers,234.0,6.99,6.99,1635.36,6.99,0,0.0,0,0,0,0,0,0,80,0.781,0,242.1,1.74,-0.9,-1.5,1.25,1.15,1.09,234.0,0.0
2025-04-12,82,BW-103,Bramblewick Granola Clusters Maple 18oz,Granola,Granite Peak Grocers,206.2,6.99,6.99,1441.26,6.99,0,0.0,0,0,0,0,0,0,81,0.791,0,238.1,1.74,-0.9,-1.5,1.25,1.15,1.09,206.2,0.0
2025-04-19,83,BW-103,Bramblewick Granola Clusters Maple 18oz,Granola,Granite Peak Grocers,256.6,6.99,6.99,1793.58,6.99,0,0.0,0,0,0,0,0,0,80,0.781,0,228.7,1.74,-0.9,-1.5,1.25,1.15,1.09,256.6,0.0
2025-04-26,84,BW-103,Bramblewick Granola Clusters Maple 18oz,Granola,Granite Peak Grocers,247.0,6.99,6.99,1726.3,6.99,0,0.0,0,0,0,1,0,0,82,0.801,0,228.6,1.74,-0.9,-1.5,1.25,1.15,1.09,247.0,0.0
2025-05-03,85,BW-103,Bramblewick Granola Clusters Maple 18oz,Granola,Granite Peak Grocers,200.7,6.99,6.99,1402.61,6.99,0,0.0,0,0,0,0,0,0,80,0.781,0,218.1,1.74,-0.9,-1.5,1.25,1.15,1.09,200.7,0.0
2025-05-10,86,BW-103,Bramblewick Granola Clusters Maple 18oz,Granola,Granite Peak Grocers,220.6,7.49,7.49,1652.58,7.49,0,0.0,0,0,0,0,0,0,81,0.791,0,203.7,1.74,-0.9,-1.5,1.25,1.15,1.09,220.6,0.0
2025-05-17,87,BW-103,Bramblewick Granola Clusters Maple 18oz,Granola,Granite Peak Grocers,192.7,7.49,7.49,1443.03,7.49,0,0.0,0,0,0,0,1,0,82,0.801,0,203.2,1.74,-0.9,-1.5,1.25,1.15,1.09,192.7,0.0
2025-05-24,88,BW-103,Bramblewick Granola Clusters Maple 18oz,Granola,Granite Peak Grocers,422.1,7.49,5.62,2435.31,5.77,1,0.25,0,1,1,1,0,0,80,0.781,0,202.2,1.74,-0.9,-1.5,1.25,1.15,1.09,227.3,194.8
2025-05-31,89,BW-103,Bramblewick Granola Clusters Maple 18oz,Granola,Granite Peak Grocers,408.3,7.49,5.62,2384.37,5.84,1,0.25,0,1,1,0,0,0,81,0.791,0,206.7,1.74,-0.9,-1.5,1.25,1.15,1.09,227.3,181.0
2025-06-07,90,BW-103,Bramblewick Granola Clusters Maple 18oz,Granola,Granite Peak Grocers,184.1,7.49,7.49,1378.87,7.49,0,0.0,0,0,0,0,0,1,82,0.801,0,199.7,1.74,-0.9,-1.5,1.25,1.15,1.09,184.1,0.0
2025-06-14,91,BW-103,Bramblewick Granola Clusters Maple 18oz,Granola,Granite Peak Grocers,229.9,7.49,7.49,1721.87,7.49,0,0.0,0,0,0,0,0,0,85,0.83,0,207.5,1.74,-0.9,-1.5,1.25,1.15,1.09,229.9,0.0
2025-06-21,92,BW-103,Bramblewick Granola Clusters Maple 18oz,Granola,Granite Peak Grocers,219.9,7.49,7.49,1647.28,7.49,0,0.0,0,0,0,0,0,0,83,0.81,0,203.8,1.74,-0.9,-1.5,1.25,1.15,1.09,219.9,0.0
2025-06-28,93,BW-103,Bramblewick Granola Clusters Maple 18oz,Granola,Granite Peak Grocers,208.8,7.49,7.49,1563.81,7.49,0,0.0,0,0,0,0,0,0,84,0.82,0,218.3,1.74,-0.9,-1.5,1.25,1.15,1.09,208.8,0.0
2025-07-05,94,BW-103,Bramblewick Granola Clusters Maple 18oz,Granola,Granite Peak Grocers,226.8,7.49,7.49,1698.58,7.49,0,0.0,0,0,0,0,1,0,83,0.81,0,224.0,1.74,-0.9,-1.5,1.25,1.15,1.09,226.8,0.0
2025-07-12,95,BW-103,Bramblewick Granola Clusters Maple 18oz,Granola,Granite Peak Grocers,232.6,7.49,6.74,1607.06,6.91,1,0.1,0,0,0,0,0,0,85,0.83,0,215.5,1.74,-0.9,-1.5,1.25,1.15,1.09,214.4,18.2
2025-07-19,96,BW-103,Bramblewick Granola Clusters Maple 18oz,Granola,Granite Peak Grocers,251.8,7.49,6.74,1712.02,6.8,1,0.1,0,0,0,0,0,0,84,0.82,0,215.9,1.74,-0.9,-1.5,1.25,1.15,1.09,214.4,37.4
2025-07-26,97,BW-103,Bramblewick Granola Clusters Maple 18oz,Granola,Granite Peak Grocers,220.2,7.49,7.49,1649.25,7.49,0,0.0,0,0,0,0,0,1,85,0.83,0,221.6,1.74,-0.9,-1.5,1.25,1.15,1.09,220.2,0.0
2025-08-02,98,BW-103,Bramblewick Granola Clusters Maple 18oz,Granola,Granite Peak Grocers,203.2,7.49,7.49,1521.96,7.49,0,0.0,0,0,0,1,0,0,83,0.81,0,219.4,1.74,-0.9,-1.5,1.25,1.15,1.09,203.2,0.0
2025-08-09,99,BW-103,Bramblewick Granola Clusters Maple 18oz,Granola,Granite Peak Grocers,165.5,7.49,7.49,1239.44,7.49,0,0.0,0,0,0,1,0,0,83,0.81,0,222.3,1.74,-0.9,-1.5,1.25,1.15,1.09,165.5,0.0
2025-08-16,100,BW-103,Bramblewick Granola Clusters Maple 18oz,Granola,Granite Peak Grocers,216.3,7.49,7.49,1620.14,7.49,0,0.0,0,0,0,1,0,0,85,0.83,0,230.5,1.74,-0.9,-1.5,1.25,1.15,1.09,216.3,0.0
2025-08-23,101,BW-103,Bramblewick Granola Clusters Maple 18oz,Granola,Granite Peak Grocers,233.9,7.49,7.49,1751.9,7.49,0,0.0,0,0,0,0,0,0,84,0.82,0,266.1,1.74,-0.9,-1.5,1.25,1.15,1.09,233.9,0.0
2025-08-30,102,BW-103,Bramblewick Granola Clusters Maple 18oz,Granola,Granite Peak Grocers,242.4,7.49,7.49,1815.94,7.49,0,0.0,0,0,0,1,0,0,84,0.82,0,268.8,1.74,-0.9,-1.5,1.25,1.15,1.09,242.4,0.0
2025-09-06,103,BW-103,Bramblewick Granola Clusters Maple 18oz,Granola,Granite Peak Grocers,220.6,7.49,7.49,1652.55,7.49,0,0.0,0,0,0,1,0,0,83,0.81,0,232.1,1.74,-0.9,-1.5,1.25,1.15,1.09,220.6,0.0
2025-09-13,104,BW-103,Bramblewick Granola Clusters Maple 18oz,Granola,Granite Peak Grocers,211.2,7.49,7.49,1582.18,7.49,0,0.0,0,0,0,0,0,0,88,0.859,0,248.2,1.74,-0.9,-1.5,1.25,1.15,1.09,211.2,0.0
2025-09-20,105,BW-103,Bramblewick Granola Clusters Maple 18oz,Granola,Granite Peak Grocers,220.5,7.49,7.49,1651.43,7.49,0,0.0,0,0,0,0,0,0,87,0.849,0,247.4,1.74,-0.9,-1.5,1.25,1.15,1.09,220.5,0.0
2025-09-27,106,BW-103,Bramblewick Granola Clusters Maple 18oz,Granola,Granite Peak Grocers,269.6,7.49,7.49,2019.13,7.49,0,0.0,0,0,0,0,0,0,86,0.84,0,246.6,1.74,-0.9,-1.5,1.25,1.15,1.09,269.6,0.0
2025-10-04,107,BW-103,Bramblewick Granola Clusters Maple 18oz,Granola,Granite Peak Grocers,263.6,7.49,7.49,1974.14,7.49,0,0.0,0,0,0,0,0,0,88,0.859,0,254.5,1.74,-0.9,-1.5,1.25,1.15,1.09,263.6,0.0
2025-10-11,108,BW-103,Bramblewick Granola Clusters Maple 18oz,Granola,Granite Peak Grocers,205.3,7.49,7.49,1537.94,7.49,0,0.0,0,0,0,0,0,0,88,0.859,0,256.9,1.74,-0.9,-1.5,1.25,1.15,1.09,205.3,0.0
2025-10-18,109,BW-103,Bramblewick Granola Clusters Maple 18oz,Granola,Granite Peak Grocers,285.0,7.49,7.49,2134.69,7.49,0,0.0,0,0,0,0,0,0,87,0.849,0,256.7,1.74,-0.9,-1.5,1.25,1.15,1.09,285.0,0.0
2025-10-25,110,BW-103,Bramblewick Granola Clusters Maple 18oz,Granola,Granite Peak Grocers,246.1,7.49,7.49,1843.27,7.49,0,0.0,0,0,0,0,0,0,88,0.859,0,262.8,1.74,-0.9,-1.5,1.25,1.15,1.09,246.1,0.0
2025-11-01,111,BW-103,Bramblewick Granola Clusters Maple 18oz,Granola,Granite Peak Grocers,232.2,7.49,7.49,1739.16,7.49,0,0.0,0,0,0,0,0,0,87,0.849,0,263.5,1.74,-0.9,-1.5,1.25,1.15,1.09,232.2,0.0
2025-11-08,112,BW-103,Bramblewick Granola Clusters Maple 18oz,Granola,Granite Peak Grocers,272.2,7.49,7.49,2038.99,7.49,0,0.0,0,0,0,0,0,0,86,0.84,0,264.5,1.74,-0.9,-1.5,1.25,1.15,1.09,272.2,0.0
2025-11-15,113,BW-103,Bramblewick Granola Clusters Maple 18oz,Granola,Granite Peak Grocers,257.4,7.49,7.49,1927.77,7.49,0,0.0,0,0,0,0,0,0,88,0.859,0,275.4,1.74,-0.9,-1.5,1.25,1.15,1.09,257.4,0.0
2025-11-22,114,BW-103,Bramblewick Granola Clusters Maple 18oz,Granola,Granite Peak Grocers,287.0,7.49,7.49,2149.49,7.49,0,0.0,0,0,0,1,0,0,86,0.84,0,324.4,1.74,-0.9,-1.5,1.25,1.15,1.09,287.0,0.0
2025-11-29,115,BW-103,Bramblewick Granola Clusters Maple 18oz,Granola,Granite Peak Grocers,134.2,7.49,7.49,1005.04,7.49,0,0.0,0,0,0,1,0,0,86,0.84,1,355.6,1.74,-0.9,-1.5,1.25,1.15,1.09,134.2,0.0
2025-12-06,116,BW-103,Bramblewick Granola Clusters Maple 18oz,Granola,Granite Peak Grocers,380.2,7.49,7.49,2847.88,7.49,0,0.0,0,0,0,0,0,0,88,0.859,0,292.1,1.74,-0.9,-1.5,1.25,1.15,1.09,380.2,0.0
2025-12-13,117,BW-103,Bramblewick Granola Clusters Maple 18oz,Granola,Granite Peak Grocers,384.9,7.49,7.49,2883.12,7.49,0,0.0,0,0,0,0,0,0,90,0.879,0,347.9,1.74,-0.9,-1.5,1.25,1.15,1.09,384.9,0.0
2025-12-20,118,BW-103,Bramblewick Granola Clusters Maple 18oz,Granola,Granite Peak Grocers,408.8,7.49,7.49,3061.69,7.49,0,0.0,0,0,0,0,1,0,89,0.869,0,413.7,1.74,-0.9,-1.5,1.25,1.15,1.09,408.8,0.0
2025-12-27,119,BW-103,Bramblewick Granola Clusters Maple 18oz,Granola,Granite Peak Grocers,830.0,7.49,5.99,5162.72,6.22,1,0.2,1,1,1,0,0,0,90,0.879,0,373.3,1.74,-0.9,-1.5,1.25,1.15,1.09,279.6,550.4
2026-01-03,120,BW-103,Bramblewick Granola Clusters Maple 18oz,Granola,Granite Peak Grocers,987.4,7.49,5.99,6062.74,6.14,1,0.2,1,1,1,1,0,0,89,0.869,0,429.2,1.74,-0.9,-1.5,1.25,1.15,1.09,279.6,707.8
2026-01-10,121,BW-103,Bramblewick Granola Clusters Maple 18oz,Granola,Granite Peak Grocers,426.5,7.49,7.49,3194.51,7.49,0,0.0,0,0,0,0,0,1,89,0.869,0,434.6,1.74,-0.9,-1.5,1.25,1.15,1.09,426.5,0.0
2026-01-17,122,BW-103,Bramblewick Granola Clusters Maple 18oz,Granola,Granite Peak Grocers,303.9,7.49,7.49,2276.03,7.49,0,0.0,0,0,0,0,0,0,89,0.869,0,324.9,1.74,-0.9,-1.5,1.25,1.15,1.09,303.9,0.0
2026-01-24,123,BW-103,Bramblewick Granola Clusters Maple 18oz,Granola,Granite Peak Grocers,345.3,7.49,7.49,2586.09,7.49,0,0.0,0,0,0,0,0,0,89,0.869,0,326.4,1.74,-0.9,-1.5,1.25,1.15,1.09,345.3,0.0
2026-01-31,124,BW-103,Bramblewick Granola Clusters Maple 18oz,Granola,Granite Peak Grocers,256.2,7.49,7.49,1918.82,7.49,0,0.0,0,0,0,1,1,0,89,0.869,0,326.5,1.74,-0.9,-1.5,1.25,1.15,1.09,256.2,0.0
2026-02-07,125,BW-103,Bramblewick Granola Clusters Maple 18oz,Granola,Granite Peak Grocers,717.0,7.49,5.62,4251.86,5.93,1,0.25,1,1,1,1,0,0,88,0.859,0,321.3,1.74,-0.9,-1.5,1.25,1.15,1.09,362.8,354.2
2026-02-14,126,BW-103,Bramblewick Granola Clusters Maple 18oz,Granola,Granite Peak Grocers,749.8,7.79,5.84,4618.74,6.16,1,0.25,1,1,1,0,0,0,90,0.879,0,314.2,1.74,-0.9,-1.5,1.25,1.15,1.09,362.8,387.0
2026-02-21,127,BW-103,Bramblewick Granola Clusters Maple 18oz,Granola,Granite Peak Grocers,314.7,7.79,7.79,2451.22,7.79,0,0.0,0,0,0,0,0,1,88,0.859,0,302.8,1.74,-0.9,-1.5,1.25,1.15,1.09,314.7,0.0
2026-02-28,128,BW-103,Bramblewick Granola Clusters Maple 18oz,Granola,Granite Peak Grocers,332.6,7.79,7.79,2591.14,7.79,0,0.0,0,0,0,0,0,0,90,0.879,0,304.0,1.74,-0.9,-1.5,1.25,1.15,1.09,332.6,0.0
2026-03-07,129,BW-103,Bramblewick Granola Clusters Maple 18oz,Granola,Granite Peak Grocers,215.8,7.79,7.79,1681.19,7.79,0,0.0,0,0,0,0,0,0,90,0.879,0,297.2,1.74,-0.9,-1.5,1.25,1.15,1.09,215.8,0.0
2026-03-14,130,BW-103,Bramblewick Granola Clusters Maple 18oz,Granola,Granite Peak Grocers,341.5,7.79,7.79,2660.05,7.79,0,0.0,0,0,0,0,0,0,93,0.908,0,299.3,1.74,-0.9,-1.5,1.25,1.15,1.09,341.5,0.0
2026-03-21,131,BW-103,Bramblewick Granola Clusters Maple 18oz,Granola,Granite Peak Grocers,293.1,7.79,7.79,2283.56,7.79,0,0.0,0,0,0,0,0,0,93,0.908,0,291.1,1.74,-0.9,-1.5,1.25,1.15,1.09,293.1,0.0
2026-03-28,132,BW-103,Bramblewick Granola Clusters Maple 18oz,Granola,Granite Peak Grocers,248.3,7.79,7.79,1934.4,7.79,0,0.0,0,0,0,1,0,0,92,0.898,0,279.6,1.74,-0.9,-1.5,1.25,1.15,1.09,248.3,0.0
2026-04-04,133,BW-103,Bramblewick Granola Clusters Maple 18oz,Granola,Granite Peak Grocers,279.8,7.79,7.79,2179.99,7.79,0,0.0,0,0,0,1,0,0,92,0.898,0,271.4,1.74,-0.9,-1.5,1.25,1.15,1.09,279.8,0.0
2026-04-11,134,BW-103,Bramblewick Granola Clusters Maple 18oz,Granola,Granite Peak Grocers,243.9,7.79,7.79,1900.28,7.79,0,0.0,0,0,0,0,0,0,92,0.898,0,263.6,1.74,-0.9,-1.5,1.25,1.15,1.09,243.9,0.0
2026-04-18,135,BW-103,Bramblewick Granola Clusters Maple 18oz,Granola,Granite Peak Grocers,229.1,7.79,7.79,1784.43,7.79,0,0.0,0,0,0,0,0,0,92,0.898,0,256.4,1.74,-0.9,-1.5,1.25,1.15,1.09,229.1,0.0
2026-04-25,136,BW-103,Bramblewick Granola Clusters Maple 18oz,Granola,Granite Peak Grocers,203.9,7.79,7.79,1588.58,7.79,0,0.0,0,0,0,0,0,0,93,0.908,0,252.7,1.74,-0.9,-1.5,1.25,1.15,1.09,203.9,0.0
2026-05-02,137,BW-103,Bramblewick Granola Clusters Maple 18oz,Granola,Granite Peak Grocers,204.3,7.79,7.79,1591.68,7.79,0,0.0,0,0,0,0,1,0,91,0.888,0,241.8,1.74,-0.9,-1.5,1.25,1.15,1.09,204.3,0.0
2026-05-09,138,BW-103,Bramblewick Granola Clusters Maple 18oz,Granola,Granite Peak Grocers,318.2,7.79,7.01,2259.27,7.1,1,0.1,0,0,0,0,0,0,93,0.908,0,242.6,1.74,-0.9,-1.5,1.25,1.15,1.09,246.1,72.1
2026-05-16,139,BW-103,Bramblewick Granola Clusters Maple 18oz,Granola,Granite Peak Grocers,175.3,7.79,7.79,1365.83,7.79,0,0.0,0,0,0,1,0,1,91,0.888,0,233.9,1.74,-0.9,-1.5,1.25,1.15,1.09,175.3,0.0
2026-05-23,140,BW-103,Bramblewick Granola Clusters Maple 18oz,Granola,Granite Peak Grocers,189.7,7.79,7.79,1477.68,7.79,0,0.0,0,0,0,1,0,0,92,0.898,0,241.2,1.74,-0.9,-1.5,1.25,1.15,1.09,189.7,0.0
2026-05-30,141,BW-103,Bramblewick Granola Clusters Maple 18oz,Granola,Granite Peak Grocers,223.4,7.79,7.79,1740.35,7.79,0,0.0,0,0,0,1,0,0,92,0.898,0,243.4,1.74,-0.9,-1.5,1.25,1.15,1.09,223.4,0.0
2026-06-06,142,BW-103,Bramblewick Granola Clusters Maple 18oz,Granola,Granite Peak Grocers,208.1,7.79,7.79,1620.9,7.79,0,0.0,0,0,0,0,0,0,92,0.898,0,232.4,1.74,-0.9,-1.5,1.25,1.15,1.09,208.1,0.0
2026-06-13,143,BW-103,Bramblewick Granola Clusters Maple 18oz,Granola,Granite Peak Grocers,210.3,7.79,7.79,1637.96,7.79,0,0.0,0,0,0,0,1,0,94,0.918,0,238.0,1.74,-0.9,-1.5,1.25,1.15,1.09,210.3,0.0
2026-06-20,144,BW-103,Bramblewick Granola Clusters Maple 18oz,Granola,Granite Peak Grocers,250.6,7.79,7.01,1773.97,7.08,1,0.1,0,0,0,0,0,0,94,0.918,0,239.3,1.74,-0.9,-1.5,1.25,1.15,1.09,206.2,44.4
2026-06-27,145,BW-103,Bramblewick Granola Clusters Maple 18oz,Granola,Granite Peak Grocers,316.4,7.79,7.01,2236.73,7.07,1,0.1,0,0,0,0,0,0,95,0.927,0,256.0,1.74,-0.9,-1.5,1.25,1.15,1.09,206.2,110.2
2026-07-04,146,BW-103,Bramblewick Granola Clusters Maple 18oz,Granola,Granite Peak Grocers,201.6,7.79,7.79,1570.65,7.79,0,0.0,0,0,0,1,0,1,95,0.927,0,265.9,1.74,-0.9,-1.5,1.25,1.15,1.09,201.6,0.0
2026-07-11,147,BW-103,Bramblewick Granola Clusters Maple 18oz,Granola,Granite Peak Grocers,97.4,7.79,7.79,758.69,7.79,0,0.0,0,0,0,0,0,0,96,0.937,1,252.5,1.74,-0.9,-1.5,1.25,1.15,1.09,97.4,0.0
2026-07-18,148,BW-103,Bramblewick Granola Clusters Maple 18oz,Granola,Granite Peak Grocers,245.2,7.79,7.79,1910.17,7.79,0,0.0,0,0,0,0,0,0,94,0.918,0,250.6,1.74,-0.9,-1.5,1.25,1.15,1.09,245.2,0.0
2026-07-25,149,BW-103,Bramblewick Granola Clusters Maple 18oz,Granola,Granite Peak Grocers,182.9,7.79,7.79,1424.98,7.79,0,0.0,0,0,0,1,0,0,94,0.918,0,254.2,1.74,-0.9,-1.5,1.25,1.15,1.09,182.9,0.0
2026-08-01,150,BW-103,Bramblewick Granola Clusters Maple 18oz,Granola,Granite Peak Grocers,242.7,7.79,7.79,1890.92,7.79,0,0.0,0,0,0,0,1,0,95,0.927,0,260.4,1.74,-0.9,-1.5,1.25,1.15,1.09,242.7,0.0
2026-08-08,151,BW-103,Bramblewick Granola Clusters Maple 18oz,Granola,Granite Peak Grocers,367.1,7.79,5.84,2209.95,6.02,1,0.25,0,1,0,0,0,0,96,0.937,0,266.7,1.74,-0.9,-1.5,1.25,1.15,1.09,209.2,157.9
2026-08-15,152,BW-103,Bramblewick Granola Clusters Maple 18oz,Granola,Granite Peak Grocers,189.5,7.79,7.79,1476.12,7.79,0,0.0,0,0,0,1,0,1,94,0.918,0,264.4,1.74,-0.9,-1.5,1.25,1.15,1.09,189.5,0.0
2026-08-22,153,BW-103,Bramblewick Granola Clusters Maple 18oz,Granola,Granite Peak Grocers,257.3,7.79,7.79,2004.31,7.79,0,0.0,0,0,0,1,0,0,94,0.918,0,308.8,1.74,-0.9,-1.5,1.25,1.15,1.09,257.3,0.0
2026-08-29,154,BW-103,Bramblewick Granola Clusters Maple 18oz,Granola,Granite Peak Grocers,314.8,7.79,7.79,2452.46,7.79,0,0.0,0,0,0,0,0,0,94,0.918,0,312.0,1.74,-0.9,-1.5,1.25,1.15,1.09,314.8,0.0
2026-09-05,155,BW-103,Bramblewick Granola Clusters Maple 18oz,Granola,Granite Peak Grocers,267.0,7.79,7.79,2080.16,7.79,0,0.0,0,0,0,0,0,0,95,0.927,0,275.6,1.74,-0.9,-1.5,1.25,1.15,1.09,267.0,0.0
2023-09-16,0,BW-103,Bramblewick Granola Clusters Maple 18oz,Granola,Hollybrook Foods,87.1,6.99,6.99,608.93,6.99,0,0.0,0,0,0,0,0,0,34,0.698,0,87.3,1.74,-0.9,-1.5,1.25,1.15,1.09,87.1,0.0
2023-09-23,1,BW-103,Bramblewick Granola Clusters Maple 18oz,Granola,Hollybrook Foods,75.8,6.99,6.99,529.73,6.99,0,0.0,0,0,0,0,1,0,32,0.657,0,71.6,1.74,-0.9,-1.5,1.25,1.15,1.09,75.8,0.0
2023-09-30,2,BW-103,Bramblewick Granola Clusters Maple 18oz,Granola,Hollybrook Foods,160.1,6.99,5.59,942.73,5.89,1,0.2,1,1,0,0,0,0,32,0.657,0,72.1,1.74,-0.9,-1.5,1.25,1.15,1.09,160.1,0.0
2023-10-07,3,BW-103,Bramblewick Granola Clusters Maple 18oz,Granola,Hollybrook Foods,157.0,6.99,5.59,902.86,5.75,1,0.2,1,1,0,0,0,0,33,0.678,0,74.9,1.74,-0.9,-1.5,1.25,1.15,1.09,157.0,0.0
2023-10-14,4,BW-103,Bramblewick Granola Clusters Maple 18oz,Granola,Hollybrook Foods,72.7,6.99,6.99,508.28,6.99,0,0.0,0,0,0,0,0,1,32,0.657,0,73.3,1.74,-0.9,-1.5,1.25,1.15,1.09,72.7,0.0
2023-10-21,5,BW-103,Bramblewick Granola Clusters Maple 18oz,Granola,Hollybrook Foods,67.3,6.99,6.99,470.32,6.99,0,0.0,0,0,0,0,0,0,34,0.698,0,78.6,1.74,-0.9,-1.5,1.25,1.15,1.09,67.3,0.0
2023-10-28,6,BW-103,Bramblewick Granola Clusters Maple 18oz,Granola,Hollybrook Foods,91.7,6.99,6.99,641.0,6.99,0,0.0,0,0,0,0,0,0,33,0.678,0,77.1,1.74,-0.9,-1.5,1.25,1.15,1.09,91.7,0.0
2023-11-04,7,BW-103,Bramblewick Granola Clusters Maple 18oz,Granola,Hollybrook Foods,85.3,6.99,6.99,596.01,6.99,0,0.0,0,0,0,1,0,0,33,0.678,0,78.1,1.74,-0.9,-1.5,1.25,1.15,1.09,85.3,0.0
2023-11-11,8,BW-103,Bramblewick Granola Clusters Maple 18oz,Granola,Hollybrook Foods,69.8,6.99,6.99,487.82,6.99,0,0.0,0,0,0,1,1,0,32,0.657,0,76.8,1.74,-0.9,-1.5,1.25,1.15,1.09,69.8,0.0
2023-11-18,9,BW-103,Bramblewick Granola Clusters Maple 18oz,Granola,Hollybrook Foods,110.1,6.99,5.94,674.65,6.13,1,0.15,0,0,0,0,0,0,32,0.657,0,92.3,1.74,-0.9,-1.5,1.25,1.15,1.09,75.8,34.3
2023-11-25,10,BW-103,Bramblewick Granola Clusters Maple 18oz,Granola,Hollybrook Foods,101.7,6.99,6.99,710.62,6.99,0,0.0,0,0,0,0,0,1,32,0.657,0,100.9,1.74,-0.9,-1.5,1.25,1.15,1.09,101.7,0.0
2023-12-02,11,BW-103,Bramblewick Granola Clusters Maple 18oz,Granola,Hollybrook Foods,80.6,6.99,6.99,563.61,6.99,0,0.0,0,0,0,0,0,0,33,0.678,0,83.4,1.74,-0.9,-1.5,1.25,1.15,1.09,80.6,0.0
2023-12-09,12,BW-103,Bramblewick Granola Clusters Maple 18oz,Granola,Hollybrook Foods,105.1,6.99,6.99,734.88,6.99,0,0.0,0,0,0,0,0,0,34,0.698,0,87.6,1.74,-0.9,-1.5,1.25,1.15,1.09,105.1,0.0
2023-12-16,13,BW-103,Bramblewick Granola Clusters Maple 18oz,Granola,Hollybrook Foods,83.2,6.99,6.99,581.51,6.99,0,0.0,0,0,0,1,0,0,33,0.678,0,98.9,1.74,-0.9,-1.5,1.25,1.15,1.09,83.2,0.0
2023-12-23,14,BW-103,Bramblewick Granola Clusters Maple 18oz,Granola,Hollybrook Foods,103.7,6.99,6.99,725.12,6.99,0,0.0,0,0,0,0,1,0,34,0.698,0,122.4,1.74,-0.9,-1.5,1.25,1.15,1.09,103.7,0.0
2023-12-30,15,BW-103,Bramblewick Granola Clusters Maple 18oz,Granola,Hollybrook Foods,152.3,6.99,5.59,867.87,5.7,1,0.2,0,1,0,1,0,0,33,0.678,0,105.8,1.74,-0.9,-1.5,1.25,1.15,1.09,88.5,63.8
2024-01-06,16,BW-103,Bramblewick Granola Clusters Maple 18oz,Granola,Hollybrook Foods,112.1,6.99,6.99,783.55,6.99,0,0.0,0,0,0,0,0,1,35,0.719,0,130.3,1.74,-0.9,-1.5,1.25,1.15,1.09,112.1,0.0
2024-01-13,17,BW-103,Bramblewick Granola Clusters Maple 18oz,Granola,Hollybrook Foods,143.2,6.99,6.99,1000.97,6.99,0,0.0,0,0,0,0,0,0,35,0.719,0,131.8,1.74,-0.9,-1.5,1.25,1.15,1.09,143.2,0.0
2024-01-20,18,BW-103,Bramblewick Granola Clusters Maple 18oz,Granola,Hollybrook Foods,92.7,6.99,6.99,647.65,6.99,0,0.0,0,0,0,0,0,0,33,0.678,0,92.8,1.74,-0.9,-1.5,1.25,1.15,1.09,92.7,0.0
2024-01-27,19,BW-103,Bramblewick Granola Clusters Maple 18oz,Granola,Hollybrook Foods,102.2,6.99,6.99,714.22,6.99,0,0.0,0,0,0,0,0,0,35,0.719,0,98.8,1.74,-0.9,-1.5,1.25,1.15,1.09,102.2,0.0
2024-02-03,20,BW-103,Bramblewick Granola Clusters Maple 18oz,Granola,Hollybrook Foods,92.6,6.99,6.99,647.57,6.99,0,0.0,0,0,0,0,0,0,34,0.698,0,95.8,1.74,-0.9,-1.5,1.25,1.15,1.09,92.6,0.0
2024-02-10,21,BW-103,Bramblewick Granola Clusters Maple 18oz,Granola,Hollybrook Foods,97.2,6.99,6.99,679.72,6.99,0,0.0,0,0,0,1,0,0,34,0.698,0,95.2,1.74,-0.9,-1.5,1.25,1.15,1.09,97.2,0.0
2024-02-17,22,BW-103,Bramblewick Granola Clusters Maple 18oz,Granola,Hollybrook Foods,80.9,6.99,6.99,565.58,6.99,0,0.0,0,0,0,1,0,0,33,0.678,0,91.4,1.74,-0.9,-1.5,1.25,1.15,1.09,80.9,0.0
2024-02-24,23,BW-103,Bramblewick Granola Clusters Maple 18oz,Granola,Hollybrook Foods,92.6,6.99,6.99,647.27,6.99,0,0.0,0,0,0,0,0,0,33,0.678,0,90.0,1.74,-0.9,-1.5,1.25,1.15,1.09,92.6,0.0
2024-03-02,24,BW-103,Bramblewick Granola Clusters Maple 18oz,Granola,Hollybrook Foods,104.2,6.99,6.99,728.27,6.99,0,0.0,0,0,0,0,1,0,34,0.698,0,90.9,1.74,-0.9,-1.5,1.25,1.15,1.09,104.2,0.0
2024-03-09,25,BW-103,Bramblewick Granola Clusters Maple 18oz,Granola,Hollybrook Foods,105.5,7.49,6.74,718.12,6.81,1,0.1,0,0,0,0,0,0,35,0.719,0,85.9,1.74,-0.9,-1.5,1.25,1.15,1.09,95.0,10.5
2024-03-16,26,BW-103,Bramblewick Granola Clusters Maple 18oz,Granola,Hollybrook Foods,66.7,7.49,7.49,499.76,7.49,0,0.0,0,0,0,1,0,1,36,0.739,0,86.0,1.74,-0.9,-1.5,1.25,1.15,1.09,66.7,0.0
2024-03-23,27,BW-103,Bramblewick Granola Clusters Maple 18oz,Granola,Hollybrook Foods,69.8,7.49,7.49,523.13,7.49,0,0.0,0,0,0,1,0,0,35,0.719,0,81.2,1.74,-0.9,-1.5,1.25,1.15,1.09,69.8,0.0
2024-03-30,28,BW-103,Bramblewick Granola Clusters Maple 18oz,Granola,Hollybrook Foods,89.6,7.49,7.49,671.21,7.49,0,0.0,0,0,0,0,0,0,35,0.719,0,78.7,1.74,-0.9,-1.5,1.25,1.15,1.09,89.6,0.0
2024-04-06,29,BW-103,Bramblewick Granola Clusters Maple 18oz,Granola,Hollybrook Foods,76.7,7.49,7.49,574.79,7.49,0,0.0,0,0,0,0,1,0,35,0.719,0,76.3,1.74,-0.9,-1.5,1.25,1.15,1.09,76.7,0.0
2024-04-13,30,BW-103,Bramblewick Granola Clusters Maple 18oz,Granola,Hollybrook Foods,161.1,7.49,5.62,945.45,5.87,1,0.25,1,1,1,0,0,0,35,0.719,0,74.0,1.74,-0.9,-1.5,1.25,1.15,1.09,85.2,75.8
2024-04-20,31,BW-103,Bramblewick Granola Clusters Maple 18oz,Granola,Hollybrook Foods,211.3,7.49,5.62,1284.59,6.08,1,0.25,1,1,1,0,0,0,36,0.739,0,74.0,1.74,-0.9,-1.5,1.25,1.15,1.09,85.2,126.0
2024-04-27,32,BW-103,Bramblewick Granola Clusters Maple 18oz,Granola,Hollybrook Foods,57.3,7.49,7.49,429.33,7.49,0,0.0,0,0,0,0,0,1,36,0.739,0,72.0,1.74,-0.9,-1.5,1.25,1.15,1.09,57.3,0.0
2024-05-04,33,BW-103,Bramblewick Granola Clusters Maple 18oz,Granola,Hollybrook Foods,54.2,7.49,7.49,406.3,7.49,0,0.0,0,0,0,0,0,0,35,0.719,0,68.4,1.74,-0.9,-1.5,1.25,1.15,1.09,54.2,0.0
2024-05-11,34,BW-103,Bramblewick Granola Clusters Maple 18oz,Granola,Hollybrook Foods,58.7,7.49,7.49,439.87,7.49,0,0.0,0,0,0,0,0,0,34,0.698,0,65.1,1.74,-0.9,-1.5,1.25,1.15,1.09,58.7,0.0
2024-05-18,35,BW-103,Bramblewick Granola Clusters Maple 18oz,Granola,Hollybrook Foods,57.1,7.49,7.49,427.37,7.49,0,0.0,0,0,0,0,0,0,36,0.739,0,70.0,1.74,-0.9,-1.5,1.25,1.15,1.09,57.1,0.0
2024-05-25,36,BW-103,Bramblewick Granola Clusters Maple 18oz,Granola,Hollybrook Foods,69.0,7.49,7.49,516.68,7.49,0,0.0,0,0,0,0,0,0,36,0.739,0,70.2,1.74,-0.9,-1.5,1.25,1.15,1.09,69.0,0.0
2024-06-01,37,BW-103,Bramblewick Granola Clusters Maple 18oz,Granola,Hollybrook Foods,67.2,7.49,7.49,503.02,7.49,0,0.0,0,0,0,0,0,0,36,0.739,0,66.6,1.74,-0.9,-1.5,1.25,1.15,1.09,67.2,0.0
2024-06-08,38,BW-103,Bramblewick Granola Clusters Maple 18oz,Granola,Hollybrook Foods,61.2,7.49,7.49,458.25,7.49,0,0.0,0,0,0,0,0,0,34,0.698,0,62.8,1.74,-0.9,-1.5,1.25,1.15,1.09,61.2,0.0
2024-06-15,39,BW-103,Bramblewick Granola Clusters Maple 18oz,Granola,Hollybrook Foods,64.4,7.49,7.49,482.65,7.49,0,0.0,0,0,0,0,0,0,37,0.76,0,68.4,1.74,-0.9,-1.5,1.25,1.15,1.09,64.4,0.0
2024-06-22,40,BW-103,Bramblewick Granola Clusters Maple 18oz,Granola,Hollybrook Foods,51.1,7.49,7.49,382.81,7.49,0,0.0,0,0,0,1,0,0,35,0.719,0,65.0,1.74,-0.9,-1.5,1.25,1.15,1.09,51.1,0.0
2024-06-29,41,BW-103,Bramblewick Granola Clusters Maple 18oz,Granola,Hollybrook Foods,76.3,7.49,7.49,571.69,7.49,0,0.0,0,0,0,0,0,0,35,0.719,0,68.7,1.74,-0.9,-1.5,1.25,1.15,1.09,76.3,0.0
2024-07-06,42,BW-103,Bramblewick Granola Clusters Maple 18oz,Granola,Hollybrook Foods,59.3,7.49,7.49,443.94,7.49,0,0.0,0,0,0,0,0,0,36,0.739,0,73.3,1.74,-0.9,-1.5,1.25,1.15,1.09,59.3,0.0
2024-07-13,43,BW-103,Bramblewick Granola Clusters Maple 18oz,Granola,Hollybrook Foods,74.7,7.49,7.49,559.86,7.49,0,0.0,0,0,0,0,0,0,36,0.739,0,68.7,1.74,-0.9,-1.5,1.25,1.15,1.09,74.7,0.0
2024-07-20,44,BW-103,Bramblewick Granola Clusters Maple 18oz,Granola,Hollybrook Foods,73.9,7.49,7.49,553.26,7.49,0,0.0,0,0,0,0,0,0,37,0.76,0,71.5,1.74,-0.9,-1.5,1.25,1.15,1.09,73.9,0.0
2024-07-27,45,BW-103,Bramblewick Granola Clusters Maple 18oz,Granola,Hollybrook Foods,68.3,7.49,7.49,511.29,7.49,0,0.0,0,0,0,0,0,0,35,0.719,0,68.5,1.74,-0.9,-1.5,1.25,1.15,1.09,68.3,0.0
2024-08-03,46,BW-103,Bramblewick Granola Clusters Maple 18oz,Granola,Hollybrook Foods,73.2,7.49,7.49,547.99,7.49,0,0.0,0,0,0,0,0,0,35,0.719,0,69.4,1.74,-0.9,-1.5,1.25,1.15,1.09,73.2,0.0
2024-08-10,47,BW-103,Bramblewick Granola Clusters Maple 18oz,Granola,Hollybrook Foods,61.1,7.49,7.49,457.67,7.49,0,0.0,0,0,0,0,0,0,36,0.739,0,72.2,1.74,-0.9,-1.5,1.25,1.15,1.09,61.1,0.0
2024-08-17,48,BW-103,Bramblewick Granola Clusters Maple 18oz,Granola,Hollybrook Foods,83.9,7.49,7.49,628.39,7.49,0,0.0,0,0,0,0,0,0,37,0.76,0,75.1,1.74,-0.9,-1.5,1.25,1.15,1.09,83.9,0.0
2024-08-24,49,BW-103,Bramblewick Granola Clusters Maple 18oz,Granola,Hollybrook Foods,92.9,7.49,7.49,696.19,7.49,0,0.0,0,0,0,0,0,0,37,0.76,0,87.6,1.74,-0.9,-1.5,1.25,1.15,1.09,92.9,0.0
2024-08-31,50,BW-103,Bramblewick Granola Clusters Maple 18oz,Granola,Hollybrook Foods,93.6,7.49,7.49,701.15,7.49,0,0.0,0,0,0,0,1,0,36,0.739,0,86.0,1.74,-0.9,-1.5,1.25,1.15,1.09,93.6,0.0
2024-09-07,51,BW-103,Bramblewick Granola Clusters Maple 18oz,Granola,Hollybrook Foods,66.2,7.49,6.74,449.98,6.8,1,0.1,0,0,0,0,0,0,36,0.739,0,75.0,1.74,-0.9,-1.5,1.25,1.15,1.09,74.3,0.0
2024-09-14,52,BW-103,Bramblewick Granola Clusters Maple 18oz,Granola,Hollybrook Foods,74.5,7.49,7.49,558.21,7.49,0,0.0,0,0,0,0,0,1,37,0.76,0,77.7,1.74,-0.9,-1.5,1.25,1.15,1.09,74.5,0.0
2024-09-21,53,BW-103,Bramblewick Granola Clusters Maple 18oz,Granola,Hollybrook Foods,75.3,7.49,7.49,563.66,7.49,0,0.0,0,0,0,0,0,0,36,0.739,0,76.1,1.74,-0.9,-1.5,1.25,1.15,1.09,75.3,0.0
2024-09-28,54,BW-103,Bramblewick Granola Clusters Maple 18oz,Granola,Hollybrook Foods,59.7,7.49,7.49,447.14,7.49,0,0.0,0,0,0,0,0,0,36,0.739,0,76.6,1.74,-0.9,-1.5,1.25,1.15,1.09,59.7,0.0
2024-10-05,55,BW-103,Bramblewick Granola Clusters Maple 18oz,Granola,Hollybrook Foods,74.6,7.49,7.49,559.08,7.49,0,0.0,0,0,0,0,0,0,36,0.739,0,77.2,1.74,-0.9,-1.5,1.25,1.15,1.09,74.6,0.0
2024-10-12,56,BW-103,Bramblewick Granola Clusters Maple 18oz,Granola,Hollybrook Foods,78.5,7.49,7.49,588.22,7.49,0,0.0,0,0,0,0,0,0,36,0.739,0,77.8,1.74,-0.9,-1.5,1.25,1.15,1.09,78.5,0.0
2024-10-19,57,BW-103,Bramblewick Granola Clusters Maple 18oz,Granola,Hollybrook Foods,72.3,7.49,7.49,541.26,7.49,0,0.0,0,0,0,0,0,0,36,0.739,0,78.6,1.74,-0.9,-1.5,1.25,1.15,1.09,72.3,0.0
2024-10-26,58,BW-103,Bramblewick Granola Clusters Maple 18oz,Granola,Hollybrook Foods,75.1,7.49,7.49,562.84,7.49,0,0.0,0,0,0,1,0,0,37,0.76,0,81.6,1.74,-0.9,-1.5,1.25,1.15,1.09,75.1,0.0
2024-11-02,59,BW-103,Bramblewick Granola Clusters Maple 18oz,Granola,Hollybrook Foods,79.7,7.49,7.49,597.14,7.49,0,0.0,0,0,0,1,0,0,38,0.78,0,84.9,1.74,-0.9,-1.5,1.25,1.15,1.09,79.7,0.0
2024-11-09,60,BW-103,Bramblewick Granola Clusters Maple 18oz,Granola,Hollybrook Foods,82.2,7.49,7.49,615.77,7.49,0,0.0,0,0,0,0,0,0,38,0.78,0,86.1,1.74,-0.9,-1.5,1.25,1.15,1.09,82.2,0.0
2024-11-16,61,BW-103,Bramblewick Granola Clusters Maple 18oz,Granola,Hollybrook Foods,72.4,7.49,7.49,542.08,7.49,0,0.0,0,0,0,1,0,0,37,0.76,0,85.2,1.74,-0.9,-1.5,1.25,1.15,1.09,72.4,0.0
2024-11-23,62,BW-103,Bramblewick Granola Clusters Maple 18oz,Granola,Hollybrook Foods,108.9,7.49,7.49,815.7,7.49,0,0.0,0,0,0,0,0,0,36,0.739,0,99.8,1.74,-0.9,-1.5,1.25,1.15,1.09,108.9,0.0
2024-11-30,63,BW-103,Bramblewick Granola Clusters Maple 18oz,Granola,Hollybrook Foods,101.1,7.49,7.49,757.06,7.49,0,0.0,0,0,0,0,0,0,37,0.76,0,112.3,1.74,-0.9,-1.5,1.25,1.15,1.09,101.1,0.0
2024-12-07,64,BW-103,Bramblewick Granola Clusters Maple 18oz,Granola,Hollybrook Foods,98.0,7.49,7.49,733.68,7.49,0,0.0,0,0,0,0,0,0,38,0.78,0,92.5,1.74,-0.9,-1.5,1.25,1.15,1.09,98.0,0.0
2024-12-14,65,BW-103,Bramblewick Granola Clusters Maple 18oz,Granola,Hollybrook Foods,128.1,7.49,7.49,959.21,7.49,0,0.0,0,0,0,0,0,0,39,0.801,0,110.4,1.74,-0.9,-1.5,1.25,1.15,1.09,128.1,0.0
2024-12-21,66,BW-103,Bramblewick Granola Clusters Maple 18oz,Granola,Hollybrook Foods,132.4,7.49,7.49,992.03,7.49,0,0.0,0,0,0,0,0,0,39,0.801,0,132.5,1.74,-0.9,-1.5,1.25,1.15,1.09,132.4,0.0
2024-12-28,67,BW-103,Bramblewick Granola Clusters Maple 18oz,Granola,Hollybrook Foods,103.0,7.49,7.49,771.65,7.49,0,0.0,0,0,0,1,0,0,37,0.76,0,112.1,1.74,-0.9,-1.5,1.25,1.15,1.09,103.0,0.0
2025-01-04,68,BW-103,Bramblewick Granola Clusters Maple 18oz,Granola,Hollybrook Foods,121.4,7.49,7.49,908.97,7.49,0,0.0,0,0,0,1,0,0,39,0.801,0,137.1,1.74,-0.9,-1.5,1.25,1.15,1.09,121.4,0.0
2025-01-11,69,BW-103,Bramblewick Granola Clusters Maple 18oz,Granola,Hollybrook Foods,148.3,7.49,7.49,1111.02,7.49,0,0.0,0,0,0,0,0,0,38,0.78,0,135.1,1.74,-0.9,-1.5,1.25,1.15,1.09,148.3,0.0
2025-01-18,70,BW-103,Bramblewick Granola Clusters Maple 18oz,Granola,Hollybrook Foods,88.0,7.49,7.49,659.16,7.49,0,0.0,0,0,0,0,0,0,39,0.801,0,103.5,1.74,-0.9,-1.5,1.25,1.15,1.09,88.0,0.0
2025-01-25,71,BW-103,Bramblewick Granola Clusters Maple 18oz,Granola,Hollybrook Foods,84.1,7.49,7.49,630.24,7.49,0,0.0,0,0,0,0,0,0,38,0.78,0,101.2,1.74,-0.9,-1.5,1.25,1.15,1.09,84.1,0.0
2025-02-01,72,BW-103,Bramblewick Granola Clusters Maple 18oz,Granola,Hollybrook Foods,89.8,7.49,7.49,672.96,7.49,0,0.0,0,0,0,0,0,0,37,0.76,0,98.5,1.74,-0.9,-1.5,1.25,1.15,1.09,89.8,0.0
2025-02-08,73,BW-103,Bramblewick Granola Clusters Maple 18oz,Granola,Hollybrook Foods,96.7,7.49,7.49,723.98,7.49,0,0.0,0,0,0,0,0,0,39,0.801,0,103.2,1.74,-0.9,-1.5,1.25,1.15,1.09,96.7,0.0
2025-02-15,74,BW-103,Bramblewick Granola Clusters Maple 18oz,Granola,Hollybrook Foods,113.8,7.49,7.49,852.67,7.49,0,0.0,0,0,0,0,0,0,39,0.801,0,102.0,1.74,-0.9,-1.5,1.25,1.15,1.09,113.8,0.0
2025-02-22,75,BW-103,Bramblewick Granola Clusters Maple 18oz,Granola,Hollybrook Foods,97.8,7.49,7.49,732.27,7.49,0,0.0,0,0,0,1,0,0,37,0.76,0,95.3,1.74,-0.9,-1.5,1.25,1.15,1.09,97.8,0.0
2025-03-01,76,BW-103,Bramblewick Granola Clusters Maple 18oz,Granola,Hollybrook Foods,87.9,7.49,7.49,658.14,7.49,0,0.0,0,0,0,1,0,0,37,0.76,0,93.4,1.74,-0.9,-1.5,1.25,1.15,1.09,87.9,0.0
2025-03-08,77,BW-103,Bramblewick Granola Clusters Maple 18oz,Granola,Hollybrook Foods,104.9,7.49,7.49,785.9,7.49,0,0.0,0,0,0,0,0,0,37,0.76,0,91.2,1.74,-0.9,-1.5,1.25,1.15,1.09,104.9,0.0
2025-03-15,78,BW-103,Bramblewick Granola Clusters Maple 18oz,Granola,Hollybrook Foods,87.4,7.49,7.49,654.87,7.49,0,0.0,0,0,0,0,0,0,38,0.78,0,91.2,1.74,-0.9,-1.5,1.25,1.15,1.09,87.4,0.0
2025-03-22,79,BW-103,Bramblewick Granola Clusters Maple 18oz,Granola,Hollybrook Foods,85.9,7.49,7.49,643.48,7.49,0,0.0,0,0,0,0,0,0,39,0.801,0,90.9,1.74,-0.9,-1.5,1.25,1.15,1.09,85.9,0.0
2025-03-29,80,BW-103,Bramblewick Granola Clusters Maple 18oz,Granola,Hollybrook Foods,74.6,7.49,7.49,558.88,7.49,0,0.0,0,0,0,0,0,0,39,0.801,0,88.2,1.74,-0.9,-1.5,1.25,1.15,1.09,74.6,0.0
2025-04-05,81,BW-103,Bramblewick Granola Clusters Maple 18oz,Granola,Hollybrook Foods,97.3,7.49,7.49,729.06,7.49,0,0.0,0,0,0,0,0,0,39,0.801,0,85.5,1.74,-0.9,-1.5,1.25,1.15,1.09,97.3,0.0
2025-04-12,82,BW-103,Bramblewick Granola Clusters Maple 18oz,Granola,Hollybrook Foods,85.3,7.99,7.99,681.49,7.99,0,0.0,0,0,0,0,0,0,40,0.821,0,80.2,1.74,-0.9,-1.5,1.25,1.15,1.09,85.3,0.0
2025-04-19,83,BW-103,Bramblewick Granola Clusters Maple 18oz,Granola,Hollybrook Foods,77.8,7.99,7.99,621.28,7.99,0,0.0,0,0,0,0,0,0,40,0.821,0,77.9,1.74,-0.9,-1.5,1.25,1.15,1.09,77.8,0.0
2025-04-26,84,BW-103,Bramblewick Granola Clusters Maple 18oz,Granola,Hollybrook Foods,63.9,7.99,7.99,510.74,7.99,0,0.0,0,0,0,0,0,0,39,0.801,0,74.0,1.74,-0.9,-1.5,1.25,1.15,1.09,63.9,0.0
2025-05-03,85,BW-103,Bramblewick Granola Clusters Maple 18oz,Granola,Hollybrook Foods,66.4,7.99,7.99,530.39,7.99,0,0.0,0,0,0,0,0,0,40,0.821,0,74.1,1.74,-0.9,-1.5,1.25,1.15,1.09,66.4,0.0
2025-05-10,86,BW-103,Bramblewick Granola Clusters Maple 18oz,Granola,Hollybrook Foods,73.0,7.99,7.99,582.98,7.99,0,0.0,0,0,0,0,0,0,38,0.78,0,69.0,1.74,-0.9,-1.5,1.25,1.15,1.09,73.0,0.0
2025-05-17,87,BW-103,Bramblewick Granola Clusters Maple 18oz,Granola,Hollybrook Foods,68.7,7.99,7.99,549.09,7.99,0,0.0,0,0,0,0,1,0,40,0.821,0,71.5,1.74,-0.9,-1.5,1.25,1.15,1.09,68.7,0.0
2025-05-24,88,BW-103,Bramblewick Granola Clusters Maple 18oz,Granola,Hollybrook Foods,164.4,7.99,5.99,1020.86,6.21,1,0.25,0,1,1,1,0,0,40,0.821,0,72.9,1.74,-0.9,-1.5,1.25,1.15,1.09,73.8,90.6
2025-05-31,89,BW-103,Bramblewick Granola Clusters Maple 18oz,Granola,Hollybrook Foods,138.6,7.99,5.99,870.19,6.28,1,0.25,0,1,1,1,0,0,38,0.78,0,69.8,1.74,-0.9,-1.5,1.25,1.15,1.09,73.8,64.8
2025-06-07,90,BW-103,Bramblewick Granola Clusters Maple 18oz,Granola,Hollybrook Foods,60.4,7.99,7.99,482.21,7.99,0,0.0,0,0,0,0,0,1,40,0.821,0,70.0,1.74,-0.9,-1.5,1.25,1.15,1.09,60.4,0.0
2025-06-14,91,BW-103,Bramblewick Granola Clusters Maple 18oz,Granola,Hollybrook Foods,63.2,7.99,7.99,504.74,7.99,0,0.0,0,0,0,0,0,0,41,0.842,0,71.8,1.74,-0.9,-1.5,1.25,1.15,1.09,63.2,0.0
2025-06-21,92,BW-103,Bramblewick Granola Clusters Maple 18oz,Granola,Hollybrook Foods,68.7,7.99,7.99,548.84,7.99,0,0.0,0,0,0,0,0,0,39,0.801,0,68.6,1.74,-0.9,-1.5,1.25,1.15,1.09,68.7,0.0
2025-06-28,93,BW-103,Bramblewick Granola Clusters Maple 18oz,Granola,Hollybrook Foods,80.4,7.99,7.99,642.64,7.99,0,0.0,0,0,0,1,0,0,41,0.842,0,76.3,1.74,-0.9,-1.5,1.25,1.15,1.09,80.4,0.0
2025-07-05,94,BW-103,Bramblewick Granola Clusters Maple 18oz,Granola,Hollybrook Foods,82.5,7.99,7.99,658.93,7.99,0,0.0,0,0,0,1,0,0,39,0.801,0,75.3,1.74,-0.9,-1.5,1.25,1.15,1.09,82.5,0.0
2025-07-12,95,BW-103,Bramblewick Granola Clusters Maple 18oz,Granola,Hollybrook Foods,60.3,7.99,7.99,481.99,7.99,0,0.0,0,0,0,1,0,0,41,0.842,0,74.2,1.74,-0.9,-1.5,1.25,1.15,1.09,60.3,0.0
2025-07-19,96,BW-103,Bramblewick Granola Clusters Maple 18oz,Granola,Hollybrook Foods,75.7,7.99,7.99,605.15,7.99,0,0.0,0,0,0,0,0,0,39,0.801,0,71.5,1.74,-0.9,-1.5,1.25,1.15,1.09,75.7,0.0
2025-07-26,97,BW-103,Bramblewick Granola Clusters Maple 18oz,Granola,Hollybrook Foods,65.9,7.99,7.99,526.75,7.99,0,0.0,0,0,0,0,1,0,40,0.821,0,74.3,1.74,-0.9,-1.5,1.25,1.15,1.09,65.9,0.0
2025-08-02,98,BW-103,Bramblewick Granola Clusters Maple 18oz,Granola,Hollybrook Foods,187.1,7.99,5.59,1148.95,6.14,1,0.3,1,1,0,0,0,0,39,0.801,0,73.3,1.74,-0.9,-1.5,1.25,1.15,1.09,67.3,119.8
2025-08-09,99,BW-103,Bramblewick Granola Clusters Maple 18oz,Granola,Hollybrook Foods,126.0,7.99,5.59,729.56,5.79,1,0.3,1,1,0,0,0,0,40,0.821,0,76.1,1.74,-0.9,-1.5,1.25,1.15,1.09,67.3,58.7
2025-08-16,100,BW-103,Bramblewick Granola Clusters Maple 18oz,Granola,Hollybrook Foods,177.6,7.99,5.59,1047.73,5.9,1,0.3,1,1,0,1,0,0,41,0.842,0,78.9,1.74,-0.9,-1.5,1.25,1.15,1.09,67.3,110.3
2025-08-23,101,BW-103,Bramblewick Granola Clusters Maple 18oz,Granola,Hollybrook Foods,60.3,7.99,7.99,481.61,7.99,0,0.0,0,0,0,1,0,1,40,0.821,0,89.8,1.74,-0.9,-1.5,1.25,1.15,1.09,60.3,0.0
2025-08-30,102,BW-103,Bramblewick Granola Clusters Maple 18oz,Granola,Hollybrook Foods,109.0,7.99,7.99,871.22,7.99,0,0.0,0,0,0,0,0,0,41,0.842,0,92.8,1.74,-0.9,-1.5,1.25,1.15,1.09,109.0,0.0
2025-09-06,103,BW-103,Bramblewick Granola Clusters Maple 18oz,Granola,Hollybrook Foods,77.7,7.99,7.99,620.76,7.99,0,0.0,0,0,0,0,0,0,41,0.842,0,81.0,1.74,-0.9,-1.5,1.25,1.15,1.09,77.7,0.0
2025-09-13,104,BW-103,Bramblewick Granola Clusters Maple 18oz,Granola,Hollybrook Foods,83.9,7.99,7.99,670.02,7.99,0,0.0,0,0,0,0,0,0,40,0.821,0,79.6,1.74,-0.9,-1.5,1.25,1.15,1.09,83.9,0.0
2025-09-20,105,BW-103,Bramblewick Granola Clusters Maple 18oz,Granola,Hollybrook Foods,80.5,7.99,7.99,643.43,7.99,0,0.0,0,0,0,0,0,0,40,0.821,0,80.2,1.74,-0.9,-1.5,1.25,1.15,1.09,80.5,0.0
2025-09-27,106,BW-103,Bramblewick Granola Clusters Maple 18oz,Granola,Hollybrook Foods,71.5,7.99,7.99,571.24,7.99,0,0.0,0,0,0,0,0,0,41,0.842,0,82.8,1.74,-0.9,-1.5,1.25,1.15,1.09,71.5,0.0
2025-10-04,107,BW-103,Bramblewick Granola Clusters Maple 18oz,Granola,Hollybrook Foods,89.3,7.99,7.99,713.66,7.99,0,0.0,0,0,0,0,0,0,41,0.842,0,83.4,1.74,-0.9,-1.5,1.25,1.15,1.09,89.3,0.0
2025-10-11,108,BW-103,Bramblewick Granola Clusters Maple 18oz,Granola,Hollybrook Foods,83.4,7.99,7.99,666.15,7.99,0,0.0,0,0,0,1,0,0,41,0.842,0,84.0,1.74,-0.9,-1.5,1.25,1.15,1.09,83.4,0.0
2025-10-18,109,BW-103,Bramblewick Granola Clusters Maple 18oz,Granola,Hollybrook Foods,87.0,7.99,7.99,695.35,7.99,0,0.0,0,0,0,0,0,0,41,0.842,0,84.8,1.74,-0.9,-1.5,1.25,1.15,1.09,87.0,0.0
2025-10-25,110,BW-103,Bramblewick Granola Clusters Maple 18oz,Granola,Hollybrook Foods,93.4,7.99,7.99,746.54,7.99,0,0.0,0,0,0,0,0,0,42,0.862,0,87.8,1.74,-0.9,-1.5,1.25,1.15,1.09,93.4,0.0
2025-11-01,111,BW-103,Bramblewick Granola Clusters Maple 18oz,Granola,Hollybrook Foods,98.2,7.99,7.99,784.83,7.99,0,0.0,0,0,0,0,0,0,41,0.842,0,86.8,1.74,-0.9,-1.5,1.25,1.15,1.09,98.2,0.0
2025-11-08,112,BW-103,Bramblewick Granola Clusters Maple 18oz,Granola,Hollybrook Foods,93.1,8.29,8.29,771.56,8.29,0,0.0,0,0,0,0,0,0,42,0.862,0,87.3,1.74,-0.9,-1.5,1.25,1.15,1.09,93.1,0.0
2025-11-15,113,BW-103,Bramblewick Granola Clusters Maple 18oz,Granola,Hollybrook Foods,87.6,8.29,8.29,726.6,8.29,0,0.0,0,0,0,0,0,0,42,0.862,0,88.7,1.74,-0.9,-1.5,1.25,1.15,1.09,87.6,0.0
2025-11-22,114,BW-103,Bramblewick Granola Clusters Maple 18oz,Granola,Hollybrook Foods,85.1,8.29,8.29,705.51,8.29,0,0.0,0,0,0,0,0,0,40,0.821,0,101.7,1.74,-0.9,-1.5,1.25,1.15,1.09,85.1,0.0
2025-11-29,115,BW-103,Bramblewick Granola Clusters Maple 18oz,Granola,Hollybrook Foods,91.6,8.29,8.29,759.22,8.29,0,0.0,0,0,0,1,0,0,41,0.842,0,114.1,1.74,-0.9,-1.5,1.25,1.15,1.09,91.6,0.0
2025-12-06,116,BW-103,Bramblewick Granola Clusters Maple 18oz,Granola,Hollybrook Foods,82.2,8.29,8.29,681.22,8.29,0,0.0,0,0,0,0,0,0,40,0.821,0,89.3,1.74,-0.9,-1.5,1.25,1.15,1.09,82.2,0.0
2025-12-13,117,BW-103,Bramblewick Granola Clusters Maple 18oz,Granola,Hollybrook Foods,121.4,8.29,8.29,1006.78,8.29,0,0.0,0,0,0,0,0,0,43,0.883,0,111.6,1.74,-0.9,-1.5,1.25,1.15,1.09,121.4,0.0
2025-12-20,118,BW-103,Bramblewick Granola Clusters Maple 18oz,Granola,Hollybrook Foods,145.9,8.29,8.29,1209.14,8.29,0,0.0,0,0,0,0,1,0,42,0.862,0,130.9,1.74,-0.9,-1.5,1.25,1.15,1.09,145.9,0.0
2025-12-27,119,BW-103,Bramblewick Granola Clusters Maple 18oz,Granola,Hollybrook Foods,212.5,8.29,6.22,1417.33,6.67,1,0.25,0,1,0,0,0,0,43,0.883,0,119.4,1.74,-0.9,-1.5,1.25,1.15,1.09,92.4,120.2
2026-01-03,120,BW-103,Bramblewick Granola Clusters Maple 18oz,Granola,Hollybrook Foods,137.4,8.29,8.29,1139.23,8.29,0,0.0,0,0,0,0,0,1,41,0.842,0,132.2,1.74,-0.9,-1.5,1.25,1.15,1.09,137.4,0.0
2026-01-10,121,BW-103,Bramblewick Granola Clusters Maple 18oz,Granola,Hollybrook Foods,108.0,8.29,8.29,895.57,8.29,0,0.0,0,0,0,0,0,0,43,0.883,0,140.3,1.74,-0.9,-1.5,1.25,1.15,1.09,108.0,0.0
2026-01-17,122,BW-103,Bramblewick Granola Clusters Maple 18oz,Granola,Hollybrook Foods,105.7,8.29,8.29,876.09,8.29,0,0.0,0,0,0,0,0,0,42,0.862,0,102.3,1.74,-0.9,-1.5,1.25,1.15,1.09,105.7,0.0
2026-01-24,123,BW-103,Bramblewick Granola Clusters Maple 18oz,Granola,Hollybrook Foods,90.3,8.29,8.29,748.93,8.29,0,0.0,0,0,0,0,0,0,42,0.862,0,102.6,1.74,-0.9,-1.5,1.25,1.15,1.09,90.3,0.0
2026-01-31,124,BW-103,Bramblewick Granola Clusters Maple 18oz,Granola,Hollybrook Foods,114.0,8.29,8.29,944.69,8.29,0,0.0,0,0,0,0,0,0,42,0.862,0,102.5,1.74,-0.9,-1.5,1.25,1.15,1.09,114.0,0.0
2026-02-07,125,BW-103,Bramblewick Granola Clusters Maple 18oz,Granola,Hollybrook Foods,117.4,8.29,8.29,972.98,8.29,0,0.0,0,0,0,0,0,0,42,0.862,0,101.9,1.74,-0.9,-1.5,1.25,1.15,1.09,117.4,0.0
2026-02-14,126,BW-103,Bramblewick Granola Clusters Maple 18oz,Granola,Hollybrook Foods,114.4,8.29,8.29,948.52,8.29,0,0.0,0,0,0,0,0,0,42,0.862,0,100.8,1.74,-0.9,-1.5,1.25,1.15,1.09,114.4,0.0
2026-02-21,127,BW-103,Bramblewick Granola Clusters Maple 18oz,Granola,Hollybrook Foods,106.1,8.29,8.29,879.59,8.29,0,0.0,0,0,0,0,0,0,41,0.842,0,96.9,1.74,-0.9,-1.5,1.25,1.15,1.09,106.1,0.0
2026-02-28,128,BW-103,Bramblewick Granola Clusters Maple 18oz,Granola,Hollybrook Foods,108.1,8.29,8.29,895.88,8.29,0,0.0,0,0,0,0,0,0,41,0.842,0,95.0,1.74,-0.9,-1.5,1.25,1.15,1.09,108.1,0.0
2026-03-07,129,BW-103,Bramblewick Granola Clusters Maple 18oz,Granola,Hollybrook Foods,113.5,8.29,8.29,940.55,8.29,0,0.0,0,0,0,0,0,0,41,0.842,0,92.7,1.74,-0.9,-1.5,1.25,1.15,1.09,113.5,0.0
2026-03-14,130,BW-103,Bramblewick Granola Clusters Maple 18oz,Granola,Hollybrook Foods,87.8,8.29,8.29,727.6,8.29,0,0.0,0,0,0,0,0,0,42,0.862,0,92.5,1.74,-0.9,-1.5,1.25,1.15,1.09,87.8,0.0
2026-03-21,131,BW-103,Bramblewick Granola Clusters Maple 18oz,Granola,Hollybrook Foods,107.3,8.29,8.29,889.51,8.29,0,0.0,0,0,0,0,0,0,42,0.862,0,89.8,1.74,-0.9,-1.5,1.25,1.15,1.09,107.3,0.0
2026-03-28,132,BW-103,Bramblewick Granola Clusters Maple 18oz,Granola,Hollybrook Foods,76.2,8.29,8.29,631.42,8.29,0,0.0,0,0,0,1,0,0,43,0.883,0,89.2,1.74,-0.9,-1.5,1.25,1.15,1.09,76.2,0.0
2026-04-04,133,BW-103,Bramblewick Granola Clusters Maple 18oz,Granola,Hollybrook Foods,65.8,8.29,8.29,545.73,8.29,0,0.0,0,0,0,1,0,0,43,0.883,0,86.4,1.74,-0.9,-1.5,1.25,1.15,1.09,65.8,0.0
2026-04-11,134,BW-103,Bramblewick Granola Clusters Maple 18oz,Granola,Hollybrook Foods,84.5,8.29,8.29,700.56,8.29,0,0.0,0,0,0,0,1,0,42,0.862,0,81.9,1.74,-0.9,-1.5,1.25,1.15,1.09,84.5,0.0
2026-04-18,135,BW-103,Bramblewick Granola Clusters Maple 18oz,Granola,Hollybrook Foods,116.6,8.29,7.05,849.84,7.29,1,0.15,0,0,0,0,0,0,43,0.883,0,81.4,1.74,-0.9,-1.5,1.25,1.15,1.09,96.9,19.7
2026-04-25,136,BW-103,Bramblewick Granola Clusters Maple 18oz,Granola,Hollybrook Foods,78.8,8.29,8.29,652.87,8.29,0,0.0,0,0,0,0,0,1,44,0.904,0,81.1,1.74,-0.9,-1.5,1.25,1.15,1.09,78.8,0.0
2026-05-02,137,BW-103,Bramblewick Granola Clusters Maple 18oz,Granola,Hollybrook Foods,74.4,8.29,8.29,616.93,8.29,0,0.0,0,0,0,0,0,0,44,0.904,0,79.3,1.74,-0.9,-1.5,1.25,1.15,1.09,74.4,0.0
2026-05-09,138,BW-103,Bramblewick Granola Clusters Maple 18oz,Granola,Hollybrook Foods,79.9,8.29,8.29,662.69,8.29,0,0.0,0,0,0,0,0,0,42,0.862,0,74.2,1.74,-0.9,-1.5,1.25,1.15,1.09,79.9,0.0
2026-05-16,139,BW-103,Bramblewick Granola Clusters Maple 18oz,Granola,Hollybrook Foods,71.8,8.29,8.29,595.04,8.29,0,0.0,0,0,0,0,0,0,42,0.862,0,73.0,1.74,-0.9,-1.5,1.25,1.15,1.09,71.8,0.0
2026-05-23,140,BW-103,Bramblewick Granola Clusters Maple 18oz,Granola,Hollybrook Foods,102.9,8.29,8.29,852.88,8.29,0,0.0,0,0,0,0,0,0,44,0.904,0,77.9,1.74,-0.9,-1.5,1.25,1.15,1.09,102.9,0.0
2026-05-30,141,BW-103,Bramblewick Granola Clusters Maple 18oz,Granola,Hollybrook Foods,80.5,8.29,8.29,667.09,8.29,0,0.0,0,0,0,0,0,0,43,0.883,0,76.7,1.74,-0.9,-1.5,1.25,1.15,1.09,80.5,0.0
2026-06-06,142,BW-103,Bramblewick Granola Clusters Maple 18oz,Granola,Hollybrook Foods,66.3,8.29,8.29,549.99,8.29,0,0.0,0,0,0,1,0,0,42,0.862,0,71.4,1.74,-0.9,-1.5,1.25,1.15,1.09,66.3,0.0
2026-06-13,143,BW-103,Bramblewick Granola Clusters Maple 18oz,Granola,Hollybrook Foods,64.3,8.29,8.29,533.02,8.29,0,0.0,0,0,0,1,0,0,45,0.924,0,76.6,1.74,-0.9,-1.5,1.25,1.15,1.09,64.3,0.0
2026-06-20,144,BW-103,Bramblewick Granola Clusters Maple 18oz,Granola,Hollybrook Foods,73.0,8.29,8.29,605.37,8.29,0,0.0,0,0,0,1,0,0,45,0.924,0,77.0,1.74,-0.9,-1.5,1.25,1.15,1.09,73.0,0.0
2026-06-27,145,BW-103,Bramblewick Granola Clusters Maple 18oz,Granola,Hollybrook Foods,100.8,8.29,8.29,835.82,8.29,0,0.0,0,0,0,0,0,0,46,0.945,0,83.2,1.74,-0.9,-1.5,1.25,1.15,1.09,100.8,0.0
2026-07-04,146,BW-103,Bramblewick Granola Clusters Maple 18oz,Granola,Hollybrook Foods,80.5,8.29,8.29,667.34,8.29,0,0.0,0,0,0,0,0,0,46,0.945,0,86.3,1.74,-0.9,-1.5,1.25,1.15,1.09,80.5,0.0
2026-07-11,147,BW-103,Bramblewick Granola Clusters Maple 18oz,Granola,Hollybrook Foods,75.1,8.29,8.29,622.69,8.29,0,0.0,0,0,0,0,0,0,44,0.904,0,77.4,1.74,-0.9,-1.5,1.25,1.15,1.09,75.1,0.0
2026-07-18,148,BW-103,Bramblewick Granola Clusters Maple 18oz,Granola,Hollybrook Foods,65.6,8.29,8.29,543.91,8.29,0,0.0,0,0,0,0,0,0,45,0.924,0,80.2,1.74,-0.9,-1.5,1.25,1.15,1.09,65.6,0.0
2026-07-25,149,BW-103,Bramblewick Granola Clusters Maple 18oz,Granola,Hollybrook Foods,81.2,8.29,8.29,673.46,8.29,0,0.0,0,0,0,0,0,0,45,0.924,0,81.2,1.74,-0.9,-1.5,1.25,1.15,1.09,81.2,0.0
2026-08-01,150,BW-103,Bramblewick Granola Clusters Maple 18oz,Granola,Hollybrook Foods,92.9,8.29,8.29,770.06,8.29,0,0.0,0,0,0,0,1,0,44,0.904,0,80.4,1.74,-0.9,-1.5,1.25,1.15,1.09,92.9,0.0
2026-08-08,151,BW-103,Bramblewick Granola Clusters Maple 18oz,Granola,Hollybrook Foods,83.3,8.29,7.46,624.23,7.49,1,0.1,0,0,0,0,0,0,45,0.924,0,83.2,1.74,-0.9,-1.5,1.25,1.15,1.09,77.8,5.5
2026-08-15,152,BW-103,Bramblewick Granola Clusters Maple 18oz,Granola,Hollybrook Foods,65.0,8.29,8.29,538.64,8.29,0,0.0,0,0,0,1,0,1,44,0.904,0,82.3,1.74,-0.9,-1.5,1.25,1.15,1.09,65.0,0.0
2026-08-22,153,BW-103,Bramblewick Granola Clusters Maple 18oz,Granola,Hollybrook Foods,80.1,8.29,8.29,664.03,8.29,0,0.0,0,0,0,1,0,0,45,0.924,0,98.2,1.74,-0.9,-1.5,1.25,1.15,1.09,80.1,0.0
2026-08-29,154,BW-103,Bramblewick Granola Clusters Maple 18oz,Granola,Hollybrook Foods,96.7,8.29,8.29,801.48,8.29,0,0.0,0,0,0,0,0,0,45,0.924,0,99.0,1.74,-0.9,-1.5,1.25,1.15,1.09,96.7,0.0
2026-09-05,155,BW-103,Bramblewick Granola Clusters Maple 18oz,Granola,Hollybrook Foods,79.9,8.29,8.29,662.08,8.29,0,0.0,0,0,0,0,0,0,45,0.924,0,86.5,1.74,-0.9,-1.5,1.25,1.15,1.09,79.9,0.0
2023-09-16,0,BW-103,Bramblewick Granola Clusters Maple 18oz,Granola,ThriftLane,401.5,5.49,5.49,2204.05,5.49,0,0.0,0,0,0,0,0,0,95,0.657,0,457.4,1.74,-0.9,-1.5,1.25,1.15,1.09,401.5,0.0
2023-09-23,1,BW-103,Bramblewick Granola Clusters Maple 18oz,Granola,ThriftLane,469.5,5.49,5.49,2577.79,5.49,0,0.0,0,0,0,0,0,0,97,0.671,0,407.4,1.74,-0.9,-1.5,1.25,1.15,1.09,469.5,0.0
2023-09-30,2,BW-103,Bramblewick Granola Clusters Maple 18oz,Granola,ThriftLane,319.0,5.49,5.49,1751.35,5.49,0,0.0,0,0,0,1,0,0,95,0.657,0,402.0,1.74,-0.9,-1.5,1.25,1.15,1.09,319.0,0.0
2023-10-07,3,BW-103,Bramblewick Granola Clusters Maple 18oz,Granola,ThriftLane,330.8,5.49,5.49,1816.36,5.49,0,0.0,0,0,0,1,0,0,96,0.664,0,409.4,1.74,-0.9,-1.5,1.25,1.15,1.09,330.8,0.0
2023-10-14,4,BW-103,Bramblewick Granola Clusters Maple 18oz,Granola,ThriftLane,409.8,5.49,5.49,2249.73,5.49,0,0.0,0,0,0,0,1,0,96,0.664,0,413.0,1.74,-0.9,-1.5,1.25,1.15,1.09,409.8,0.0
2023-10-21,5,BW-103,Bramblewick Granola Clusters Maple 18oz,Granola,ThriftLane,536.7,5.49,4.94,2661.95,4.96,1,0.1,0,0,0,0,0,0,96,0.664,0,417.0,1.74,-0.9,-1.5,1.25,1.15,1.09,401.5,135.2
2023-10-28,6,BW-103,Bramblewick Granola Clusters Maple 18oz,Granola,ThriftLane,388.8,5.49,5.49,2134.57,5.49,0,0.0,0,0,0,1,0,1,97,0.671,0,426.2,1.74,-0.9,-1.5,1.25,1.15,1.09,388.8,0.0
2023-11-04,7,BW-103,Bramblewick Granola Clusters Maple 18oz,Granola,ThriftLane,418.5,5.49,5.49,2297.8,5.49,0,0.0,0,0,0,1,1,0,95,0.657,0,422.9,1.74,-0.9,-1.5,1.25,1.15,1.09,418.5,0.0
2023-11-11,8,BW-103,Bramblewick Granola Clusters Maple 18oz,Granola,ThriftLane,653.5,5.49,4.12,2823.29,4.32,1,0.25,0,1,0,0,0,0,95,0.657,0,429.2,1.74,-0.9,-1.5,1.25,1.15,1.09,401.5,252.0
2023-11-18,9,BW-103,Bramblewick Granola Clusters Maple 18oz,Granola,ThriftLane,927.6,5.49,4.12,3997.96,4.31,1,0.25,0,1,0,0,0,0,95,0.657,0,516.2,1.74,-0.9,-1.5,1.25,1.15,1.09,401.5,526.1
2023-11-25,10,BW-103,Bramblewick Granola Clusters Maple 18oz,Granola,ThriftLane,504.6,5.49,5.49,2770.36,5.49,0,0.0,0,0,0,1,0,1,95,0.657,0,564.8,1.74,-0.9,-1.5,1.25,1.15,1.09,504.6,0.0
2023-12-02,11,BW-103,Bramblewick Granola Clusters Maple 18oz,Granola,ThriftLane,449.7,5.49,5.49,2468.95,5.49,0,0.0,0,0,0,0,1,0,95,0.657,0,452.8,1.74,-0.9,-1.5,1.25,1.15,1.09,449.7,0.0
2023-12-09,12,BW-103,Bramblewick Granola Clusters Maple 18oz,Granola,ThriftLane,1090.2,5.49,4.39,5058.32,4.64,1,0.2,1,1,0,0,0,0,95,0.657,0,461.7,1.74,-0.9,-1.5,1.25,1.15,1.09,414.2,676.1
2023-12-16,13,BW-103,Bramblewick Granola Clusters Maple 18oz,Granola,ThriftLane,1149.7,5.49,4.39,5334.75,4.64,1,0.2,1,1,0,1,0,0,100,0.691,0,565.5,1.74,-0.9,-1.5,1.25,1.15,1.09,414.2,735.6
2023-12-23,14,BW-103,Bramblewick Granola Clusters Maple 18oz,Granola,ThriftLane,1319.6,5.49,4.39,6109.7,4.63,1,0.2,1,1,0,1,0,0,100,0.691,0,679.6,1.74,-0.9,-1.5,1.25,1.15,1.09,414.2,905.4
2023-12-30,15,BW-103,Bramblewick Granola Clusters Maple 18oz,Granola,ThriftLane,391.1,5.49,5.49,2147.26,5.49,0,0.0,0,0,0,1,0,1,100,0.691,0,605.9,1.74,-0.9,-1.5,1.25,1.15,1.09,391.1,0.0
2024-01-06,16,BW-103,Bramblewick Granola Clusters Maple 18oz,Granola,ThriftLane,487.7,5.49,5.49,2677.59,5.49,0,0.0,0,0,0,1,1,0,100,0.691,0,703.8,1.74,-0.9,-1.5,1.25,1.15,1.09,487.7,0.0
2024-01-13,17,BW-103,Bramblewick Granola Clusters Maple 18oz,Granola,ThriftLane,1943.4,5.49,4.12,8589.89,4.42,1,0.25,1,1,1,0,0,0,101,0.698,0,719.4,1.74,-0.9,-1.5,1.25,1.15,1.09,414.2,1529.2
2024-01-20,18,BW-103,Bramblewick Granola Clusters Maple 18oz,Granola,ThriftLane,1090.3,5.49,4.12,4633.94,4.25,1,0.25,1,1,1,0,0,0,99,0.684,0,526.7,1.74,-0.9,-1.5,1.25,1.15,1.09,414.2,676.2
2024-01-27,19,BW-103,Bramblewick Granola Clusters Maple 18oz,Granola,ThriftLane,515.8,5.49,5.49,2831.67,5.49,0,0.0,0,0,0,0,0,1,100,0.691,0,534.1,1.74,-0.9,-1.5,1.25,1.15,1.09,515.8,0.0
2024-02-03,20,BW-103,Bramblewick Granola Clusters Maple 18oz,Granola,ThriftLane,501.1,5.49,5.49,2750.85,5.49,0,0.0,0,0,0,1,0,0,99,0.684,0,528.4,1.74,-0.9,-1.5,1.25,1.15,1.09,501.1,0.0
2024-02-10,21,BW-103,Bramblewick Granola Clusters Maple 18oz,Granola,ThriftLane,526.4,5.49,5.49,2890.1,5.49,0,0.0,0,0,0,0,0,0,100,0.691,0,530.8,1.74,-0.9,-1.5,1.25,1.15,1.09,526.4,0.0
2024-02-17,22,BW-103,Bramblewick Granola Clusters Maple 18oz,Granola,ThriftLane,588.5,5.49,5.49,3231.07,5.49,0,0.0,0,0,0,0,0,0,100,0.691,0,525.3,1.74,-0.9,-1.5,1.25,1.15,1.09,588.5,0.0
2024-02-24,23,BW-103,Bramblewick Granola Clusters Maple 18oz,Granola,ThriftLane,489.6,5.49,5.49,2687.64,5.49,0,0.0,0,0,0,0,0,0,101,0.698,0,522.6,1.74,-0.9,-1.5,1.25,1.15,1.09,489.6,0.0
2024-03-02,24,BW-103,Bramblewick Granola Clusters Maple 18oz,Granola,ThriftLane,537.8,5.49,5.49,2952.56,5.49,0,0.0,0,0,0,0,0,0,99,0.684,0,502.4,1.74,-0.9,-1.5,1.25,1.15,1.09,537.8,0.0
2024-03-09,25,BW-103,Bramblewick Granola Clusters Maple 18oz,Granola,ThriftLane,496.2,5.49,5.49,2724.0,5.49,0,0.0,0,0,0,0,0,0,101,0.698,0,500.8,1.74,-0.9,-1.5,1.25,1.15,1.09,496.2,0.0
2024-03-16,26,BW-103,Bramblewick Granola Clusters Maple 18oz,Granola,ThriftLane,433.7,5.49,5.49,2380.79,5.49,0,0.0,0,0,0,0,0,0,105,0.726,0,507.0,1.74,-0.9,-1.5,1.25,1.15,1.09,433.7,0.0
2024-03-23,27,BW-103,Bramblewick Granola Clusters Maple 18oz,Granola,ThriftLane,382.5,5.49,5.49,2099.74,5.49,0,0.0,0,0,0,0,1,0,105,0.726,0,492.7,1.74,-0.9,-1.5,1.25,1.15,1.09,382.5,0.0
2024-03-30,28,BW-103,Bramblewick Granola Clusters Maple 18oz,Granola,ThriftLane,804.7,5.49,4.39,3564.66,4.43,1,0.2,0,1,1,0,0,0,103,0.712,0,468.9,1.74,-0.9,-1.5,1.25,1.15,1.09,498.6,306.1
2024-04-06,29,BW-103,Bramblewick Granola Clusters Maple 18oz,Granola,ThriftLane,449.9,5.49,5.49,2469.81,5.49,0,0.0,0,0,0,1,0,1,104,0.719,0,459.2,1.74,-0.9,-1.5,1.25,1.15,1.09,449.9,0.0
2024-04-13,30,BW-103,Bramblewick Granola Clusters Maple 18oz,Granola,ThriftLane,491.7,5.49,5.49,2699.66,5.49,0,0.0,0,0,0,0,1,0,105,0.726,0,449.9,1.74,-0.9,-1.5,1.25,1.15,1.09,491.7,0.0
2024-04-20,31,BW-103,Bramblewick Granola Clusters Maple 18oz,Granola,ThriftLane,544.5,5.49,4.94,2700.55,4.96,1,0.1,0,0,0,0,0,0,104,0.719,0,433.1,1.74,-0.9,-1.5,1.25,1.15,1.09,490.6,53.9
2024-04-27,32,BW-103,Bramblewick Granola Clusters Maple 18oz,Granola,ThriftLane,374.2,5.49,5.49,2054.58,5.49,0,0.0,0,0,0,1,0,1,103,0.712,0,417.9,1.74,-0.9,-1.5,1.25,1.15,1.09,374.2,0.0
2024-05-04,33,BW-103,Bramblewick Granola Clusters Maple 18oz,Granola,ThriftLane,405.4,5.49,5.49,2225.78,5.49,0,0.0,0,0,0,1,0,0,105,0.726,0,416.3,1.74,-0.9,-1.5,1.25,1.15,1.09,405.4,0.0
2024-05-11,34,BW-103,Bramblewick Granola Clusters Maple 18oz,Granola,ThriftLane,395.4,5.49,5.49,2170.63,5.49,0,0.0,0,0,0,0,0,0,104,0.719,0,404.4,1.74,-0.9,-1.5,1.25,1.15,1.09,395.4,0.0
2024-05-18,35,BW-103,Bramblewick Granola Clusters Maple 18oz,Granola,ThriftLane,479.3,5.49,5.49,2631.41,5.49,0,0.0,0,0,0,0,0,0,105,0.726,0,414.3,1.74,-0.9,-1.5,1.25,1.15,1.09,479.3,0.0
2024-05-25,36,BW-103,Bramblewick Granola Clusters Maple 18oz,Granola,ThriftLane,346.0,5.79,5.79,2003.45,5.79,0,0.0,0,0,0,1,1,0,105,0.726,0,396.6,1.74,-0.9,-1.5,1.25,1.15,1.09,346.0,0.0
2024-06-01,37,BW-103,Bramblewick Granola Clusters Maple 18oz,Granola,ThriftLane,446.2,5.79,4.92,2217.57,4.97,1,0.15,0,0,0,0,0,0,104,0.719,0,373.0,1.74,-0.9,-1.5,1.25,1.15,1.09,400.4,45.8
2024-06-08,38,BW-103,Bramblewick Granola Clusters Maple 18oz,Granola,ThriftLane,522.5,5.79,5.79,3025.5,5.79,0,0.0,0,0,0,0,0,1,103,0.712,0,368.6,1.74,-0.9,-1.5,1.25,1.15,1.09,522.5,0.0
2024-06-15,39,BW-103,Bramblewick Granola Clusters Maple 18oz,Granola,ThriftLane,421.5,5.79,5.79,2440.7,5.79,0,0.0,0,0,0,0,0,0,109,0.753,0,390.6,1.74,-0.9,-1.5,1.25,1.15,1.09,421.5,0.0
2024-06-22,40,BW-103,Bramblewick Granola Clusters Maple 18oz,Granola,ThriftLane,381.9,5.79,5.79,2211.48,5.79,0,0.0,0,0,0,0,0,0,107,0.74,0,385.4,1.74,-0.9,-1.5,1.25,1.15,1.09,381.9,0.0
2024-06-29,41,BW-103,Bramblewick Granola Clusters Maple 18oz,Granola,ThriftLane,395.0,5.79,5.79,2286.78,5.79,0,0.0,0,0,0,1,0,0,108,0.747,0,411.4,1.74,-0.9,-1.5,1.25,1.15,1.09,395.0,0.0
2024-07-06,42,BW-103,Bramblewick Granola Clusters Maple 18oz,Granola,ThriftLane,364.2,5.79,5.79,2108.65,5.79,0,0.0,0,0,0,0,1,0,109,0.753,0,430.9,1.74,-0.9,-1.5,1.25,1.15,1.09,364.2,0.0
2024-07-13,43,BW-103,Bramblewick Granola Clusters Maple 18oz,Granola,ThriftLane,430.5,5.79,4.92,2173.98,5.05,1,0.15,0,0,0,0,0,0,107,0.74,0,397.1,1.74,-0.9,-1.5,1.25,1.15,1.09,395.2,35.3
2024-07-20,44,BW-103,Bramblewick Granola Clusters Maple 18oz,Granola,ThriftLane,471.1,5.79,5.79,2727.52,5.79,0,0.0,0,0,0,0,0,1,109,0.753,0,409.8,1.74,-0.9,-1.5,1.25,1.15,1.09,471.1,0.0
2024-07-27,45,BW-103,Bramblewick Granola Clusters Maple 18oz,Granola,ThriftLane,424.3,5.79,5.79,2456.64,5.79,0,0.0,0,0,0,0,1,0,108,0.747,0,411.4,1.74,-0.9,-1.5,1.25,1.15,1.09,424.3,0.0
2024-08-03,46,BW-103,Bramblewick Granola Clusters Maple 18oz,Granola,ThriftLane,460.7,5.79,4.92,2326.54,5.05,1,0.15,0,0,0,0,0,0,108,0.747,0,416.8,1.74,-0.9,-1.5,1.25,1.15,1.09,408.2,52.4
2024-08-10,47,BW-103,Bramblewick Granola Clusters Maple 18oz,Granola,ThriftLane,330.3,5.79,5.79,1912.65,5.79,0,0.0,0,0,0,0,0,1,108,0.747,0,422.1,1.74,-0.9,-1.5,1.25,1.15,1.09,330.3,0.0
2024-08-17,48,BW-103,Bramblewick Granola Clusters Maple 18oz,Granola,ThriftLane,419.5,5.79,5.79,2429.18,5.79,0,0.0,0,0,0,0,0,0,107,0.74,0,423.0,1.74,-0.9,-1.5,1.25,1.15,1.09,419.5,0.0
2024-08-24,49,BW-103,Bramblewick Granola Clusters Maple 18oz,Granola,ThriftLane,376.9,5.79,5.79,2182.47,5.79,0,0.0,0,0,0,1,1,0,108,0.747,0,498.3,1.74,-0.9,-1.5,1.25,1.15,1.09,376.9,0.0
2024-08-31,50,BW-103,Bramblewick Granola Clusters Maple 18oz,Granola,ThriftLane,965.4,5.79,4.63,4643.81,4.81,1,0.2,0,1,0,1,0,0,107,0.74,0,498.4,1.74,-0.9,-1.5,1.25,1.15,1.09,388.4,577.0
2024-09-07,51,BW-103,Bramblewick Granola Clusters Maple 18oz,Granola,ThriftLane,543.0,5.79,4.63,2541.09,4.68,1,0.2,0,1,0,0,0,0,108,0.747,0,439.3,1.74,-0.9,-1.5,1.25,1.15,1.09,388.4,154.6
2024-09-14,52,BW-103,Bramblewick Granola Clusters Maple 18oz,Granola,ThriftLane,488.7,5.79,5.79,2829.84,5.79,0,0.0,0,0,0,0,0,1,112,0.774,0,459.1,1.74,-0.9,-1.5,1.25,1.15,1.09,488.7,0.0
2024-09-21,53,BW-103,Bramblewick Granola Clusters Maple 18oz,Granola,ThriftLane,411.0,5.79,5.79,2379.74,5.79,0,0.0,0,0,0,0,0,0,111,0.767,0,458.4,1.74,-0.9,-1.5,1.25,1.15,1.09,411.0,0.0
2024-09-28,54,BW-103,Bramblewick Granola Clusters Maple 18oz,Granola,ThriftLane,410.9,5.79,5.79,2379.17,5.79,0,0.0,0,0,0,0,0,0,113,0.781,0,470.1,1.74,-0.9,-1.5,1.25,1.15,1.09,410.9,0.0
2024-10-05,55,BW-103,Bramblewick Granola Clusters Maple 18oz,Granola,ThriftLane,415.6,5.79,5.79,2406.38,5.79,0,0.0,0,0,0,1,0,0,112,0.774,0,469.6,1.74,-0.9,-1.5,1.25,1.15,1.09,415.6,0.0
2024-10-12,56,BW-103,Bramblewick Granola Clusters Maple 18oz,Granola,ThriftLane,409.3,5.79,5.79,2370.13,5.79,0,0.0,0,0,0,0,0,0,111,0.767,0,469.5,1.74,-0.9,-1.5,1.25,1.15,1.09,409.3,0.0
2024-10-19,57,BW-103,Bramblewick Granola Clusters Maple 18oz,Granola,ThriftLane,445.1,5.79,5.79,2577.35,5.79,0,0.0,0,0,0,0,0,0,111,0.767,0,474.1,1.74,-0.9,-1.5,1.25,1.15,1.09,445.1,0.0
2024-10-26,58,BW-103,Bramblewick Granola Clusters Maple 18oz,Granola,ThriftLane,437.3,5.79,5.79,2532.0,5.79,0,0.0,0,0,0,0,1,0,112,0.774,0,483.9,1.74,-0.9,-1.5,1.25,1.15,1.09,437.3,0.0
2024-11-02,59,BW-103,Bramblewick Granola Clusters Maple 18oz,Granola,ThriftLane,443.2,5.79,4.92,2255.77,5.09,1,0.15,0,0,0,1,0,0,111,0.767,0,485.9,1.74,-0.9,-1.5,1.25,1.15,1.09,413.3,29.9
2024-11-09,60,BW-103,Bramblewick Granola Clusters Maple 18oz,Granola,ThriftLane,543.5,5.79,4.92,2728.34,5.02,1,0.15,0,0,0,0,0,0,113,0.781,0,502.0,1.74,-0.9,-1.5,1.25,1.15,1.09,413.3,130.2
2024-11-16,61,BW-103,Bramblewick Granola Clusters Maple 18oz,Granola,ThriftLane,492.5,5.79,5.79,2851.7,5.79,0,0.0,0,0,0,0,0,1,113,0.781,0,510.3,1.74,-0.9,-1.5,1.25,1.15,1.09,492.5,0.0
2024-11-23,62,BW-103,Bramblewick Granola Clusters Maple 18oz,Granola,ThriftLane,431.1,5.79,5.79,2496.3,5.79,0,0.0,0,0,0,1,0,0,113,0.781,0,614.6,1.74,-0.9,-1.5,1.25,1.15,1.09,431.1,0.0
2024-11-30,63,BW-103,Bramblewick Granola Clusters Maple 18oz,Granola,ThriftLane,510.2,5.79,5.79,2953.78,5.79,0,0.0,0,0,0,1,0,0,113,0.781,0,673.2,1.74,-0.9,-1.5,1.25,1.15,1.09,510.2,0.0
2024-12-07,64,BW-103,Bramblewick Granola Clusters Maple 18oz,Granola,ThriftLane,488.1,5.79,5.79,2826.07,5.79,0,0.0,0,0,0,0,0,0,113,0.781,0,540.0,1.74,-0.9,-1.5,1.25,1.15,1.09,488.1,0.0
2024-12-14,65,BW-103,Bramblewick Granola Clusters Maple 18oz,Granola,ThriftLane,689.8,5.79,5.79,3993.98,5.79,0,0.0,0,0,0,0,1,0,117,0.809,0,650.6,1.74,-0.9,-1.5,1.25,1.15,1.09,689.8,0.0
2024-12-21,66,BW-103,Bramblewick Granola Clusters Maple 18oz,Granola,ThriftLane,1030.6,5.79,5.21,5441.38,5.28,1,0.1,0,0,0,0,0,0,116,0.802,0,775.1,1.74,-0.9,-1.5,1.25,1.15,1.09,466.6,564.0
2024-12-28,67,BW-103,Bramblewick Granola Clusters Maple 18oz,Granola,ThriftLane,670.6,5.79,5.79,3882.62,5.79,0,0.0,0,0,0,1,0,1,117,0.809,0,697.0,1.74,-0.9,-1.5,1.25,1.15,1.09,670.6,0.0
2025-01-04,68,BW-103,Bramblewick Granola Clusters Maple 18oz,Granola,ThriftLane,635.2,5.79,5.79,3677.52,5.79,0,0.0,0,0,0,1,0,0,116,0.802,0,802.8,1.74,-0.9,-1.5,1.25,1.15,1.09,635.2,0.0
2025-01-11,69,BW-103,Bramblewick Granola Clusters Maple 18oz,Granola,ThriftLane,844.2,5.79,5.79,4888.12,5.79,0,0.0,0,0,0,0,1,0,115,0.795,0,805.4,1.74,-0.9,-1.5,1.25,1.15,1.09,844.2,0.0
2025-01-18,70,BW-103,Bramblewick Granola Clusters Maple 18oz,Granola,ThriftLane,799.3,5.79,4.92,4052.4,5.07,1,0.15,0,0,0,0,0,0,116,0.802,0,606.8,1.74,-0.9,-1.5,1.25,1.15,1.09,572.7,226.6
2025-01-25,71,BW-103,Bramblewick Granola Clusters Maple 18oz,Granola,ThriftLane,490.9,5.79,5.79,2842.16,5.79,0,0.0,0,0,0,0,0,1,116,0.802,0,609.2,1.74,-0.9,-1.5,1.25,1.15,1.09,490.9,0.0
2025-02-01,72,BW-103,Bramblewick Granola Clusters Maple 18oz,Granola,ThriftLane,643.6,5.79,5.79,3726.43,5.79,0,0.0,0,0,0,0,0,0,116,0.802,0,608.8,1.74,-0.9,-1.5,1.25,1.15,1.09,643.6,0.0
2025-02-08,73,BW-103,Bramblewick Granola Clusters Maple 18oz,Granola,ThriftLane,579.9,5.79,5.79,3357.41,5.79,0,0.0,0,0,0,0,1,0,116,0.802,0,605.4,1.74,-0.9,-1.5,1.25,1.15,1.09,579.9,0.0
2025-02-15,74,BW-103,Bramblewick Granola Clusters Maple 18oz,Granola,ThriftLane,638.8,5.79,5.21,3366.25,5.27,1,0.1,0,0,0,1,0,0,116,0.802,0,599.2,1.74,-0.9,-1.5,1.25,1.15,1.09,639.4,0.0
2025-02-22,75,BW-103,Bramblewick Granola Clusters Maple 18oz,Granola,ThriftLane,482.6,5.79,5.79,2794.33,5.79,0,0.0,0,0,0,0,0,1,115,0.795,0,585.1,1.74,-0.9,-1.5,1.25,1.15,1.09,482.6,0.0
2025-03-01,76,BW-103,Bramblewick Granola Clusters Maple 18oz,Granola,ThriftLane,480.0,5.79,5.79,2779.38,5.79,0,0.0,0,0,0,0,0,0,115,0.795,0,573.8,1.74,-0.9,-1.5,1.25,1.15,1.09,480.0,0.0
2025-03-08,77,BW-103,Bramblewick Granola Clusters Maple 18oz,Granola,ThriftLane,591.2,5.79,5.79,3423.05,5.79,0,0.0,0,0,0,0,0,0,115,0.795,0,560.6,1.74,-0.9,-1.5,1.25,1.15,1.09,591.2,0.0
2025-03-15,78,BW-103,Bramblewick Granola Clusters Maple 18oz,Granola,ThriftLane,529.8,5.79,5.79,3067.56,5.79,0,0.0,0,0,0,1,0,0,121,0.836,0,574.5,1.74,-0.9,-1.5,1.25,1.15,1.09,529.8,0.0
2025-03-22,79,BW-103,Bramblewick Granola Clusters Maple 18oz,Granola,ThriftLane,456.1,5.79,5.79,2641.06,5.79,0,0.0,0,0,0,1,1,0,121,0.836,0,558.2,1.74,-0.9,-1.5,1.25,1.15,1.09,456.1,0.0
2025-03-29,80,BW-103,Bramblewick Granola Clusters Maple 18oz,Granola,ThriftLane,648.7,5.79,4.92,3327.58,5.13,1,0.15,0,0,0,0,0,0,120,0.83,0,537.2,1.74,-0.9,-1.5,1.25,1.15,1.09,510.4,138.4
2025-04-05,81,BW-103,Bramblewick Granola Clusters Maple 18oz,Granola,ThriftLane,456.7,5.79,5.79,2644.57,5.79,0,0.0,0,0,0,0,0,1,121,0.836,0,525.4,1.74,-0.9,-1.5,1.25,1.15,1.09,456.7,0.0
2025-04-12,82,BW-103,Bramblewick Granola Clusters Maple 18oz,Granola,ThriftLane,548.6,5.79,5.79,3176.49,5.79,0,0.0,0,0,0,0,0,0,120,0.83,0,505.6,1.74,-0.9,-1.5,1.25,1.15,1.09,548.6,0.0
2025-04-19,83,BW-103,Bramblewick Granola Clusters Maple 18oz,Granola,ThriftLane,441.0,5.79,5.79,2553.37,5.79,0,0.0,0,0,0,1,0,0,120,0.83,0,491.4,1.74,-0.9,-1.5,1.25,1.15,1.09,441.0,0.0
2025-04-26,84,BW-103,Bramblewick Granola Clusters Maple 18oz,Granola,ThriftLane,389.8,5.79,5.79,2256.84,5.79,0,0.0,0,0,0,0,0,0,119,0.823,0,474.7,1.74,-0.9,-1.5,1.25,1.15,1.09,389.8,0.0
2025-05-03,85,BW-103,Bramblewick Granola Clusters Maple 18oz,Granola,ThriftLane,475.3,5.79,5.79,2751.99,5.79,0,0.0,0,0,0,0,0,0,121,0.836,0,471.7,1.74,-0.9,-1.5,1.25,1.15,1.09,475.3,0.0
2025-05-10,86,BW-103,Bramblewick Granola Clusters Maple 18oz,Granola,ThriftLane,463.0,5.79,5.79,2680.64,5.79,0,0.0,0,0,0,0,1,0,120,0.83,0,458.8,1.74,-0.9,-1.5,1.25,1.15,1.09,463.0,0.0
2025-05-17,87,BW-103,Bramblewick Granola Clusters Maple 18oz,Granola,ThriftLane,411.1,5.79,5.21,2158.12,5.25,1,0.1,0,0,0,1,0,0,119,0.823,0,448.1,1.74,-0.9,-1.5,1.25,1.15,1.09,459.8,0.0
2025-05-24,88,BW-103,Bramblewick Granola Clusters Maple 18oz,Granola,ThriftLane,409.2,5.79,5.79,2369.3,5.79,0,0.0,0,0,0,0,0,1,121,0.836,0,464.4,1.74,-0.9,-1.5,1.25,1.15,1.09,409.2,0.0
2025-05-31,89,BW-103,Bramblewick Granola Clusters Maple 18oz,Granola,ThriftLane,382.4,5.79,5.79,2213.87,5.79,0,0.0,0,0,0,1,0,0,120,0.83,0,464.4,1.74,-0.9,-1.5,1.25,1.15,1.09,382.4,0.0
2025-06-07,90,BW-103,Bramblewick Granola Clusters Maple 18oz,Granola,ThriftLane,413.5,5.79,5.79,2394.24,5.79,0,0.0,0,0,0,1,0,0,119,0.823,0,439.2,1.74,-0.9,-1.5,1.25,1.15,1.09,413.5,0.0
2025-06-14,91,BW-103,Bramblewick Granola Clusters Maple 18oz,Granola,ThriftLane,434.3,5.79,5.79,2514.45,5.79,0,0.0,0,0,0,0,0,0,123,0.85,0,454.7,1.74,-0.9,-1.5,1.25,1.15,1.09,434.3,0.0
2025-06-21,92,BW-103,Bramblewick Granola Clusters Maple 18oz,Granola,ThriftLane,458.4,5.79,5.79,2654.1,5.79,0,0.0,0,0,0,0,0,0,124,0.857,0,460.7,1.74,-0.9,-1.5,1.25,1.15,1.09,458.4,0.0
2025-06-28,93,BW-103,Bramblewick Granola Clusters Maple 18oz,Granola,ThriftLane,487.0,5.79,5.79,2819.53,5.79,0,0.0,0,0,0,0,0,0,123,0.85,0,483.3,1.74,-0.9,-1.5,1.25,1.15,1.09,487.0,0.0
2025-07-05,94,BW-103,Bramblewick Granola Clusters Maple 18oz,Granola,ThriftLane,522.1,5.79,5.79,3022.74,5.79,0,0.0,0,0,0,1,0,0,123,0.85,0,501.6,1.74,-0.9,-1.5,1.25,1.15,1.09,522.1,0.0
2025-07-12,95,BW-103,Bramblewick Granola Clusters Maple 18oz,Granola,ThriftLane,385.7,5.79,5.79,2233.13,5.79,0,0.0,0,0,0,0,1,0,124,0.857,0,474.7,1.74,-0.9,-1.5,1.25,1.15,1.09,385.7,0.0
2025-07-19,96,BW-103,Bramblewick Granola Clusters Maple 18oz,Granola,ThriftLane,649.8,5.99,4.79,3300.79,5.08,1,0.2,1,1,0,1,0,0,125,0.864,0,470.2,1.74,-0.9,-1.5,1.25,1.15,1.09,423.9,225.9
2025-07-26,97,BW-103,Bramblewick Granola Clusters Maple 18oz,Granola,ThriftLane,401.7,5.99,4.79,1988.29,4.95,1,0.2,1,1,0,1,0,0,125,0.864,0,476.4,1.74,-0.9,-1.5,1.25,1.15,1.09,423.9,0.0
2025-08-02,98,BW-103,Bramblewick Granola Clusters Maple 18oz,Granola,ThriftLane,437.5,5.99,5.99,2620.58,5.99,0,0.0,0,0,0,0,0,1,125,0.864,0,482.7,1.74,-0.9,-1.5,1.25,1.15,1.09,437.5,0.0
2025-08-09,99,BW-103,Bramblewick Granola Clusters Maple 18oz,Granola,ThriftLane,425.1,5.99,5.99,2546.63,5.99,0,0.0,0,0,0,0,1,0,124,0.857,0,484.8,1.74,-0.9,-1.5,1.25,1.15,1.09,425.1,0.0
2025-08-16,100,BW-103,Bramblewick Granola Clusters Maple 18oz,Granola,ThriftLane,808.3,5.99,4.79,3911.99,4.84,1,0.2,0,1,0,0,0,0,125,0.864,0,494.4,1.74,-0.9,-1.5,1.25,1.15,1.09,435.9,372.4
2025-08-23,101,BW-103,Bramblewick Granola Clusters Maple 18oz,Granola,ThriftLane,1000.4,5.99,4.79,5071.9,5.07,1,0.2,0,1,0,1,0,0,125,0.864,0,577.0,1.74,-0.9,-1.5,1.25,1.15,1.09,435.9,564.5
2025-08-30,102,BW-103,Bramblewick Granola Clusters Maple 18oz,Granola,ThriftLane,698.9,5.99,5.99,4186.51,5.99,0,0.0,0,0,0,0,0,1,125,0.864,0,582.5,1.74,-0.9,-1.5,1.25,1.15,1.09,698.9,0.0
2025-09-06,103,BW-103,Bramblewick Granola Clusters Maple 18oz,Granola,ThriftLane,579.2,5.99,5.99,3469.37,5.99,0,0.0,0,0,0,0,0,0,125,0.864,0,508.7,1.74,-0.9,-1.5,1.25,1.15,1.09,579.2,0.0
2025-09-13,104,BW-103,Bramblewick Granola Clusters Maple 18oz,Granola,ThriftLane,411.1,5.99,5.99,2462.7,5.99,0,0.0,0,0,0,1,1,0,128,0.885,0,525.0,1.74,-0.9,-1.5,1.25,1.15,1.09,411.1,0.0
2025-09-20,105,BW-103,Bramblewick Granola Clusters Maple 18oz,Granola,ThriftLane,868.9,5.99,4.79,4223.09,4.86,1,0.2,0,1,0,0,0,0,127,0.878,0,524.7,1.74,-0.9,-1.5,1.25,1.15,1.09,462.2,406.6
2025-09-27,106,BW-103,Bramblewick Granola Clusters Maple 18oz,Granola,ThriftLane,501.5,5.99,5.99,3004.11,5.99,0,0.0,0,0,0,0,0,1,128,0.885,0,532.8,1.74,-0.9,-1.5,1.25,1.15,1.09,501.5,0.0
2025-10-04,107,BW-103,Bramblewick Granola Clusters Maple 18oz,Granola,ThriftLane,478.6,5.99,5.99,2867.07,5.99,0,0.0,0,0,0,0,1,0,128,0.885,0,537.0,1.74,-0.9,-1.5,1.25,1.15,1.09,478.6,0.0
2025-10-11,108,BW-103,Bramblewick Granola Clusters Maple 18oz,Granola,ThriftLane,756.1,5.99,5.09,4015.06,5.31,1,0.15,0,0,0,1,0,0,129,0.892,0,545.9,1.74,-0.9,-1.5,1.25,1.15,1.09,458.0,298.0
2025-10-18,109,BW-103,Bramblewick Granola Clusters Maple 18oz,Granola,ThriftLane,527.5,5.99,5.99,3159.69,5.99,0,0.0,0,0,0,0,0,1,129,0.892,0,551.3,1.74,-0.9,-1.5,1.25,1.15,1.09,527.5,0.0
2025-10-25,110,BW-103,Bramblewick Granola Clusters Maple 18oz,Granola,ThriftLane,526.4,5.99,5.99,3153.25,5.99,0,0.0,0,0,0,0,0,0,128,0.885,0,553.2,1.74,-0.9,-1.5,1.25,1.15,1.09,526.4,0.0
2025-11-01,111,BW-103,Bramblewick Granola Clusters Maple 18oz,Granola,ThriftLane,502.3,5.99,5.99,3008.81,5.99,0,0.0,0,0,0,0,1,0,129,0.892,0,564.9,1.74,-0.9,-1.5,1.25,1.15,1.09,502.3,0.0
2025-11-08,112,BW-103,Bramblewick Granola Clusters Maple 18oz,Granola,ThriftLane,807.4,5.99,5.09,4231.01,5.24,1,0.15,0,0,0,0,0,0,129,0.892,0,573.3,1.74,-0.9,-1.5,1.25,1.15,1.09,514.4,293.0
2025-11-15,113,BW-103,Bramblewick Granola Clusters Maple 18oz,Granola,ThriftLane,530.6,5.99,5.99,3178.42,5.99,0,0.0,0,0,0,0,0,1,128,0.885,0,578.3,1.74,-0.9,-1.5,1.25,1.15,1.09,530.6,0.0
2025-11-22,114,BW-103,Bramblewick Granola Clusters Maple 18oz,Granola,ThriftLane,675.6,5.99,5.99,4047.12,5.99,0,0.0,0,0,0,1,1,0,129,0.892,0,702.0,1.74,-0.9,-1.5,1.25,1.15,1.09,675.6,0.0
2025-11-29,115,BW-103,Bramblewick Granola Clusters Maple 18oz,Granola,ThriftLane,1372.5,5.99,4.79,6917.3,5.04,1,0.2,0,1,0,1,0,0,127,0.878,0,756.9,1.74,-0.9,-1.5,1.25,1.15,1.09,514.4,858.2
2025-12-06,116,BW-103,Bramblewick Granola Clusters Maple 18oz,Granola,ThriftLane,497.9,5.99,5.99,2982.43,5.99,0,0.0,0,0,0,0,0,1,128,0.885,0,612.0,1.74,-0.9,-1.5,1.25,1.15,1.09,497.9,0.0
2025-12-13,117,BW-103,Bramblewick Granola Clusters Maple 18oz,Granola,ThriftLane,578.0,5.99,5.99,3462.02,5.99,0,0.0,0,0,0,0,0,0,131,0.906,0,728.8,1.74,-0.9,-1.5,1.25,1.15,1.09,578.0,0.0
2025-12-20,118,BW-103,Bramblewick Granola Clusters Maple 18oz,Granola,ThriftLane,748.5,5.99,5.99,4483.39,5.99,0,0.0,0,0,0,1,1,0,132,0.912,0,882.4,1.74,-0.9,-1.5,1.25,1.15,1.09,748.5,0.0
2025-12-27,119,BW-103,Bramblewick Granola Clusters Maple 18oz,Granola,ThriftLane,720.4,5.99,4.79,3515.52,4.88,1,0.2,1,1,1,1,0,0,133,0.919,0,792.7,1.74,-0.9,-1.5,1.25,1.15,1.09,529.0,191.4
2026-01-03,120,BW-103,Bramblewick Granola Clusters Maple 18oz,Granola,ThriftLane,666.8,5.99,5.99,3994.16,5.99,0,0.0,0,0,0,1,0,1,132,0.912,0,913.9,1.74,-0.9,-1.5,1.25,1.15,1.09,666.8,0.0
2026-01-10,121,BW-103,Bramblewick Granola Clusters Maple 18oz,Granola,ThriftLane,745.4,5.99,5.99,4464.82,5.99,0,0.0,0,0,0,1,0,0,131,0.906,0,917.8,1.74,-0.9,-1.5,1.25,1.15,1.09,745.4,0.0
2026-01-17,122,BW-103,Bramblewick Granola Clusters Maple 18oz,Granola,ThriftLane,803.2,5.99,5.99,4811.04,5.99,0,0.0,0,0,0,0,0,0,131,0.906,0,685.5,1.74,-0.9,-1.5,1.25,1.15,1.09,803.2,0.0
2026-01-24,123,BW-103,Bramblewick Granola Clusters Maple 18oz,Granola,ThriftLane,599.7,5.99,5.99,3592.32,5.99,0,0.0,0,0,0,1,0,0,133,0.919,0,698.8,1.74,-0.9,-1.5,1.25,1.15,1.09,599.7,0.0
2026-01-31,124,BW-103,Bramblewick Granola Clusters Maple 18oz,Granola,ThriftLane,751.1,5.99,5.99,4499.2,5.99,0,0.0,0,0,0,1,0,0,132,0.912,0,693.1,1.74,-0.9,-1.5,1.25,1.15,1.09,751.1,0.0
2026-02-07,125,BW-103,Bramblewick Granola Clusters Maple 18oz,Granola,ThriftLane,665.5,5.99,5.99,3986.52,5.99,0,0.0,0,0,0,1,0,0,133,0.919,0,694.5,1.74,-0.9,-1.5,1.25,1.15,1.09,665.5,0.0
2026-02-14,126,BW-103,Bramblewick Granola Clusters Maple 18oz,Granola,ThriftLane,495.5,5.99,5.99,2968.15,5.99,0,0.0,0,0,0,1,0,0,132,0.912,0,682.1,1.74,-0.9,-1.5,1.25,1.15,1.09,495.5,0.0
2026-02-21,127,BW-103,Bramblewick Granola Clusters Maple 18oz,Granola,ThriftLane,700.0,5.99,5.99,4192.78,5.99,0,0.0,0,0,0,0,0,0,131,0.906,0,666.8,1.74,-0.9,-1.5,1.25,1.15,1.09,700.0,0.0
2026-02-28,128,BW-103,Bramblewick Granola Clusters Maple 18oz,Granola,ThriftLane,745.0,5.99,5.99,4462.55,5.99,0,0.0,0,0,0,0,1,0,132,0.912,0,659.0,1.74,-0.9,-1.5,1.25,1.15,1.09,745.0,0.0
2026-03-07,129,BW-103,Bramblewick Granola Clusters Maple 18oz,Granola,ThriftLane,895.2,5.99,4.49,4216.39,4.71,1,0.25,0,1,0,1,0,0,133,0.919,0,648.7,1.74,-0.9,-1.5,1.25,1.15,1.09,722.5,172.7
2026-03-14,130,BW-103,Bramblewick Granola Clusters Maple 18oz,Granola,ThriftLane,964.8,5.99,4.49,4650.39,4.82,1,0.25,0,1,0,0,0,0,137,0.947,0,650.8,1.74,-0.9,-1.5,1.25,1.15,1.09,722.5,242.3
2026-03-21,131,BW-103,Bramblewick Granola Clusters Maple 18oz,Granola,ThriftLane,572.3,5.99,5.99,3428.15,5.99,0,0.0,0,0,0,0,0,1,135,0.933,0,623.1,1.74,-0.9,-1.5,1.25,1.15,1.09,572.3,0.0
2026-03-28,132,BW-103,Bramblewick Granola Clusters Maple 18oz,Granola,ThriftLane,573.1,5.99,5.99,3432.99,5.99,0,0.0,0,0,0,0,0,0,136,0.94,0,609.1,1.74,-0.9,-1.5,1.25,1.15,1.09,573.1,0.0
2026-04-04,133,BW-103,Bramblewick Granola Clusters Maple 18oz,Granola,ThriftLane,716.9,5.99,5.99,4294.37,5.99,0,0.0,0,0,0,0,0,0,137,0.947,0,595.1,1.74,-0.9,-1.5,1.25,1.15,1.09,716.9,0.0
2026-04-11,134,BW-103,Bramblewick Granola Clusters Maple 18oz,Granola,ThriftLane,439.0,6.29,6.29,2761.08,6.29,0,0.0,0,0,0,1,0,0,136,0.94,0,548.6,1.74,-0.9,-1.5,1.25,1.15,1.09,439.0,0.0
2026-04-18,135,BW-103,Bramblewick Granola Clusters Maple 18oz,Granola,ThriftLane,566.0,6.29,6.29,3559.88,6.29,0,0.0,0,0,0,1,0,0,136,0.94,0,533.2,1.74,-0.9,-1.5,1.25,1.15,1.09,566.0,0.0
2026-04-25,136,BW-103,Bramblewick Granola Clusters Maple 18oz,Granola,ThriftLane,394.6,6.29,6.29,2481.82,6.29,0,0.0,0,0,0,1,0,0,137,0.947,0,523.3,1.74,-0.9,-1.5,1.25,1.15,1.09,394.6,0.0
2026-05-02,137,BW-103,Bramblewick Granola Clusters Maple 18oz,Granola,ThriftLane,458.4,6.29,6.29,2883.42,6.29,0,0.0,0,0,0,0,0,0,135,0.933,0,503.9,1.74,-0.9,-1.5,1.25,1.15,1.09,458.4,0.0
2026-05-09,138,BW-103,Bramblewick Granola Clusters Maple 18oz,Granola,ThriftLane,499.3,6.29,6.29,3140.63,6.29,0,0.0,0,0,0,0,1,0,137,0.947,0,501.5,1.74,-0.9,-1.5,1.25,1.15,1.09,499.3,0.0
2026-05-16,139,BW-103,Bramblewick Granola Clusters Maple 18oz,Granola,ThriftLane,1052.2,6.29,5.03,5460.75,5.19,1,0.2,1,1,0,1,0,0,135,0.933,0,486.7,1.74,-0.9,-1.5,1.25,1.15,1.09,532.6,519.6
2026-05-23,140,BW-103,Bramblewick Granola Clusters Maple 18oz,Granola,ThriftLane,419.0,6.29,6.29,2635.4,6.29,0,0.0,0,0,0,1,0,1,137,0.947,0,503.4,1.74,-0.9,-1.5,1.25,1.15,1.09,419.0,0.0
2026-05-30,141,BW-103,Bramblewick Granola Clusters Maple 18oz,Granola,ThriftLane,533.6,6.29,6.29,3356.12,6.29,0,0.0,0,0,0,1,0,0,137,0.947,0,507.6,1.74,-0.9,-1.5,1.25,1.15,1.09,533.6,0.0
2026-06-06,142,BW-103,Bramblewick Granola Clusters Maple 18oz,Granola,ThriftLane,520.7,6.29,6.29,3275.44,6.29,0,0.0,0,0,0,1,0,0,137,0.947,0,484.1,1.74,-0.9,-1.5,1.25,1.15,1.09,520.7,0.0
2026-06-13,143,BW-103,Bramblewick Granola Clusters Maple 18oz,Granola,ThriftLane,538.3,6.29,6.29,3386.03,6.29,0,0.0,0,0,0,1,0,0,139,0.961,0,491.9,1.74,-0.9,-1.5,1.25,1.15,1.09,538.3,0.0
2026-06-20,144,BW-103,Bramblewick Granola Clusters Maple 18oz,Granola,ThriftLane,473.4,6.29,6.29,2977.51,6.29,0,0.0,0,0,0,0,1,0,140,0.968,0,498.0,1.74,-0.9,-1.5,1.25,1.15,1.09,473.4,0.0
2026-06-27,145,BW-103,Bramblewick Granola Clusters Maple 18oz,Granola,ThriftLane,1447.4,6.29,4.72,6933.06,4.79,1,0.25,1,1,1,1,0,0,141,0.975,0,530.4,1.74,-0.9,-1.5,1.25,1.15,1.09,486.4,961.0
2026-07-04,146,BW-103,Bramblewick Granola Clusters Maple 18oz,Granola,ThriftLane,1278.7,6.29,4.72,6189.1,4.84,1,0.25,1,1,1,1,0,0,141,0.975,0,550.5,1.74,-0.9,-1.5,1.25,1.15,1.09,486.4,792.4
2026-07-11,147,BW-103,Bramblewick Granola Clusters Maple 18oz,Granola,ThriftLane,488.9,6.29,6.29,3074.98,6.29,0,0.0,0,0,0,1,0,1,139,0.961,0,509.5,1.74,-0.9,-1.5,1.25,1.15,1.09,488.9,0.0
2026-07-18,148,BW-103,Bramblewick Granola Clusters Maple 18oz,Granola,ThriftLane,400.2,6.29,6.29,2516.96,6.29,0,0.0,0,0,0,0,0,0,139,0.961,0,516.1,1.74,-0.9,-1.5,1.25,1.15,1.09,400.2,0.0
2026-07-25,149,BW-103,Bramblewick Granola Clusters Maple 18oz,Granola,ThriftLane,494.3,6.29,6.29,3109.4,6.29,0,0.0,0,0,0,0,0,0,141,0.975,0,530.5,1.74,-0.9,-1.5,1.25,1.15,1.09,494.3,0.0
2026-08-01,150,BW-103,Bramblewick Granola Clusters Maple 18oz,Granola,ThriftLane,504.5,6.29,6.29,3173.49,6.29,0,0.0,0,0,0,0,1,0,141,0.975,0,537.4,1.74,-0.9,-1.5,1.25,1.15,1.09,504.5,0.0
2026-08-08,151,BW-103,Bramblewick Granola Clusters Maple 18oz,Granola,ThriftLane,596.3,6.29,5.66,3464.62,5.81,1,0.1,0,0,0,1,0,0,141,0.975,0,544.2,1.74,-0.9,-1.5,1.25,1.15,1.09,499.4,96.9
2026-08-15,152,BW-103,Bramblewick Granola Clusters Maple 18oz,Granola,ThriftLane,530.2,6.29,6.29,3335.02,6.29,0,0.0,0,0,0,1,0,1,139,0.961,0,542.7,1.74,-0.9,-1.5,1.25,1.15,1.09,530.2,0.0
2026-08-22,153,BW-103,Bramblewick Granola Clusters Maple 18oz,Granola,ThriftLane,482.2,6.29,6.29,3033.03,6.29,0,0.0,0,0,0,1,0,0,140,0.968,0,637.9,1.74,-0.9,-1.5,1.25,1.15,1.09,482.2,0.0
2026-08-29,154,BW-103,Bramblewick Granola Clusters Maple 18oz,Granola,ThriftLane,593.5,6.29,6.29,3733.01,6.29,0,0.0,0,0,0,0,0,0,141,0.975,0,648.6,1.74,-0.9,-1.5,1.25,1.15,1.09,593.5,0.0
2026-09-05,155,BW-103,Bramblewick Granola Clusters Maple 18oz,Granola,ThriftLane,489.7,6.29,6.29,3080.44,6.29,0,0.0,0,0,0,0,0,0,139,0.961,0,558.4,1.74,-0.9,-1.5,1.25,1.15,1.09,489.7,0.0
2023-09-16,0,BW-201,Bramblewick Trail Bars Peanut 6ct,Bars,Fernhollow Market,432.2,4.49,4.49,1940.39,4.49,0,0.0,0,0,0,0,0,0,68,0.586,0,471.6,1.02,-1.6,-2.2,1.38,1.24,1.14,432.2,0.0
2023-09-23,1,BW-201,Bramblewick Trail Bars Peanut 6ct,Bars,Fernhollow Market,430.8,4.49,4.49,1934.51,4.49,0,0.0,0,0,0,0,0,0,68,0.586,0,389.7,1.02,-1.6,-2.2,1.38,1.24,1.14,430.8,0.0
2023-09-30,2,BW-201,Bramblewick Trail Bars Peanut 6ct,Bars,Fernhollow Market,399.5,4.49,4.49,1793.79,4.49,0,0.0,0,0,0,0,0,0,68,0.586,0,375.9,1.02,-1.6,-2.2,1.38,1.24,1.14,399.5,0.0
2023-10-07,3,BW-201,Bramblewick Trail Bars Peanut 6ct,Bars,Fernhollow Market,348.7,4.49,4.49,1565.75,4.49,0,0.0,0,0,0,0,0,0,68,0.586,0,362.5,1.02,-1.6,-2.2,1.38,1.24,1.14,348.7,0.0
2023-10-14,4,BW-201,Bramblewick Trail Bars Peanut 6ct,Bars,Fernhollow Market,344.0,4.49,4.49,1544.41,4.49,0,0.0,0,0,0,0,1,0,68,0.586,0,349.8,1.02,-1.6,-2.2,1.38,1.24,1.14,344.0,0.0
2023-10-21,5,BW-201,Bramblewick Trail Bars Peanut 6ct,Bars,Fernhollow Market,460.7,4.49,3.82,1768.94,3.84,1,0.15,0,0,0,0,0,0,67,0.578,0,333.1,1.02,-1.6,-2.2,1.38,1.24,1.14,399.5,61.2
2023-10-28,6,BW-201,Bramblewick Trail Bars Peanut 6ct,Bars,Fernhollow Market,673.8,4.49,3.82,2607.66,3.87,1,0.15,0,0,0,0,0,0,67,0.578,0,322.8,1.02,-1.6,-2.2,1.38,1.24,1.14,399.5,274.3
2023-11-04,7,BW-201,Bramblewick Trail Bars Peanut 6ct,Bars,Fernhollow Market,251.5,4.49,4.49,1129.34,4.49,0,0.0,0,0,0,0,0,1,69,0.595,0,323.3,1.02,-1.6,-2.2,1.38,1.24,1.14,251.5,0.0
2023-11-11,8,BW-201,Bramblewick Trail Bars Peanut 6ct,Bars,Fernhollow Market,253.7,4.49,4.49,1138.91,4.49,0,0.0,0,0,0,0,0,0,69,0.595,0,315.7,1.02,-1.6,-2.2,1.38,1.24,1.14,253.7,0.0
2023-11-18,9,BW-201,Bramblewick Trail Bars Peanut 6ct,Bars,Fernhollow Market,266.1,4.49,4.49,1194.7,4.49,0,0.0,0,0,0,0,0,0,69,0.595,0,327.5,1.02,-1.6,-2.2,1.38,1.24,1.14,266.1,0.0
2023-11-25,10,BW-201,Bramblewick Trail Bars Peanut 6ct,Bars,Fernhollow Market,275.2,4.49,4.49,1235.75,4.49,0,0.0,0,0,0,0,0,0,67,0.578,0,321.0,1.02,-1.6,-2.2,1.38,1.24,1.14,275.2,0.0
2023-12-02,11,BW-201,Bramblewick Trail Bars Peanut 6ct,Bars,Fernhollow Market,282.7,4.49,4.49,1269.31,4.49,0,0.0,0,0,0,0,0,0,67,0.578,0,293.5,1.02,-1.6,-2.2,1.38,1.24,1.14,282.7,0.0
2023-12-09,12,BW-201,Bramblewick Trail Bars Peanut 6ct,Bars,Fernhollow Market,332.9,4.49,4.49,1494.9,4.49,0,0.0,0,0,0,0,0,0,69,0.595,0,300.8,1.02,-1.6,-2.2,1.38,1.24,1.14,332.9,0.0
2023-12-16,13,BW-201,Bramblewick Trail Bars Peanut 6ct,Bars,Fernhollow Market,308.1,4.49,4.49,1383.34,4.49,0,0.0,0,0,0,0,0,0,70,0.604,0,316.3,1.02,-1.6,-2.2,1.38,1.24,1.14,308.1,0.0
2023-12-23,14,BW-201,Bramblewick Trail Bars Peanut 6ct,Bars,Fernhollow Market,331.6,4.49,4.49,1488.74,4.49,0,0.0,0,0,0,0,0,0,72,0.621,0,341.6,1.02,-1.6,-2.2,1.38,1.24,1.14,331.6,0.0
2023-12-30,15,BW-201,Bramblewick Trail Bars Peanut 6ct,Bars,Fernhollow Market,321.6,4.49,4.49,1444.06,4.49,0,0.0,0,0,0,0,0,0,71,0.612,0,327.3,1.02,-1.6,-2.2,1.38,1.24,1.14,321.6,0.0
2024-01-06,16,BW-201,Bramblewick Trail Bars Peanut 6ct,Bars,Fernhollow Market,315.2,4.49,4.49,1415.36,4.49,0,0.0,0,0,0,1,0,0,70,0.604,0,351.4,1.02,-1.6,-2.2,1.38,1.24,1.14,315.2,0.0
2024-01-13,17,BW-201,Bramblewick Trail Bars Peanut 6ct,Bars,Fernhollow Market,287.0,4.49,4.49,1288.48,4.49,0,0.0,0,0,0,1,0,0,71,0.612,0,360.9,1.02,-1.6,-2.2,1.38,1.24,1.14,287.0,0.0
2024-01-20,18,BW-201,Bramblewick Trail Bars Peanut 6ct,Bars,Fernhollow Market,351.5,4.49,4.49,1578.24,4.49,0,0.0,0,0,0,0,0,0,72,0.621,0,329.2,1.02,-1.6,-2.2,1.38,1.24,1.14,351.5,0.0
2024-01-27,19,BW-201,Bramblewick Trail Bars Peanut 6ct,Bars,Fernhollow Market,331.4,4.49,4.49,1487.85,4.49,0,0.0,0,0,0,0,0,0,72,0.621,0,334.1,1.02,-1.6,-2.2,1.38,1.24,1.14,331.4,0.0
2024-02-03,20,BW-201,Bramblewick Trail Bars Peanut 6ct,Bars,Fernhollow Market,347.2,4.49,4.49,1558.84,4.49,0,0.0,0,0,0,0,0,0,72,0.621,0,339.2,1.02,-1.6,-2.2,1.38,1.24,1.14,347.2,0.0
2024-02-10,21,BW-201,Bramblewick Trail Bars Peanut 6ct,Bars,Fernhollow Market,316.1,4.49,4.49,1419.34,4.49,0,0.0,0,0,0,1,0,0,71,0.612,0,339.6,1.02,-1.6,-2.2,1.38,1.24,1.14,316.1,0.0
2024-02-17,22,BW-201,Bramblewick Trail Bars Peanut 6ct,Bars,Fernhollow Market,293.9,4.79,4.79,1407.89,4.79,0,0.0,0,0,0,1,0,0,72,0.621,0,315.1,1.02,-1.6,-2.2,1.38,1.24,1.14,293.9,0.0
2024-02-24,23,BW-201,Bramblewick Trail Bars Peanut 6ct,Bars,Fernhollow Market,337.1,4.79,4.79,1614.92,4.79,0,0.0,0,0,0,0,0,0,70,0.604,0,310.6,1.02,-1.6,-2.2,1.38,1.24,1.14,337.1,0.0
2024-03-02,24,BW-201,Bramblewick Trail Bars Peanut 6ct,Bars,Fernhollow Market,289.6,4.79,4.79,1387.07,4.79,0,0.0,0,0,0,0,0,0,71,0.612,0,319.2,1.02,-1.6,-2.2,1.38,1.24,1.14,289.6,0.0
2024-03-09,25,BW-201,Bramblewick Trail Bars Peanut 6ct,Bars,Fernhollow Market,334.1,4.79,4.79,1600.14,4.79,0,0.0,0,0,0,0,0,0,70,0.604,0,318.6,1.02,-1.6,-2.2,1.38,1.24,1.14,334.1,0.0
2024-03-16,26,BW-201,Bramblewick Trail Bars Peanut 6ct,Bars,Fernhollow Market,279.3,4.79,4.79,1337.92,4.79,0,0.0,0,0,0,0,1,0,75,0.647,0,345.4,1.02,-1.6,-2.2,1.38,1.24,1.14,279.3,0.0
2024-03-23,27,BW-201,Bramblewick Trail Bars Peanut 6ct,Bars,Fernhollow Market,372.8,4.79,4.07,1576.89,4.23,1,0.15,0,0,0,0,0,0,75,0.647,0,349.4,1.02,-1.6,-2.2,1.38,1.24,1.14,323.8,49.1
2024-03-30,28,BW-201,Bramblewick Trail Bars Peanut 6ct,Bars,Fernhollow Market,471.3,4.79,4.07,1936.86,4.11,1,0.15,0,0,0,0,0,0,74,0.638,0,348.7,1.02,-1.6,-2.2,1.38,1.24,1.14,323.8,147.6
2024-04-06,29,BW-201,Bramblewick Trail Bars Peanut 6ct,Bars,Fernhollow Market,346.0,4.79,4.79,1657.47,4.79,0,0.0,0,0,0,0,0,1,75,0.647,0,357.7,1.02,-1.6,-2.2,1.38,1.24,1.14,346.0,0.0
2024-04-13,30,BW-201,Bramblewick Trail Bars Peanut 6ct,Bars,Fernhollow Market,379.6,4.79,4.79,1818.4,4.79,0,0.0,0,0,0,0,0,0,75,0.647,0,362.2,1.02,-1.6,-2.2,1.38,1.24,1.14,379.6,0.0
2024-04-20,31,BW-201,Bramblewick Trail Bars Peanut 6ct,Bars,Fernhollow Market,384.7,4.79,4.79,1842.92,4.79,0,0.0,0,0,0,0,0,0,76,0.655,0,372.0,1.02,-1.6,-2.2,1.38,1.24,1.14,384.7,0.0
2024-04-27,32,BW-201,Bramblewick Trail Bars Peanut 6ct,Bars,Fernhollow Market,400.8,4.79,4.79,1920.04,4.79,0,0.0,0,0,0,0,0,0,74,0.638,0,367.6,1.02,-1.6,-2.2,1.38,1.24,1.14,400.8,0.0
2024-05-04,33,BW-201,Bramblewick Trail Bars Peanut 6ct,Bars,Fernhollow Market,315.4,4.79,4.79,1510.67,4.79,0,0.0,0,0,0,0,0,0,76,0.655,0,383.7,1.02,-1.6,-2.2,1.38,1.24,1.14,315.4,0.0
2024-05-11,34,BW-201,Bramblewick Trail Bars Peanut 6ct,Bars,Fernhollow Market,361.2,4.79,4.79,1729.98,4.79,0,0.0,0,0,0,0,0,0,75,0.647,0,385.3,1.02,-1.6,-2.2,1.38,1.24,1.14,361.2,0.0
2024-05-18,35,BW-201,Bramblewick Trail Bars Peanut 6ct,Bars,Fernhollow Market,438.2,4.79,4.79,2098.77,4.79,0,0.0,0,0,0,0,0,0,75,0.647,0,451.6,1.02,-1.6,-2.2,1.38,1.24,1.14,438.2,0.0
2024-05-25,36,BW-201,Bramblewick Trail Bars Peanut 6ct,Bars,Fernhollow Market,450.1,4.79,4.79,2155.83,4.79,0,0.0,0,0,0,0,0,0,75,0.647,0,493.9,1.02,-1.6,-2.2,1.38,1.24,1.14,450.1,0.0
2024-06-01,37,BW-201,Bramblewick Trail Bars Peanut 6ct,Bars,Fernhollow Market,420.8,4.79,4.79,2015.52,4.79,0,0.0,0,0,0,0,0,0,75,0.647,0,408.5,1.02,-1.6,-2.2,1.38,1.24,1.14,420.8,0.0
2024-06-08,38,BW-201,Bramblewick Trail Bars Peanut 6ct,Bars,Fernhollow Market,435.4,4.79,4.79,2085.57,4.79,0,0.0,0,0,0,0,0,0,74,0.638,0,411.3,1.02,-1.6,-2.2,1.38,1.24,1.14,435.4,0.0
2024-06-15,39,BW-201,Bramblewick Trail Bars Peanut 6ct,Bars,Fernhollow Market,460.3,4.79,4.79,2204.97,4.79,0,0.0,0,0,0,0,0,0,79,0.681,0,447.7,1.02,-1.6,-2.2,1.38,1.24,1.14,460.3,0.0
2024-06-22,40,BW-201,Bramblewick Trail Bars Peanut 6ct,Bars,Fernhollow Market,435.1,4.79,4.79,2084.16,4.79,0,0.0,0,0,0,0,1,0,78,0.673,0,450.2,1.02,-1.6,-2.2,1.38,1.24,1.14,435.1,0.0
2024-06-29,41,BW-201,Bramblewick Trail Bars Peanut 6ct,Bars,Fernhollow Market,1134.8,4.79,4.07,4743.67,4.18,1,0.15,0,0,0,0,0,0,78,0.673,0,581.5,1.02,-1.6,-2.2,1.38,1.24,1.14,435.2,699.6
2024-07-06,42,BW-201,Bramblewick Trail Bars Peanut 6ct,Bars,Fernhollow Market,553.4,4.79,4.79,2650.85,4.79,0,0.0,0,0,0,1,0,1,78,0.673,0,674.3,1.02,-1.6,-2.2,1.38,1.24,1.14,553.4,0.0
2024-07-13,43,BW-201,Bramblewick Trail Bars Peanut 6ct,Bars,Fernhollow Market,416.0,4.79,4.79,1992.66,4.79,0,0.0,0,0,0,1,0,0,79,0.681,0,473.9,1.02,-1.6,-2.2,1.38,1.24,1.14,416.0,0.0
2024-07-20,44,BW-201,Bramblewick Trail Bars Peanut 6ct,Bars,Fernhollow Market,533.5,4.79,4.79,2555.66,4.79,0,0.0,0,0,0,0,0,0,78,0.673,0,470.4,1.02,-1.6,-2.2,1.38,1.24,1.14,533.5,0.0
2024-07-27,45,BW-201,Bramblewick Trail Bars Peanut 6ct,Bars,Fernhollow Market,546.9,4.79,4.79,2619.83,4.79,0,0.0,0,0,0,0,1,0,78,0.673,0,470.6,1.02,-1.6,-2.2,1.38,1.24,1.14,546.9,0.0
2024-08-03,46,BW-201,Bramblewick Trail Bars Peanut 6ct,Bars,Fernhollow Market,588.3,4.79,4.07,2423.87,4.12,1,0.15,0,0,0,0,0,0,78,0.673,0,468.4,1.02,-1.6,-2.2,1.38,1.24,1.14,447.8,140.4
2024-08-10,47,BW-201,Bramblewick Trail Bars Peanut 6ct,Bars,Fernhollow Market,590.8,4.79,4.07,2451.71,4.15,1,0.15,0,0,0,0,0,0,80,0.69,0,475.7,1.02,-1.6,-2.2,1.38,1.24,1.14,447.8,142.9
2024-08-17,48,BW-201,Bramblewick Trail Bars Peanut 6ct,Bars,Fernhollow Market,501.7,4.79,4.79,2403.23,4.79,0,0.0,0,0,0,0,0,1,80,0.69,0,468.5,1.02,-1.6,-2.2,1.38,1.24,1.14,501.7,0.0
2024-08-24,49,BW-201,Bramblewick Trail Bars Peanut 6ct,Bars,Fernhollow Market,595.5,4.79,4.79,2852.48,4.79,0,0.0,0,0,0,0,0,0,79,0.681,0,529.9,1.02,-1.6,-2.2,1.38,1.24,1.14,595.5,0.0
2024-08-31,50,BW-201,Bramblewick Trail Bars Peanut 6ct,Bars,Fernhollow Market,490.0,4.79,4.79,2347.27,4.79,0,0.0,0,0,0,1,0,0,78,0.673,0,510.4,1.02,-1.6,-2.2,1.38,1.24,1.14,490.0,0.0
2024-09-07,51,BW-201,Bramblewick Trail Bars Peanut 6ct,Bars,Fernhollow Market,361.8,4.79,4.79,1732.81,4.79,0,0.0,0,0,0,1,0,0,78,0.673,0,424.2,1.02,-1.6,-2.2,1.38,1.24,1.14,361.8,0.0
2024-09-14,52,BW-201,Bramblewick Trail Bars Peanut 6ct,Bars,Fernhollow Market,461.8,4.79,4.79,2211.92,4.79,0,0.0,0,0,0,0,0,0,82,0.707,0,431.8,1.02,-1.6,-2.2,1.38,1.24,1.14,461.8,0.0
2024-09-21,53,BW-201,Bramblewick Trail Bars Peanut 6ct,Bars,Fernhollow Market,342.9,4.79,4.79,1642.3,4.79,0,0.0,0,0,0,0,1,0,82,0.707,0,417.1,1.02,-1.6,-2.2,1.38,1.24,1.14,342.9,0.0
2024-09-28,54,BW-201,Bramblewick Trail Bars Peanut 6ct,Bars,Fernhollow Market,501.7,4.79,4.07,2112.35,4.21,1,0.15,0,0,0,0,0,0,84,0.724,0,412.1,1.02,-1.6,-2.2,1.38,1.24,1.14,495.8,5.8
2024-10-05,55,BW-201,Bramblewick Trail Bars Peanut 6ct,Bars,Fernhollow Market,424.9,4.79,4.79,2035.45,4.79,0,0.0,0,0,0,0,0,1,82,0.707,0,387.9,1.02,-1.6,-2.2,1.38,1.24,1.14,424.9,0.0
2024-10-12,56,BW-201,Bramblewick Trail Bars Peanut 6ct,Bars,Fernhollow Market,333.8,4.79,4.79,1598.98,4.79,0,0.0,0,0,0,0,0,0,84,0.724,0,383.5,1.02,-1.6,-2.2,1.38,1.24,1.14,333.8,0.0
2024-10-19,57,BW-201,Bramblewick Trail Bars Peanut 6ct,Bars,Fernhollow Market,354.5,4.79,4.79,1697.88,4.79,0,0.0,0,0,0,0,0,0,82,0.707,0,361.8,1.02,-1.6,-2.2,1.38,1.24,1.14,354.5,0.0
2024-10-26,58,BW-201,Bramblewick Trail Bars Peanut 6ct,Bars,Fernhollow Market,383.0,4.79,4.79,1834.66,4.79,0,0.0,0,0,0,0,0,0,84,0.724,0,359.2,1.02,-1.6,-2.2,1.38,1.24,1.14,383.0,0.0
2024-11-02,59,BW-201,Bramblewick Trail Bars Peanut 6ct,Bars,Fernhollow Market,351.4,4.79,4.79,1683.34,4.79,0,0.0,0,0,0,0,0,0,82,0.707,0,341.0,1.02,-1.6,-2.2,1.38,1.24,1.14,351.4,0.0
2024-11-09,60,BW-201,Bramblewick Trail Bars Peanut 6ct,Bars,Fernhollow Market,298.6,4.79,4.79,1430.36,4.79,0,0.0,0,0,0,0,0,0,83,0.716,0,337.0,1.02,-1.6,-2.2,1.38,1.24,1.14,298.6,0.0
2024-11-16,61,BW-201,Bramblewick Trail Bars Peanut 6ct,Bars,Fernhollow Market,309.1,4.79,4.79,1480.58,4.79,0,0.0,0,0,0,0,0,0,83,0.716,0,330.6,1.02,-1.6,-2.2,1.38,1.24,1.14,309.1,0.0
2024-11-23,62,BW-201,Bramblewick Trail Bars Peanut 6ct,Bars,Fernhollow Market,369.8,4.79,4.79,1771.41,4.79,0,0.0,0,0,0,0,0,0,84,0.724,0,348.7,1.02,-1.6,-2.2,1.38,1.24,1.14,369.8,0.0
2024-11-30,63,BW-201,Bramblewick Trail Bars Peanut 6ct,Bars,Fernhollow Market,332.3,4.79,4.79,1591.58,4.79,0,0.0,0,0,0,0,0,0,83,0.716,0,349.6,1.02,-1.6,-2.2,1.38,1.24,1.14,332.3,0.0
2024-12-07,64,BW-201,Bramblewick Trail Bars Peanut 6ct,Bars,Fernhollow Market,386.4,4.79,4.79,1850.89,4.79,0,0.0,0,0,0,0,0,0,84,0.724,0,325.0,1.02,-1.6,-2.2,1.38,1.24,1.14,386.4,0.0
2024-12-14,65,BW-201,Bramblewick Trail Bars Peanut 6ct,Bars,Fernhollow Market,289.2,4.79,4.79,1385.22,4.79,0,0.0,0,0,0,1,1,0,87,0.75,0,348.9,1.02,-1.6,-2.2,1.38,1.24,1.14,289.2,0.0
2024-12-21,66,BW-201,Bramblewick Trail Bars Peanut 6ct,Bars,Fernhollow Market,947.4,4.79,3.83,3789.67,4.0,1,0.2,0,1,0,0,0,0,87,0.75,0,366.3,1.02,-1.6,-2.2,1.38,1.24,1.14,341.8,605.6
2024-12-28,67,BW-201,Bramblewick Trail Bars Peanut 6ct,Bars,Fernhollow Market,716.3,4.79,3.83,2836.55,3.96,1,0.2,0,1,0,1,0,0,87,0.75,0,356.0,1.02,-1.6,-2.2,1.38,1.24,1.14,341.8,374.4
2025-01-04,68,BW-201,Bramblewick Trail Bars Peanut 6ct,Bars,Fernhollow Market,364.6,4.79,4.79,1746.26,4.79,0,0.0,0,0,0,1,0,1,88,0.759,0,392.1,1.02,-1.6,-2.2,1.38,1.24,1.14,364.6,0.0
2025-01-11,69,BW-201,Bramblewick Trail Bars Peanut 6ct,Bars,Fernhollow Market,356.2,4.79,4.79,1706.1,4.79,0,0.0,0,0,0,1,0,0,86,0.742,0,387.9,1.02,-1.6,-2.2,1.38,1.24,1.14,356.2,0.0
2025-01-18,70,BW-201,Bramblewick Trail Bars Peanut 6ct,Bars,Fernhollow Market,358.0,4.79,4.79,1714.74,4.79,0,0.0,0,0,0,0,0,0,88,0.759,0,357.0,1.02,-1.6,-2.2,1.38,1.24,1.14,358.0,0.0
2025-01-25,71,BW-201,Bramblewick Trail Bars Peanut 6ct,Bars,Fernhollow Market,292.6,4.79,4.79,1401.72,4.79,0,0.0,0,0,0,0,1,0,86,0.742,0,354.1,1.02,-1.6,-2.2,1.38,1.24,1.14,292.6,0.0
2025-02-01,72,BW-201,Bramblewick Trail Bars Peanut 6ct,Bars,Fernhollow Market,559.8,4.79,4.07,2300.97,4.11,1,0.15,0,0,0,0,0,0,87,0.75,0,363.8,1.02,-1.6,-2.2,1.38,1.24,1.14,357.1,202.7
2025-02-08,73,BW-201,Bramblewick Trail Bars Peanut 6ct,Bars,Fernhollow Market,536.7,4.79,4.07,2243.41,4.18,1,0.15,0,0,0,0,0,0,88,0.759,0,373.5,1.02,-1.6,-2.2,1.38,1.24,1.14,357.1,179.6
2025-02-15,74,BW-201,Bramblewick Trail Bars Peanut 6ct,Bars,Fernhollow Market,320.6,4.79,4.79,1535.8,4.79,0,0.0,0,0,0,1,0,1,88,0.759,0,379.0,1.02,-1.6,-2.2,1.38,1.24,1.14,320.6,0.0
2025-02-22,75,BW-201,Bramblewick Trail Bars Peanut 6ct,Bars,Fernhollow Market,317.4,4.79,4.79,1520.26,4.79,0,0.0,0,0,0,1,0,0,88,0.759,0,384.3,1.02,-1.6,-2.2,1.38,1.24,1.14,317.4,0.0
2025-03-01,76,BW-201,Bramblewick Trail Bars Peanut 6ct,Bars,Fernhollow Market,350.0,4.79,4.79,1676.47,4.79,0,0.0,0,0,0,0,0,0,88,0.759,0,389.4,1.02,-1.6,-2.2,1.38,1.24,1.14,350.0,0.0
2025-03-08,77,BW-201,Bramblewick Trail Bars Peanut 6ct,Bars,Fernhollow Market,349.3,4.79,4.79,1673.28,4.79,0,0.0,0,0,0,0,0,0,87,0.75,0,389.7,1.02,-1.6,-2.2,1.38,1.24,1.14,349.3,0.0
2025-03-15,78,BW-201,Bramblewick Trail Bars Peanut 6ct,Bars,Fernhollow Market,379.7,4.99,4.99,1894.46,4.99,0,0.0,0,0,0,0,0,0,91,0.785,0,386.4,1.02,-1.6,-2.2,1.38,1.24,1.14,379.7,0.0
2025-03-22,79,BW-201,Bramblewick Trail Bars Peanut 6ct,Bars,Fernhollow Market,423.5,4.99,4.99,2113.48,4.99,0,0.0,0,0,0,0,0,0,90,0.776,0,386.5,1.02,-1.6,-2.2,1.38,1.24,1.14,423.5,0.0
2025-03-29,80,BW-201,Bramblewick Trail Bars Peanut 6ct,Bars,Fernhollow Market,378.5,4.99,4.99,1888.59,4.99,0,0.0,0,0,0,0,0,0,91,0.785,0,395.3,1.02,-1.6,-2.2,1.38,1.24,1.14,378.5,0.0
2025-04-05,81,BW-201,Bramblewick Trail Bars Peanut 6ct,Bars,Fernhollow Market,352.6,4.99,4.99,1759.52,4.99,0,0.0,0,0,0,0,0,0,91,0.785,0,400.1,1.02,-1.6,-2.2,1.38,1.24,1.14,352.6,0.0
2025-04-12,82,BW-201,Bramblewick Trail Bars Peanut 6ct,Bars,Fernhollow Market,363.6,4.99,4.99,1814.17,4.99,0,0.0,0,0,0,0,0,0,90,0.776,0,400.6,1.02,-1.6,-2.2,1.38,1.24,1.14,363.6,0.0
2025-04-19,83,BW-201,Bramblewick Trail Bars Peanut 6ct,Bars,Fernhollow Market,352.3,4.99,4.99,1757.93,4.99,0,0.0,0,0,0,0,0,0,89,0.767,0,401.6,1.02,-1.6,-2.2,1.38,1.24,1.14,352.3,0.0
2025-04-26,84,BW-201,Bramblewick Trail Bars Peanut 6ct,Bars,Fernhollow Market,343.1,4.99,4.99,1712.05,4.99,0,0.0,0,0,0,0,0,0,90,0.776,0,412.1,1.02,-1.6,-2.2,1.38,1.24,1.14,343.1,0.0
2025-05-03,85,BW-201,Bramblewick Trail Bars Peanut 6ct,Bars,Fernhollow Market,346.8,4.99,4.99,1730.76,4.99,0,0.0,0,0,0,1,0,0,89,0.767,0,414.2,1.02,-1.6,-2.2,1.38,1.24,1.14,346.8,0.0
2025-05-10,86,BW-201,Bramblewick Trail Bars Peanut 6ct,Bars,Fernhollow Market,350.3,4.99,4.99,1747.97,4.99,0,0.0,0,0,0,1,0,0,91,0.785,0,431.0,1.02,-1.6,-2.2,1.38,1.24,1.14,350.3,0.0
2025-05-17,87,BW-201,Bramblewick Trail Bars Peanut 6ct,Bars,Fernhollow Market,414.0,4.99,4.99,2065.7,4.99,0,0.0,0,0,0,0,0,0,90,0.776,0,434.3,1.02,-1.6,-2.2,1.38,1.24,1.14,414.0,0.0
2025-05-24,88,BW-201,Bramblewick Trail Bars Peanut 6ct,Bars,Fernhollow Market,618.4,4.99,4.99,3085.61,4.99,0,0.0,0,0,0,0,0,0,90,0.776,0,509.4,1.02,-1.6,-2.2,1.38,1.24,1.14,618.4,0.0
2025-05-31,89,BW-201,Bramblewick Trail Bars Peanut 6ct,Bars,Fernhollow Market,611.6,4.99,4.99,3051.88,4.99,0,0.0,0,0,0,0,0,0,90,0.776,0,557.5,1.02,-1.6,-2.2,1.38,1.24,1.14,611.6,0.0
2025-06-07,90,BW-201,Bramblewick Trail Bars Peanut 6ct,Bars,Fernhollow Market,475.5,4.99,4.99,2372.94,4.99,0,0.0,0,0,0,1,0,0,91,0.785,0,466.3,1.02,-1.6,-2.2,1.38,1.24,1.14,475.5,0.0
2025-06-14,91,BW-201,Bramblewick Trail Bars Peanut 6ct,Bars,Fernhollow Market,425.5,4.99,4.99,2123.11,4.99,0,0.0,0,0,0,1,0,0,93,0.802,0,485.9,1.02,-1.6,-2.2,1.38,1.24,1.14,425.5,0.0
2025-06-21,92,BW-201,Bramblewick Trail Bars Peanut 6ct,Bars,Fernhollow Market,505.4,4.99,4.99,2521.73,4.99,0,0.0,0,0,0,0,0,0,93,0.802,0,494.8,1.02,-1.6,-2.2,1.38,1.24,1.14,505.4,0.0
2025-06-28,93,BW-201,Bramblewick Trail Bars Peanut 6ct,Bars,Fernhollow Market,588.5,4.99,4.99,2936.42,4.99,0,0.0,0,0,0,0,0,0,94,0.811,0,646.0,1.02,-1.6,-2.2,1.38,1.24,1.14,588.5,0.0
2025-07-05,94,BW-201,Bramblewick Trail Bars Peanut 6ct,Bars,Fernhollow Market,535.9,4.99,4.99,2674.14,4.99,0,0.0,0,0,0,1,0,0,93,0.802,0,741.2,1.02,-1.6,-2.2,1.38,1.24,1.14,535.9,0.0
2025-07-12,95,BW-201,Bramblewick Trail Bars Peanut 6ct,Bars,Fernhollow Market,430.8,4.99,4.99,2149.93,4.99,0,0.0,0,0,0,0,0,0,93,0.802,0,514.3,1.02,-1.6,-2.2,1.38,1.24,1.14,430.8,0.0
2025-07-19,96,BW-201,Bramblewick Trail Bars Peanut 6ct,Bars,Fernhollow Market,443.6,4.99,4.99,2213.35,4.99,0,0.0,0,0,0,1,0,0,95,0.819,0,528.1,1.02,-1.6,-2.2,1.38,1.24,1.14,443.6,0.0
2025-07-26,97,BW-201,Bramblewick Trail Bars Peanut 6ct,Bars,Fernhollow Market,540.4,4.99,4.99,2696.39,4.99,0,0.0,0,0,0,0,0,0,93,0.802,0,517.3,1.02,-1.6,-2.2,1.38,1.24,1.14,540.4,0.0
2025-08-02,98,BW-201,Bramblewick Trail Bars Peanut 6ct,Bars,Fernhollow Market,664.1,4.99,4.99,3313.64,4.99,0,0.0,0,0,0,0,0,0,95,0.819,0,526.0,1.02,-1.6,-2.2,1.38,1.24,1.14,664.1,0.0
2025-08-09,99,BW-201,Bramblewick Trail Bars Peanut 6ct,Bars,Fernhollow Market,512.8,4.99,4.99,2558.9,4.99,0,0.0,0,0,0,0,0,0,95,0.819,0,520.8,1.02,-1.6,-2.2,1.38,1.24,1.14,512.8,0.0
2025-08-16,100,BW-201,Bramblewick Trail Bars Peanut 6ct,Bars,Fernhollow Market,427.4,4.99,4.99,2132.84,4.99,0,0.0,0,0,0,0,0,0,94,0.811,0,507.5,1.02,-1.6,-2.2,1.38,1.24,1.14,427.4,0.0
2025-08-23,101,BW-201,Bramblewick Trail Bars Peanut 6ct,Bars,Fernhollow Market,473.1,4.99,4.99,2360.95,4.99,0,0.0,0,0,0,1,1,0,95,0.819,0,587.5,1.02,-1.6,-2.2,1.38,1.24,1.14,473.1,0.0
2025-08-30,102,BW-201,Bramblewick Trail Bars Peanut 6ct,Bars,Fernhollow Market,1407.9,4.99,3.74,5533.2,3.93,1,0.25,0,1,0,1,0,0,94,0.811,0,567.0,1.02,-1.6,-2.2,1.38,1.24,1.14,493.0,915.0
2025-09-06,103,BW-201,Bramblewick Trail Bars Peanut 6ct,Bars,Fernhollow Market,941.7,4.99,3.74,3644.43,3.87,1,0.25,0,1,0,1,0,0,95,0.819,0,476.3,1.02,-1.6,-2.2,1.38,1.24,1.14,493.0,448.8
2025-09-13,104,BW-201,Bramblewick Trail Bars Peanut 6ct,Bars,Fernhollow Market,370.8,4.99,4.99,1850.08,4.99,0,0.0,0,0,0,1,0,1,99,0.854,0,480.6,1.02,-1.6,-2.2,1.38,1.24,1.14,370.8,0.0
2025-09-20,105,BW-201,Bramblewick Trail Bars Peanut 6ct,Bars,Fernhollow Market,486.5,4.99,4.99,2427.82,4.99,0,0.0,0,0,0,0,0,0,99,0.854,0,464.2,1.02,-1.6,-2.2,1.38,1.24,1.14,486.5,0.0
2025-09-27,106,BW-201,Bramblewick Trail Bars Peanut 6ct,Bars,Fernhollow Market,450.4,4.99,4.99,2247.5,4.99,0,0.0,0,0,0,0,0,0,99,0.854,0,447.8,1.02,-1.6,-2.2,1.38,1.24,1.14,450.4,0.0
2025-10-04,107,BW-201,Bramblewick Trail Bars Peanut 6ct,Bars,Fernhollow Market,440.5,4.99,4.99,2197.93,4.99,0,0.0,0,0,0,0,0,0,97,0.836,0,423.1,1.02,-1.6,-2.2,1.38,1.24,1.14,440.5,0.0
2025-10-11,108,BW-201,Bramblewick Trail Bars Peanut 6ct,Bars,Fernhollow Market,363.2,4.99,4.99,1812.17,4.99,0,0.0,0,0,0,1,0,0,98,0.845,0,412.4,1.02,-1.6,-2.2,1.38,1.24,1.14,363.2,0.0
2025-10-18,109,BW-201,Bramblewick Trail Bars Peanut 6ct,Bars,Fernhollow Market,399.5,4.99,4.99,1993.72,4.99,0,0.0,0,0,0,0,0,0,99,0.854,0,402.7,1.02,-1.6,-2.2,1.38,1.24,1.14,399.5,0.0
2025-10-25,110,BW-201,Bramblewick Trail Bars Peanut 6ct,Bars,Fernhollow Market,440.5,4.99,4.99,2197.87,4.99,0,0.0,0,0,0,0,0,0,97,0.836,0,382.4,1.02,-1.6,-2.2,1.38,1.24,1.14,440.5,0.0
2025-11-01,111,BW-201,Bramblewick Trail Bars Peanut 6ct,Bars,Fernhollow Market,358.7,4.99,4.99,1789.95,4.99,0,0.0,0,0,0,1,0,0,97,0.836,0,371.9,1.02,-1.6,-2.2,1.38,1.24,1.14,358.7,0.0
2025-11-08,112,BW-201,Bramblewick Trail Bars Peanut 6ct,Bars,Fernhollow Market,326.8,4.99,4.99,1630.65,4.99,0,0.0,0,0,0,1,0,0,97,0.836,0,363.1,1.02,-1.6,-2.2,1.38,1.24,1.14,326.8,0.0
2025-11-15,113,BW-201,Bramblewick Trail Bars Peanut 6ct,Bars,Fernhollow Market,379.2,4.99,4.99,1892.0,4.99,0,0.0,0,0,0,0,0,0,98,0.845,0,359.8,1.02,-1.6,-2.2,1.38,1.24,1.14,379.2,0.0
2025-11-22,114,BW-201,Bramblewick Trail Bars Peanut 6ct,Bars,Fernhollow Market,371.3,4.99,4.99,1852.96,4.99,0,0.0,0,0,0,0,0,0,98,0.845,0,375.1,1.02,-1.6,-2.2,1.38,1.24,1.14,371.3,0.0
2025-11-29,115,BW-201,Bramblewick Trail Bars Peanut 6ct,Bars,Fernhollow Market,380.6,4.99,4.99,1899.42,4.99,0,0.0,0,0,0,0,0,0,99,0.854,0,384.4,1.02,-1.6,-2.2,1.38,1.24,1.14,380.6,0.0
2025-12-06,116,BW-201,Bramblewick Trail Bars Peanut 6ct,Bars,Fernhollow Market,317.0,4.99,4.99,1581.91,4.99,0,0.0,0,0,0,1,0,0,97,0.836,0,346.0,1.02,-1.6,-2.2,1.38,1.24,1.14,317.0,0.0
2025-12-13,117,BW-201,Bramblewick Trail Bars Peanut 6ct,Bars,Fernhollow Market,321.6,4.99,4.99,1604.55,4.99,0,0.0,0,0,0,1,1,0,101,0.871,0,373.4,1.02,-1.6,-2.2,1.38,1.24,1.14,321.6,0.0
2025-12-20,118,BW-201,Bramblewick Trail Bars Peanut 6ct,Bars,Fernhollow Market,1886.2,5.29,3.97,7978.59,4.23,1,0.25,1,1,1,1,0,0,103,0.888,0,364.1,1.02,-1.6,-2.2,1.38,1.24,1.14,365.0,1521.2
2025-12-27,119,BW-201,Bramblewick Trail Bars Peanut 6ct,Bars,Fernhollow Market,1326.5,5.29,3.97,5571.38,4.2,1,0.25,1,1,1,0,0,0,102,0.879,0,350.4,1.02,-1.6,-2.2,1.38,1.24,1.14,365.0,961.5
2026-01-03,120,BW-201,Bramblewick Trail Bars Peanut 6ct,Bars,Fernhollow Market,1493.6,5.29,3.97,6318.0,4.23,1,0.25,1,1,1,0,0,0,103,0.888,0,385.3,1.02,-1.6,-2.2,1.38,1.24,1.14,365.0,1128.6
2026-01-10,121,BW-201,Bramblewick Trail Bars Peanut 6ct,Bars,Fernhollow Market,397.2,5.29,5.29,2101.0,5.29,0,0.0,0,0,0,1,0,1,102,0.879,0,386.3,1.02,-1.6,-2.2,1.38,1.24,1.14,397.2,0.0
2026-01-17,122,BW-201,Bramblewick Trail Bars Peanut 6ct,Bars,Fernhollow Market,279.5,5.29,5.29,1478.49,5.29,0,0.0,0,0,0,1,0,0,103,0.888,0,350.9,1.02,-1.6,-2.2,1.38,1.24,1.14,279.5,0.0
2026-01-24,123,BW-201,Bramblewick Trail Bars Peanut 6ct,Bars,Fernhollow Market,353.4,5.29,5.29,1869.53,5.29,0,0.0,0,0,0,0,0,0,101,0.871,0,349.2,1.02,-1.6,-2.2,1.38,1.24,1.14,353.4,0.0
2026-01-31,124,BW-201,Bramblewick Trail Bars Peanut 6ct,Bars,Fernhollow Market,406.1,5.29,5.29,2148.27,5.29,0,0.0,0,0,0,0,0,0,101,0.871,0,354.6,1.02,-1.6,-2.2,1.38,1.24,1.14,406.1,0.0
2026-02-07,125,BW-201,Bramblewick Trail Bars Peanut 6ct,Bars,Fernhollow Market,368.5,5.29,5.29,1949.47,5.29,0,0.0,0,0,0,0,0,0,101,0.871,0,360.0,1.02,-1.6,-2.2,1.38,1.24,1.14,368.5,0.0
2026-02-14,126,BW-201,Bramblewick Trail Bars Peanut 6ct,Bars,Fernhollow Market,363.9,5.29,5.29,1925.0,5.29,0,0.0,0,0,0,0,0,0,101,0.871,0,365.3,1.02,-1.6,-2.2,1.38,1.24,1.14,363.9,0.0
2026-02-21,127,BW-201,Bramblewick Trail Bars Peanut 6ct,Bars,Fernhollow Market,345.7,5.29,5.29,1828.74,5.29,0,0.0,0,0,0,0,0,0,103,0.888,0,377.7,1.02,-1.6,-2.2,1.38,1.24,1.14,345.7,0.0
2026-02-28,128,BW-201,Bramblewick Trail Bars Peanut 6ct,Bars,Fernhollow Market,334.5,5.29,5.29,1769.46,5.29,0,0.0,0,0,0,1,0,0,102,0.879,0,379.0,1.02,-1.6,-2.2,1.38,1.24,1.14,334.5,0.0
2026-03-07,129,BW-201,Bramblewick Trail Bars Peanut 6ct,Bars,Fernhollow Market,356.0,5.29,5.29,1883.12,5.29,0,0.0,0,0,0,0,0,0,102,0.879,0,383.7,1.02,-1.6,-2.2,1.38,1.24,1.14,356.0,0.0
2026-03-14,130,BW-201,Bramblewick Trail Bars Peanut 6ct,Bars,Fernhollow Market,456.1,5.29,5.29,2412.78,5.29,0,0.0,0,0,0,0,0,0,107,0.923,0,407.3,1.02,-1.6,-2.2,1.38,1.24,1.14,456.1,0.0
2026-03-21,131,BW-201,Bramblewick Trail Bars Peanut 6ct,Bars,Fernhollow Market,438.3,5.29,5.29,2318.4,5.29,0,0.0,0,0,0,0,0,0,107,0.923,0,412.0,1.02,-1.6,-2.2,1.38,1.24,1.14,438.3,0.0
2026-03-28,132,BW-201,Bramblewick Trail Bars Peanut 6ct,Bars,Fernhollow Market,397.0,5.29,5.29,2099.99,5.29,0,0.0,0,0,0,0,0,0,105,0.905,0,408.9,1.02,-1.6,-2.2,1.38,1.24,1.14,397.0,0.0
2026-04-04,133,BW-201,Bramblewick Trail Bars Peanut 6ct,Bars,Fernhollow Market,469.0,5.29,5.29,2480.8,5.29,0,0.0,0,0,0,0,0,0,105,0.905,0,413.8,1.02,-1.6,-2.2,1.38,1.24,1.14,469.0,0.0
2026-04-11,134,BW-201,Bramblewick Trail Bars Peanut 6ct,Bars,Fernhollow Market,376.3,5.29,5.29,1990.43,5.29,0,0.0,0,0,0,0,0,0,105,0.905,0,419.0,1.02,-1.6,-2.2,1.38,1.24,1.14,376.3,0.0
2026-04-18,135,BW-201,Bramblewick Trail Bars Peanut 6ct,Bars,Fernhollow Market,341.3,5.29,5.29,1805.3,5.29,0,0.0,0,0,0,1,0,0,105,0.905,0,424.7,1.02,-1.6,-2.2,1.38,1.24,1.14,341.3,0.0
2026-04-25,136,BW-201,Bramblewick Trail Bars Peanut 6ct,Bars,Fernhollow Market,415.3,5.29,5.29,2197.01,5.29,0,0.0,0,0,0,1,0,0,106,0.914,0,435.1,1.02,-1.6,-2.2,1.38,1.24,1.14,415.3,0.0
2026-05-02,137,BW-201,Bramblewick Trail Bars Peanut 6ct,Bars,Fernhollow Market,456.3,5.29,5.29,2413.65,5.29,0,0.0,0,0,0,0,0,0,106,0.914,0,442.2,1.02,-1.6,-2.2,1.38,1.24,1.14,456.3,0.0
2026-05-09,138,BW-201,Bramblewick Trail Bars Peanut 6ct,Bars,Fernhollow Market,386.4,5.29,5.29,2043.84,5.29,0,0.0,0,0,0,0,1,0,107,0.923,0,454.3,1.02,-1.6,-2.2,1.38,1.24,1.14,386.4,0.0
2026-05-16,139,BW-201,Bramblewick Trail Bars Peanut 6ct,Bars,Fernhollow Market,1347.2,5.29,3.97,5658.29,4.2,1,0.25,1,1,0,0,0,0,107,0.923,0,462.8,1.02,-1.6,-2.2,1.38,1.24,1.14,406.2,941.0
2026-05-23,140,BW-201,Bramblewick Trail Bars Peanut 6ct,Bars,Fernhollow Market,1679.3,5.29,3.97,7170.63,4.27,1,0.25,1,1,0,0,0,0,106,0.914,0,537.9,1.02,-1.6,-2.2,1.38,1.24,1.14,406.2,1273.2
2026-05-30,141,BW-201,Bramblewick Trail Bars Peanut 6ct,Bars,Fernhollow Market,1737.7,5.29,3.97,7368.04,4.24,1,0.25,1,1,0,0,0,0,106,0.914,0,588.6,1.02,-1.6,-2.2,1.38,1.24,1.14,406.2,1331.6
2026-06-06,142,BW-201,Bramblewick Trail Bars Peanut 6ct,Bars,Fernhollow Market,459.1,5.29,5.29,2428.6,5.29,0,0.0,0,0,0,0,0,1,105,0.905,0,482.3,1.02,-1.6,-2.2,1.38,1.24,1.14,459.1,0.0
2026-06-13,143,BW-201,Bramblewick Trail Bars Peanut 6ct,Bars,Fernhollow Market,514.4,5.29,5.29,2720.97,5.29,0,0.0,0,0,0,0,0,0,111,0.957,0,519.9,1.02,-1.6,-2.2,1.38,1.24,1.14,514.4,0.0
2026-06-20,144,BW-201,Bramblewick Trail Bars Peanut 6ct,Bars,Fernhollow Market,558.3,5.29,5.29,2953.64,5.29,0,0.0,0,0,0,0,0,0,111,0.957,0,529.4,1.02,-1.6,-2.2,1.38,1.24,1.14,558.3,0.0
2026-06-27,145,BW-201,Bramblewick Trail Bars Peanut 6ct,Bars,Fernhollow Market,587.4,5.29,5.29,3107.12,5.29,0,0.0,0,0,0,1,0,0,109,0.94,0,671.6,1.02,-1.6,-2.2,1.38,1.24,1.14,587.4,0.0
2026-07-04,146,BW-201,Bramblewick Trail Bars Peanut 6ct,Bars,Fernhollow Market,725.5,5.29,5.29,3838.09,5.29,0,0.0,0,0,0,1,0,0,111,0.957,0,793.1,1.02,-1.6,-2.2,1.38,1.24,1.14,725.5,0.0
2026-07-11,147,BW-201,Bramblewick Trail Bars Peanut 6ct,Bars,Fernhollow Market,458.6,5.29,5.29,2425.82,5.29,0,0.0,0,0,0,1,0,0,110,0.948,0,545.3,1.02,-1.6,-2.2,1.38,1.24,1.14,458.6,0.0
2026-07-18,148,BW-201,Bramblewick Trail Bars Peanut 6ct,Bars,Fernhollow Market,487.3,5.29,5.29,2578.0,5.29,0,0.0,0,0,0,1,1,0,111,0.957,0,553.2,1.02,-1.6,-2.2,1.38,1.24,1.14,487.3,0.0
2026-07-25,149,BW-201,Bramblewick Trail Bars Peanut 6ct,Bars,Fernhollow Market,732.7,5.29,4.76,3582.8,4.89,1,0.1,0,0,0,0,0,0,111,0.957,0,553.5,1.02,-1.6,-2.2,1.38,1.24,1.14,500.8,231.8
2026-08-01,150,BW-201,Bramblewick Trail Bars Peanut 6ct,Bars,Fernhollow Market,751.5,5.29,4.76,3629.77,4.83,1,0.1,0,0,0,0,0,0,109,0.94,0,541.0,1.02,-1.6,-2.2,1.38,1.24,1.14,500.8,250.6
2026-08-08,151,BW-201,Bramblewick Trail Bars Peanut 6ct,Bars,Fernhollow Market,522.0,5.29,5.29,2761.62,5.29,0,0.0,0,0,0,0,0,1,110,0.948,0,540.6,1.02,-1.6,-2.2,1.38,1.24,1.14,522.0,0.0
2026-08-15,152,BW-201,Bramblewick Trail Bars Peanut 6ct,Bars,Fernhollow Market,506.3,5.29,5.29,2678.15,5.29,0,0.0,0,0,0,0,0,0,109,0.94,0,527.6,1.02,-1.6,-2.2,1.38,1.24,1.14,506.3,0.0
2026-08-22,153,BW-201,Bramblewick Trail Bars Peanut 6ct,Bars,Fernhollow Market,600.4,5.29,5.29,3176.27,5.29,0,0.0,0,0,0,0,0,0,109,0.94,0,604.3,1.02,-1.6,-2.2,1.38,1.24,1.14,600.4,0.0
2026-08-29,154,BW-201,Bramblewick Trail Bars Peanut 6ct,Bars,Fernhollow Market,683.7,5.29,5.29,3616.55,5.29,0,0.0,0,0,0,0,0,0,110,0.948,0,594.8,1.02,-1.6,-2.2,1.38,1.24,1.14,683.7,0.0
2026-09-05,155,BW-201,Bramblewick Trail Bars Peanut 6ct,Bars,Fernhollow Market,480.9,5.29,5.29,2544.1,5.29,0,0.0,0,0,0,0,0,0,110,0.948,0,494.4,1.02,-1.6,-2.2,1.38,1.24,1.14,480.9,0.0
2023-09-16,0,BW-201,Bramblewick Trail Bars Peanut 6ct,Bars,Granite Peak Grocers,483.3,3.99,3.99,1928.45,3.99,0,0.0,0,0,0,0,0,0,57,0.578,0,439.2,1.02,-1.6,-2.2,1.38,1.24,1.14,483.3,0.0
2023-09-23,1,BW-201,Bramblewick Trail Bars Peanut 6ct,Bars,Granite Peak Grocers,410.6,3.99,3.99,1638.22,3.99,0,0.0,0,0,0,0,0,0,58,0.588,0,369.3,1.02,-1.6,-2.2,1.38,1.24,1.14,410.6,0.0
2023-09-30,2,BW-201,Bramblewick Trail Bars Peanut 6ct,Bars,Granite Peak Grocers,389.9,3.99,3.99,1555.69,3.99,0,0.0,0,0,0,0,0,0,57,0.578,0,350.0,1.02,-1.6,-2.2,1.38,1.24,1.14,389.9,0.0
2023-10-07,3,BW-201,Bramblewick Trail Bars Peanut 6ct,Bars,Granite Peak Grocers,367.4,3.99,3.99,1465.97,3.99,0,0.0,0,0,0,0,0,0,57,0.578,0,337.4,1.02,-1.6,-2.2,1.38,1.24,1.14,367.4,0.0
2023-10-14,4,BW-201,Bramblewick Trail Bars Peanut 6ct,Bars,Granite Peak Grocers,345.4,3.99,3.99,1378.33,3.99,0,0.0,0,0,0,0,0,0,57,0.578,0,325.5,1.02,-1.6,-2.2,1.38,1.24,1.14,345.4,0.0
2023-10-21,5,BW-201,Bramblewick Trail Bars Peanut 6ct,Bars,Granite Peak Grocers,259.4,3.99,3.99,1035.08,3.99,0,0.0,0,0,0,1,0,0,56,0.568,0,309.0,1.02,-1.6,-2.2,1.38,1.24,1.14,259.4,0.0
2023-10-28,6,BW-201,Bramblewick Trail Bars Peanut 6ct,Bars,Granite Peak Grocers,84.9,3.99,3.99,338.55,3.99,0,0.0,0,0,0,1,0,0,58,0.588,1,310.1,1.02,-1.6,-2.2,1.38,1.24,1.14,84.9,0.0
2023-11-04,7,BW-201,Bramblewick Trail Bars Peanut 6ct,Bars,Granite Peak Grocers,306.1,3.99,3.99,1221.19,3.99,0,0.0,0,0,0,0,0,0,57,0.578,0,296.3,1.02,-1.6,-2.2,1.38,1.24,1.14,306.1,0.0
2023-11-11,8,BW-201,Bramblewick Trail Bars Peanut 6ct,Bars,Granite Peak Grocers,212.5,3.99,3.99,848.06,3.99,0,0.0,0,0,0,1,0,0,58,0.588,0,294.3,1.02,-1.6,-2.2,1.38,1.24,1.14,212.5,0.0
2023-11-18,9,BW-201,Bramblewick Trail Bars Peanut 6ct,Bars,Granite Peak Grocers,266.7,3.99,3.99,1064.07,3.99,0,0.0,0,0,0,1,0,0,56,0.568,0,294.7,1.02,-1.6,-2.2,1.38,1.24,1.14,266.7,0.0
2023-11-25,10,BW-201,Bramblewick Trail Bars Peanut 6ct,Bars,Granite Peak Grocers,245.1,3.99,3.99,977.93,3.99,0,0.0,0,0,0,0,0,0,57,0.578,0,302.7,1.02,-1.6,-2.2,1.38,1.24,1.14,245.1,0.0
2023-12-02,11,BW-201,Bramblewick Trail Bars Peanut 6ct,Bars,Granite Peak Grocers,343.6,3.99,3.99,1370.92,3.99,0,0.0,0,0,0,0,0,0,58,0.588,0,281.6,1.02,-1.6,-2.2,1.38,1.24,1.14,343.6,0.0
2023-12-09,12,BW-201,Bramblewick Trail Bars Peanut 6ct,Bars,Granite Peak Grocers,289.9,3.99,3.99,1156.86,3.99,0,0.0,0,0,0,0,0,0,56,0.568,0,270.5,1.02,-1.6,-2.2,1.38,1.24,1.14,289.9,0.0
2023-12-16,13,BW-201,Bramblewick Trail Bars Peanut 6ct,Bars,Granite Peak Grocers,269.8,3.99,3.99,1076.31,3.99,0,0.0,0,0,0,0,1,0,60,0.608,0,300.3,1.02,-1.6,-2.2,1.38,1.24,1.14,269.8,0.0
2023-12-23,14,BW-201,Bramblewick Trail Bars Peanut 6ct,Bars,Granite Peak Grocers,1163.4,3.99,2.79,3455.24,2.97,1,0.3,1,1,0,1,0,0,59,0.598,0,310.0,1.02,-1.6,-2.2,1.38,1.24,1.14,268.2,895.2
2023-12-30,15,BW-201,Bramblewick Trail Bars Peanut 6ct,Bars,Granite Peak Grocers,1093.1,3.99,2.79,3377.7,3.09,1,0.3,1,1,0,0,0,0,61,0.618,0,311.3,1.02,-1.6,-2.2,1.38,1.24,1.14,268.2,824.8
2024-01-06,16,BW-201,Bramblewick Trail Bars Peanut 6ct,Bars,Granite Peak Grocers,328.1,3.99,3.99,1309.19,3.99,0,0.0,0,0,0,1,0,1,61,0.618,0,338.9,1.02,-1.6,-2.2,1.38,1.24,1.14,328.1,0.0
2024-01-13,17,BW-201,Bramblewick Trail Bars Peanut 6ct,Bars,Granite Peak Grocers,335.4,3.99,3.99,1338.15,3.99,0,0.0,0,0,0,1,0,0,60,0.608,0,337.5,1.02,-1.6,-2.2,1.38,1.24,1.14,335.4,0.0
2024-01-20,18,BW-201,Bramblewick Trail Bars Peanut 6ct,Bars,Granite Peak Grocers,294.9,3.99,3.99,1176.6,3.99,0,0.0,0,0,0,0,1,0,60,0.608,0,303.4,1.02,-1.6,-2.2,1.38,1.24,1.14,294.9,0.0
2024-01-27,19,BW-201,Bramblewick Trail Bars Peanut 6ct,Bars,Granite Peak Grocers,1060.6,3.99,2.99,3287.88,3.1,1,0.25,1,1,1,0,0,0,60,0.608,0,307.9,1.02,-1.6,-2.2,1.38,1.24,1.14,292.4,768.2
2024-02-03,20,BW-201,Bramblewick Trail Bars Peanut 6ct,Bars,Granite Peak Grocers,1272.5,3.99,2.99,4122.77,3.24,1,0.25,1,1,1,0,0,0,61,0.618,0,317.8,1.02,-1.6,-2.2,1.38,1.24,1.14,292.4,980.1
2024-02-10,21,BW-201,Bramblewick Trail Bars Peanut 6ct,Bars,Granite Peak Grocers,304.4,3.99,3.99,1214.62,3.99,0,0.0,0,0,0,0,0,1,60,0.608,0,317.2,1.02,-1.6,-2.2,1.38,1.24,1.14,304.4,0.0
2024-02-17,22,BW-201,Bramblewick Trail Bars Peanut 6ct,Bars,Granite Peak Grocers,303.3,3.99,3.99,1210.13,3.99,0,0.0,0,0,0,0,1,0,59,0.598,0,316.4,1.02,-1.6,-2.2,1.38,1.24,1.14,303.3,0.0
2024-02-24,23,BW-201,Bramblewick Trail Bars Peanut 6ct,Bars,Granite Peak Grocers,619.0,3.99,3.19,2011.63,3.25,1,0.2,0,1,0,1,0,0,60,0.608,0,326.2,1.02,-1.6,-2.2,1.38,1.24,1.14,303.8,315.2
2024-03-02,24,BW-201,Bramblewick Trail Bars Peanut 6ct,Bars,Granite Peak Grocers,553.5,3.99,3.19,1815.34,3.28,1,0.2,0,1,0,0,0,0,61,0.618,0,335.9,1.02,-1.6,-2.2,1.38,1.24,1.14,303.8,249.6
2024-03-09,25,BW-201,Bramblewick Trail Bars Peanut 6ct,Bars,Granite Peak Grocers,269.4,3.99,3.99,1074.76,3.99,0,0.0,0,0,0,0,0,1,60,0.608,0,334.5,1.02,-1.6,-2.2,1.38,1.24,1.14,269.4,0.0
2024-03-16,26,BW-201,Bramblewick Trail Bars Peanut 6ct,Bars,Granite Peak Grocers,329.4,3.99,3.99,1314.28,3.99,0,0.0,0,0,0,0,0,0,63,0.639,0,355.3,1.02,-1.6,-2.2,1.38,1.24,1.14,329.4,0.0
2024-03-23,27,BW-201,Bramblewick Trail Bars Peanut 6ct,Bars,Granite Peak Grocers,302.2,3.99,3.99,1205.66,3.99,0,0.0,0,0,0,0,0,0,63,0.639,0,359.3,1.02,-1.6,-2.2,1.38,1.24,1.14,302.2,0.0
2024-03-30,28,BW-201,Bramblewick Trail Bars Peanut 6ct,Bars,Granite Peak Grocers,293.1,4.29,4.29,1257.27,4.29,0,0.0,0,0,0,0,0,0,63,0.639,0,323.6,1.02,-1.6,-2.2,1.38,1.24,1.14,293.1,0.0
2024-04-06,29,BW-201,Bramblewick Trail Bars Peanut 6ct,Bars,Granite Peak Grocers,404.0,4.29,4.29,1733.01,4.29,0,0.0,0,0,0,0,0,0,64,0.649,0,332.5,1.02,-1.6,-2.2,1.38,1.24,1.14,404.0,0.0
2024-04-13,30,BW-201,Bramblewick Trail Bars Peanut 6ct,Bars,Granite Peak Grocers,338.5,4.29,4.29,1452.34,4.29,0,0.0,0,0,0,0,0,0,64,0.649,0,336.6,1.02,-1.6,-2.2,1.38,1.24,1.14,338.5,0.0
2024-04-20,31,BW-201,Bramblewick Trail Bars Peanut 6ct,Bars,Granite Peak Grocers,314.3,4.29,4.29,1348.51,4.29,0,0.0,0,0,0,1,0,0,62,0.628,0,330.5,1.02,-1.6,-2.2,1.38,1.24,1.14,314.3,0.0
2024-04-27,32,BW-201,Bramblewick Trail Bars Peanut 6ct,Bars,Granite Peak Grocers,320.6,4.29,4.29,1375.21,4.29,0,0.0,0,0,0,0,0,0,63,0.639,0,340.7,1.02,-1.6,-2.2,1.38,1.24,1.14,320.6,0.0
2024-05-04,33,BW-201,Bramblewick Trail Bars Peanut 6ct,Bars,Granite Peak Grocers,394.6,4.29,4.29,1692.87,4.29,0,0.0,0,0,0,0,0,0,62,0.628,0,340.7,1.02,-1.6,-2.2,1.38,1.24,1.14,394.6,0.0
2024-05-11,34,BW-201,Bramblewick Trail Bars Peanut 6ct,Bars,Granite Peak Grocers,363.7,4.29,4.29,1560.44,4.29,0,0.0,0,0,0,0,0,0,64,0.649,0,357.8,1.02,-1.6,-2.2,1.38,1.24,1.14,363.7,0.0
2024-05-18,35,BW-201,Bramblewick Trail Bars Peanut 6ct,Bars,Granite Peak Grocers,387.2,4.29,4.29,1661.04,4.29,0,0.0,0,0,0,1,1,0,64,0.649,0,419.2,1.02,-1.6,-2.2,1.38,1.24,1.14,387.2,0.0
2024-05-25,36,BW-201,Bramblewick Trail Bars Peanut 6ct,Bars,Granite Peak Grocers,2221.8,4.29,3.0,6798.74,3.06,1,0.3,1,1,1,1,0,0,62,0.628,0,444.1,1.02,-1.6,-2.2,1.38,1.24,1.14,351.1,1870.7
2024-06-01,37,BW-201,Bramblewick Trail Bars Peanut 6ct,Bars,Granite Peak Grocers,1704.9,4.29,3.0,5643.3,3.31,1,0.3,1,1,1,0,0,0,63,0.639,0,373.1,1.02,-1.6,-2.2,1.38,1.24,1.14,351.1,1353.8
2024-06-08,38,BW-201,Bramblewick Trail Bars Peanut 6ct,Bars,Granite Peak Grocers,2100.8,4.29,3.0,6953.73,3.31,1,0.3,1,1,1,0,0,0,62,0.628,0,374.6,1.02,-1.6,-2.2,1.38,1.24,1.14,351.1,1749.7
2024-06-15,39,BW-201,Bramblewick Trail Bars Peanut 6ct,Bars,Granite Peak Grocers,348.4,4.29,4.29,1494.64,4.29,0,0.0,0,0,0,0,0,1,67,0.679,0,412.7,1.02,-1.6,-2.2,1.38,1.24,1.14,348.4,0.0
2024-06-22,40,BW-201,Bramblewick Trail Bars Peanut 6ct,Bars,Granite Peak Grocers,406.8,4.29,4.29,1745.04,4.29,0,0.0,0,0,0,0,0,0,67,0.679,0,420.2,1.02,-1.6,-2.2,1.38,1.24,1.14,406.8,0.0
2024-06-29,41,BW-201,Bramblewick Trail Bars Peanut 6ct,Bars,Granite Peak Grocers,582.8,4.29,4.29,2500.38,4.29,0,0.0,0,0,0,0,0,0,68,0.689,0,550.7,1.02,-1.6,-2.2,1.38,1.24,1.14,582.8,0.0
2024-07-06,42,BW-201,Bramblewick Trail Bars Peanut 6ct,Bars,Granite Peak Grocers,558.0,4.29,4.29,2393.88,4.29,0,0.0,0,0,0,1,0,0,68,0.689,0,638.5,1.02,-1.6,-2.2,1.38,1.24,1.14,558.0,0.0
2024-07-13,43,BW-201,Bramblewick Trail Bars Peanut 6ct,Bars,Granite Peak Grocers,466.8,4.29,4.29,2002.61,4.29,0,0.0,0,0,0,0,0,0,68,0.689,0,442.9,1.02,-1.6,-2.2,1.38,1.24,1.14,466.8,0.0
2024-07-20,44,BW-201,Bramblewick Trail Bars Peanut 6ct,Bars,Granite Peak Grocers,541.9,4.29,4.29,2324.92,4.29,0,0.0,0,0,0,0,1,0,68,0.689,0,445.1,1.02,-1.6,-2.2,1.38,1.24,1.14,541.9,0.0
2024-07-27,45,BW-201,Bramblewick Trail Bars Peanut 6ct,Bars,Granite Peak Grocers,603.2,4.29,3.65,2261.83,3.75,1,0.15,0,0,0,0,0,0,67,0.679,0,438.7,1.02,-1.6,-2.2,1.38,1.24,1.14,436.8,166.4
2024-08-03,46,BW-201,Bramblewick Trail Bars Peanut 6ct,Bars,Granite Peak Grocers,419.5,4.29,4.29,1799.56,4.29,0,0.0,0,0,0,0,0,1,67,0.679,0,436.6,1.02,-1.6,-2.2,1.38,1.24,1.14,419.5,0.0
2024-08-10,47,BW-201,Bramblewick Trail Bars Peanut 6ct,Bars,Granite Peak Grocers,360.7,4.29,4.29,1547.38,4.29,0,0.0,0,0,0,1,0,0,67,0.679,0,432.2,1.02,-1.6,-2.2,1.38,1.24,1.14,360.7,0.0
2024-08-17,48,BW-201,Bramblewick Trail Bars Peanut 6ct,Bars,Granite Peak Grocers,380.8,4.29,4.29,1633.44,4.29,0,0.0,0,0,0,0,1,0,68,0.689,0,431.9,1.02,-1.6,-2.2,1.38,1.24,1.14,380.8,0.0
2024-08-24,49,BW-201,Bramblewick Trail Bars Peanut 6ct,Bars,Granite Peak Grocers,774.3,4.29,3.43,2741.18,3.54,1,0.2,0,1,0,0,0,0,68,0.689,0,494.5,1.02,-1.6,-2.2,1.38,1.24,1.14,443.2,331.2
2024-08-31,50,BW-201,Bramblewick Trail Bars Peanut 6ct,Bars,Granite Peak Grocers,1048.6,4.29,3.43,3733.02,3.56,1,0.2,0,1,0,1,0,0,68,0.689,0,482.3,1.02,-1.6,-2.2,1.38,1.24,1.14,443.2,605.4
2024-09-07,51,BW-201,Bramblewick Trail Bars Peanut 6ct,Bars,Granite Peak Grocers,421.9,4.29,4.29,1810.02,4.29,0,0.0,0,0,0,0,0,1,66,0.669,0,388.9,1.02,-1.6,-2.2,1.38,1.24,1.14,421.9,0.0
2024-09-14,52,BW-201,Bramblewick Trail Bars Peanut 6ct,Bars,Granite Peak Grocers,407.9,4.29,4.29,1749.68,4.29,0,0.0,0,0,0,0,0,0,71,0.72,0,405.0,1.02,-1.6,-2.2,1.38,1.24,1.14,407.9,0.0
2024-09-21,53,BW-201,Bramblewick Trail Bars Peanut 6ct,Bars,Granite Peak Grocers,447.0,4.29,4.29,1917.8,4.29,0,0.0,0,0,0,0,0,0,71,0.72,0,391.1,1.02,-1.6,-2.2,1.38,1.24,1.14,447.0,0.0
2024-09-28,54,BW-201,Bramblewick Trail Bars Peanut 6ct,Bars,Granite Peak Grocers,314.7,4.29,4.29,1350.06,4.29,0,0.0,0,0,0,0,1,0,71,0.72,0,377.2,1.02,-1.6,-2.2,1.38,1.24,1.14,314.7,0.0
2024-10-05,55,BW-201,Bramblewick Trail Bars Peanut 6ct,Bars,Granite Peak Grocers,448.9,4.29,3.86,1768.83,3.94,1,0.1,0,0,0,0,0,0,71,0.72,0,363.6,1.02,-1.6,-2.2,1.38,1.24,1.14,413.7,35.2
2024-10-12,56,BW-201,Bramblewick Trail Bars Peanut 6ct,Bars,Granite Peak Grocers,317.4,4.29,4.29,1361.59,4.29,0,0.0,0,0,0,0,0,1,70,0.71,0,345.9,1.02,-1.6,-2.2,1.38,1.24,1.14,317.4,0.0
2024-10-19,57,BW-201,Bramblewick Trail Bars Peanut 6ct,Bars,Granite Peak Grocers,319.3,4.29,4.29,1369.82,4.29,0,0.0,0,0,0,1,0,0,70,0.71,0,334.2,1.02,-1.6,-2.2,1.38,1.24,1.14,319.3,0.0
2024-10-26,58,BW-201,Bramblewick Trail Bars Peanut 6ct,Bars,Granite Peak Grocers,279.7,4.29,4.29,1199.83,4.29,0,0.0,0,0,0,1,1,0,71,0.72,0,328.5,1.02,-1.6,-2.2,1.38,1.24,1.14,279.7,0.0
2024-11-02,59,BW-201,Bramblewick Trail Bars Peanut 6ct,Bars,Granite Peak Grocers,429.2,4.29,3.86,1665.17,3.88,1,0.1,0,0,0,0,0,0,70,0.71,0,314.8,1.02,-1.6,-2.2,1.38,1.24,1.14,350.0,79.1
2024-11-09,60,BW-201,Bramblewick Trail Bars Peanut 6ct,Bars,Granite Peak Grocers,483.3,4.29,3.86,1908.98,3.95,1,0.1,0,0,0,0,0,0,71,0.72,0,311.7,1.02,-1.6,-2.2,1.38,1.24,1.14,350.0,133.2
2024-11-16,61,BW-201,Bramblewick Trail Bars Peanut 6ct,Bars,Granite Peak Grocers,249.3,4.29,4.29,1069.66,4.29,0,0.0,0,0,0,0,0,1,70,0.71,0,301.4,1.02,-1.6,-2.2,1.38,1.24,1.14,249.3,0.0
2024-11-23,62,BW-201,Bramblewick Trail Bars Peanut 6ct,Bars,Granite Peak Grocers,306.5,4.29,4.29,1314.85,4.29,0,0.0,0,0,0,0,0,0,69,0.699,0,309.6,1.02,-1.6,-2.2,1.38,1.24,1.14,306.5,0.0
2024-11-30,63,BW-201,Bramblewick Trail Bars Peanut 6ct,Bars,Granite Peak Grocers,328.4,4.29,4.29,1408.66,4.29,0,0.0,0,0,0,0,0,0,69,0.699,0,314.0,1.02,-1.6,-2.2,1.38,1.24,1.14,328.4,0.0
2024-12-07,64,BW-201,Bramblewick Trail Bars Peanut 6ct,Bars,Granite Peak Grocers,243.6,4.29,4.29,1044.91,4.29,0,0.0,0,0,0,1,0,0,71,0.72,0,296.8,1.02,-1.6,-2.2,1.38,1.24,1.14,243.6,0.0
2024-12-14,65,BW-201,Bramblewick Trail Bars Peanut 6ct,Bars,Granite Peak Grocers,298.1,4.29,4.29,1278.69,4.29,0,0.0,0,0,0,1,0,0,75,0.76,0,324.8,1.02,-1.6,-2.2,1.38,1.24,1.14,298.1,0.0
2024-12-21,66,BW-201,Bramblewick Trail Bars Peanut 6ct,Bars,Granite Peak Grocers,267.7,4.29,4.29,1148.57,4.29,0,0.0,0,0,0,0,1,0,74,0.75,0,336.4,1.02,-1.6,-2.2,1.38,1.24,1.14,267.7,0.0
2024-12-28,67,BW-201,Bramblewick Trail Bars Peanut 6ct,Bars,Granite Peak Grocers,1031.1,4.29,3.22,3433.66,3.33,1,0.25,1,1,1,0,0,0,73,0.74,0,322.4,1.02,-1.6,-2.2,1.38,1.24,1.14,288.9,742.2
2025-01-04,68,BW-201,Bramblewick Trail Bars Peanut 6ct,Bars,Granite Peak Grocers,283.6,4.29,4.29,1216.51,4.29,0,0.0,0,0,0,1,0,1,74,0.75,0,355.8,1.02,-1.6,-2.2,1.38,1.24,1.14,283.6,0.0
2025-01-11,69,BW-201,Bramblewick Trail Bars Peanut 6ct,Bars,Granite Peak Grocers,264.6,4.29,4.29,1135.11,4.29,0,0.0,0,0,0,1,0,0,75,0.76,0,365.0,1.02,-1.6,-2.2,1.38,1.24,1.14,264.6,0.0
2025-01-18,70,BW-201,Bramblewick Trail Bars Peanut 6ct,Bars,Granite Peak Grocers,403.8,4.29,4.29,1732.38,4.29,0,0.0,0,0,0,0,0,0,73,0.74,0,319.5,1.02,-1.6,-2.2,1.38,1.24,1.14,403.8,0.0
2025-01-25,71,BW-201,Bramblewick Trail Bars Peanut 6ct,Bars,Granite Peak Grocers,402.4,4.29,4.29,1726.5,4.29,0,0.0,0,0,0,0,0,0,74,0.75,0,328.6,1.02,-1.6,-2.2,1.38,1.24,1.14,402.4,0.0
2025-02-01,72,BW-201,Bramblewick Trail Bars Peanut 6ct,Bars,Granite Peak Grocers,331.9,4.29,4.29,1423.85,4.29,0,0.0,0,0,0,1,0,0,73,0.74,0,329.0,1.02,-1.6,-2.2,1.38,1.24,1.14,331.9,0.0
2025-02-08,73,BW-201,Bramblewick Trail Bars Peanut 6ct,Bars,Granite Peak Grocers,376.0,4.29,4.29,1613.08,4.29,0,0.0,0,0,0,0,0,0,75,0.76,0,343.1,1.02,-1.6,-2.2,1.38,1.24,1.14,376.0,0.0
2025-02-15,74,BW-201,Bramblewick Trail Bars Peanut 6ct,Bars,Granite Peak Grocers,374.2,4.29,4.29,1605.3,4.29,0,0.0,0,0,0,0,0,0,73,0.74,0,338.8,1.02,-1.6,-2.2,1.38,1.24,1.14,374.2,0.0
2025-02-22,75,BW-201,Bramblewick Trail Bars Peanut 6ct,Bars,Granite Peak Grocers,334.1,4.29,4.29,1433.26,4.29,0,0.0,0,0,0,0,0,0,73,0.74,0,343.4,1.02,-1.6,-2.2,1.38,1.24,1.14,334.1,0.0
2025-03-01,76,BW-201,Bramblewick Trail Bars Peanut 6ct,Bars,Granite Peak Grocers,344.4,4.29,4.29,1477.5,4.29,0,0.0,0,0,0,0,0,0,74,0.75,0,352.6,1.02,-1.6,-2.2,1.38,1.24,1.14,344.4,0.0
2025-03-08,77,BW-201,Bramblewick Trail Bars Peanut 6ct,Bars,Granite Peak Grocers,282.8,4.29,4.29,1213.09,4.29,0,0.0,0,0,0,0,0,0,73,0.74,0,352.1,1.02,-1.6,-2.2,1.38,1.24,1.14,282.8,0.0
2025-03-15,78,BW-201,Bramblewick Trail Bars Peanut 6ct,Bars,Granite Peak Grocers,410.4,4.29,4.29,1760.69,4.29,0,0.0,0,0,0,0,0,0,76,0.77,0,370.9,1.02,-1.6,-2.2,1.38,1.24,1.14,410.4,0.0
2025-03-22,79,BW-201,Bramblewick Trail Bars Peanut 6ct,Bars,Granite Peak Grocers,377.6,4.29,4.29,1619.86,4.29,0,0.0,0,0,0,0,0,0,78,0.791,0,384.9,1.02,-1.6,-2.2,1.38,1.24,1.14,377.6,0.0
2025-03-29,80,BW-201,Bramblewick Trail Bars Peanut 6ct,Bars,Granite Peak Grocers,298.3,4.29,4.29,1279.67,4.29,0,0.0,0,0,0,0,1,0,77,0.781,0,384.3,1.02,-1.6,-2.2,1.38,1.24,1.14,298.3,0.0
2025-04-05,81,BW-201,Bramblewick Trail Bars Peanut 6ct,Bars,Granite Peak Grocers,495.0,4.29,3.65,1831.33,3.7,1,0.15,0,0,0,0,0,0,77,0.781,0,388.8,1.02,-1.6,-2.2,1.38,1.24,1.14,359.3,135.7
2025-04-12,82,BW-201,Bramblewick Trail Bars Peanut 6ct,Bars,Granite Peak Grocers,391.7,4.29,4.29,1680.19,4.29,0,0.0,0,0,0,0,0,1,78,0.791,0,398.7,1.02,-1.6,-2.2,1.38,1.24,1.14,391.7,0.0
2025-04-19,83,BW-201,Bramblewick Trail Bars Peanut 6ct,Bars,Granite Peak Grocers,334.9,4.29,4.29,1436.79,4.29,0,0.0,0,0,0,0,0,0,77,0.781,0,398.8,1.02,-1.6,-2.2,1.38,1.24,1.14,334.9,0.0
2025-04-26,84,BW-201,Bramblewick Trail Bars Peanut 6ct,Bars,Granite Peak Grocers,377.6,4.29,4.29,1619.94,4.29,0,0.0,0,0,0,0,0,0,76,0.77,0,399.4,1.02,-1.6,-2.2,1.38,1.24,1.14,377.6,0.0
2025-05-03,85,BW-201,Bramblewick Trail Bars Peanut 6ct,Bars,Granite Peak Grocers,329.2,4.29,4.29,1412.31,4.29,0,0.0,0,0,0,0,0,0,78,0.791,0,416.5,1.02,-1.6,-2.2,1.38,1.24,1.14,329.2,0.0
2025-05-10,86,BW-201,Bramblewick Trail Bars Peanut 6ct,Bars,Granite Peak Grocers,364.1,4.49,4.49,1634.67,4.49,0,0.0,0,0,0,0,0,0,76,0.77,0,383.8,1.02,-1.6,-2.2,1.38,1.24,1.14,364.1,0.0
2025-05-17,87,BW-201,Bramblewick Trail Bars Peanut 6ct,Bars,Granite Peak Grocers,350.0,4.49,4.49,1571.32,4.49,0,0.0,0,0,0,1,0,0,78,0.791,0,401.3,1.02,-1.6,-2.2,1.38,1.24,1.14,350.0,0.0
2025-05-24,88,BW-201,Bramblewick Trail Bars Peanut 6ct,Bars,Granite Peak Grocers,306.2,4.49,4.49,1375.02,4.49,0,0.0,0,0,0,1,1,0,78,0.791,0,470.6,1.02,-1.6,-2.2,1.38,1.24,1.14,306.2,0.0
2025-05-31,89,BW-201,Bramblewick Trail Bars Peanut 6ct,Bars,Granite Peak Grocers,1486.7,4.49,3.37,5084.44,3.42,1,0.25,1,1,0,0,0,0,78,0.791,0,514.9,1.02,-1.6,-2.2,1.38,1.24,1.14,342.4,1144.2
2025-06-07,90,BW-201,Bramblewick Trail Bars Peanut 6ct,Bars,Granite Peak Grocers,1414.9,4.49,3.37,5008.8,3.54,1,0.25,1,1,0,0,0,0,76,0.77,0,414.9,1.02,-1.6,-2.2,1.38,1.24,1.14,342.4,1072.4
2025-06-14,91,BW-201,Bramblewick Trail Bars Peanut 6ct,Bars,Granite Peak Grocers,402.1,4.49,4.49,1805.29,4.49,0,0.0,0,0,0,0,0,1,81,0.821,0,450.8,1.02,-1.6,-2.2,1.38,1.24,1.14,402.1,0.0
2025-06-21,92,BW-201,Bramblewick Trail Bars Peanut 6ct,Bars,Granite Peak Grocers,537.1,4.49,4.49,2411.64,4.49,0,0.0,0,0,0,0,0,0,81,0.821,0,458.9,1.02,-1.6,-2.2,1.38,1.24,1.14,537.1,0.0
2025-06-28,93,BW-201,Bramblewick Trail Bars Peanut 6ct,Bars,Granite Peak Grocers,564.8,4.49,4.49,2535.82,4.49,0,0.0,0,0,0,1,0,0,80,0.811,0,585.3,1.02,-1.6,-2.2,1.38,1.24,1.14,564.8,0.0
2025-07-05,94,BW-201,Bramblewick Trail Bars Peanut 6ct,Bars,Granite Peak Grocers,683.5,4.49,4.49,3069.13,4.49,0,0.0,0,0,0,1,0,0,81,0.821,0,687.1,1.02,-1.6,-2.2,1.38,1.24,1.14,683.5,0.0
2025-07-12,95,BW-201,Bramblewick Trail Bars Peanut 6ct,Bars,Granite Peak Grocers,370.9,4.49,4.49,1665.45,4.49,0,0.0,0,0,0,1,0,0,82,0.831,0,482.5,1.02,-1.6,-2.2,1.38,1.24,1.14,370.9,0.0
2025-07-19,96,BW-201,Bramblewick Trail Bars Peanut 6ct,Bars,Granite Peak Grocers,437.3,4.49,4.49,1963.66,4.49,0,0.0,0,0,0,0,0,0,82,0.831,0,484.9,1.02,-1.6,-2.2,1.38,1.24,1.14,437.3,0.0
2025-07-26,97,BW-201,Bramblewick Trail Bars Peanut 6ct,Bars,Granite Peak Grocers,475.9,4.49,4.49,2136.84,4.49,0,0.0,0,0,0,0,1,0,81,0.821,0,479.1,1.02,-1.6,-2.2,1.38,1.24,1.14,475.9,0.0
2025-08-02,98,BW-201,Bramblewick Trail Bars Peanut 6ct,Bars,Granite Peak Grocers,728.7,4.49,3.82,2834.76,3.89,1,0.15,0,0,0,0,0,0,81,0.821,0,476.8,1.02,-1.6,-2.2,1.38,1.24,1.14,456.6,272.1
2025-08-09,99,BW-201,Bramblewick Trail Bars Peanut 6ct,Bars,Granite Peak Grocers,408.6,4.49,4.49,1834.65,4.49,0,0.0,0,0,0,0,0,1,80,0.811,0,466.2,1.02,-1.6,-2.2,1.38,1.24,1.14,408.6,0.0
2025-08-16,100,BW-201,Bramblewick Trail Bars Peanut 6ct,Bars,Granite Peak Grocers,452.9,4.49,4.49,2033.53,4.49,0,0.0,0,0,0,0,0,0,81,0.821,0,464.8,1.02,-1.6,-2.2,1.38,1.24,1.14,452.9,0.0
2025-08-23,101,BW-201,Bramblewick Trail Bars Peanut 6ct,Bars,Granite Peak Grocers,420.9,4.49,4.49,1889.64,4.49,0,0.0,0,0,0,1,0,0,81,0.821,0,532.2,1.02,-1.6,-2.2,1.38,1.24,1.14,420.9,0.0
2025-08-30,102,BW-201,Bramblewick Trail Bars Peanut 6ct,Bars,Granite Peak Grocers,410.3,4.49,4.49,1842.19,4.49,0,0.0,0,0,0,1,1,0,80,0.811,0,512.6,1.02,-1.6,-2.2,1.38,1.24,1.14,410.3,0.0
2025-09-06,103,BW-201,Bramblewick Trail Bars Peanut 6ct,Bars,Granite Peak Grocers,932.8,4.49,3.59,3404.65,3.65,1,0.2,0,1,0,0,0,0,82,0.831,0,436.6,1.02,-1.6,-2.2,1.38,1.24,1.14,429.1,503.7
2025-09-13,104,BW-201,Bramblewick Trail Bars Peanut 6ct,Bars,Granite Peak Grocers,1080.6,4.49,3.59,3998.38,3.7,1,0.2,0,1,0,0,0,0,85,0.862,0,438.1,1.02,-1.6,-2.2,1.38,1.24,1.14,429.1,651.5
2025-09-20,105,BW-201,Bramblewick Trail Bars Peanut 6ct,Bars,Granite Peak Grocers,407.6,4.49,4.49,1830.15,4.49,0,0.0,0,0,0,0,0,1,83,0.841,0,413.1,1.02,-1.6,-2.2,1.38,1.24,1.14,407.6,0.0
2025-09-27,106,BW-201,Bramblewick Trail Bars Peanut 6ct,Bars,Granite Peak Grocers,385.3,4.49,4.49,1729.95,4.49,0,0.0,0,0,0,1,0,0,83,0.841,0,398.4,1.02,-1.6,-2.2,1.38,1.24,1.14,385.3,0.0
2025-10-04,107,BW-201,Bramblewick Trail Bars Peanut 6ct,Bars,Granite Peak Grocers,386.6,4.49,4.49,1735.81,4.49,0,0.0,0,0,0,0,0,0,83,0.841,0,384.0,1.02,-1.6,-2.2,1.38,1.24,1.14,386.6,0.0
2025-10-11,108,BW-201,Bramblewick Trail Bars Peanut 6ct,Bars,Granite Peak Grocers,400.7,4.49,4.49,1799.35,4.49,0,0.0,0,0,0,0,0,0,85,0.862,0,379.4,1.02,-1.6,-2.2,1.38,1.24,1.14,400.7,0.0
2025-10-18,109,BW-201,Bramblewick Trail Bars Peanut 6ct,Bars,Granite Peak Grocers,397.5,4.49,4.49,1784.6,4.49,0,0.0,0,0,0,0,0,0,83,0.841,0,358.0,1.02,-1.6,-2.2,1.38,1.24,1.14,397.5,0.0
2025-10-25,110,BW-201,Bramblewick Trail Bars Peanut 6ct,Bars,Granite Peak Grocers,321.9,4.49,4.49,1445.35,4.49,0,0.0,0,0,0,0,0,0,85,0.862,0,355.2,1.02,-1.6,-2.2,1.38,1.24,1.14,321.9,0.0
2025-11-01,111,BW-201,Bramblewick Trail Bars Peanut 6ct,Bars,Granite Peak Grocers,329.5,4.49,4.49,1479.46,4.49,0,0.0,0,0,0,1,0,0,83,0.841,0,337.2,1.02,-1.6,-2.2,1.38,1.24,1.14,329.5,0.0
2025-11-08,112,BW-201,Bramblewick Trail Bars Peanut 6ct,Bars,Granite Peak Grocers,355.3,4.49,4.49,1595.18,4.49,0,0.0,0,0,0,0,0,0,84,0.851,0,333.2,1.02,-1.6,-2.2,1.38,1.24,1.14,355.3,0.0
2025-11-15,113,BW-201,Bramblewick Trail Bars Peanut 6ct,Bars,Granite Peak Grocers,360.1,4.49,4.49,1616.94,4.49,0,0.0,0,0,0,0,0,0,83,0.841,0,322.8,1.02,-1.6,-2.2,1.38,1.24,1.14,360.1,0.0
2025-11-22,114,BW-201,Bramblewick Trail Bars Peanut 6ct,Bars,Granite Peak Grocers,361.3,4.49,4.49,1622.25,4.49,0,0.0,0,0,0,0,0,0,85,0.862,0,344.5,1.02,-1.6,-2.2,1.38,1.24,1.14,361.3,0.0
2025-11-29,115,BW-201,Bramblewick Trail Bars Peanut 6ct,Bars,Granite Peak Grocers,279.1,4.49,4.49,1253.09,4.49,0,0.0,0,0,0,1,0,0,83,0.841,0,341.2,1.02,-1.6,-2.2,1.38,1.24,1.14,279.1,0.0
2025-12-06,116,BW-201,Bramblewick Trail Bars Peanut 6ct,Bars,Granite Peak Grocers,302.4,4.49,4.49,1357.86,4.49,0,0.0,0,0,0,0,0,0,84,0.851,0,317.2,1.02,-1.6,-2.2,1.38,1.24,1.14,302.4,0.0
2025-12-13,117,BW-201,Bramblewick Trail Bars Peanut 6ct,Bars,Granite Peak Grocers,349.3,4.49,4.49,1568.18,4.49,0,0.0,0,0,0,0,0,0,89,0.902,0,348.2,1.02,-1.6,-2.2,1.38,1.24,1.14,349.3,0.0
2025-12-20,118,BW-201,Bramblewick Trail Bars Peanut 6ct,Bars,Granite Peak Grocers,241.9,4.49,4.49,1086.28,4.49,0,0.0,0,0,0,1,0,0,88,0.892,0,361.4,1.02,-1.6,-2.2,1.38,1.24,1.14,241.9,0.0
2025-12-27,119,BW-201,Bramblewick Trail Bars Peanut 6ct,Bars,Granite Peak Grocers,274.0,4.49,4.49,1230.32,4.49,0,0.0,0,0,0,1,1,0,89,0.902,0,355.1,1.02,-1.6,-2.2,1.38,1.24,1.14,274.0,0.0
2026-01-03,120,BW-201,Bramblewick Trail Bars Peanut 6ct,Bars,Granite Peak Grocers,506.2,4.49,3.82,1969.0,3.89,1,0.15,0,0,0,1,0,0,89,0.902,0,386.6,1.02,-1.6,-2.2,1.38,1.24,1.14,325.8,180.3
2026-01-10,121,BW-201,Bramblewick Trail Bars Peanut 6ct,Bars,Granite Peak Grocers,334.8,4.49,4.49,1503.29,4.49,0,0.0,0,0,0,0,0,1,87,0.882,0,382.5,1.02,-1.6,-2.2,1.38,1.24,1.14,334.8,0.0
2026-01-17,122,BW-201,Bramblewick Trail Bars Peanut 6ct,Bars,Granite Peak Grocers,271.3,4.49,4.49,1218.3,4.49,0,0.0,0,0,0,1,0,0,87,0.882,0,343.9,1.02,-1.6,-2.2,1.38,1.24,1.14,271.3,0.0
2026-01-24,123,BW-201,Bramblewick Trail Bars Peanut 6ct,Bars,Granite Peak Grocers,279.2,4.49,4.49,1253.51,4.49,0,0.0,0,0,0,1,0,0,89,0.902,0,357.0,1.02,-1.6,-2.2,1.38,1.24,1.14,279.2,0.0
2026-01-31,124,BW-201,Bramblewick Trail Bars Peanut 6ct,Bars,Granite Peak Grocers,346.8,4.49,4.49,1557.05,4.49,0,0.0,0,0,0,0,0,0,88,0.892,0,358.3,1.02,-1.6,-2.2,1.38,1.24,1.14,346.8,0.0
2026-02-07,125,BW-201,Bramblewick Trail Bars Peanut 6ct,Bars,Granite Peak Grocers,294.9,4.49,4.49,1323.94,4.49,0,0.0,0,0,0,1,0,0,87,0.882,0,359.6,1.02,-1.6,-2.2,1.38,1.24,1.14,294.9,0.0
2026-02-14,126,BW-201,Bramblewick Trail Bars Peanut 6ct,Bars,Granite Peak Grocers,332.4,4.79,4.79,1592.27,4.79,0,0.0,0,0,0,1,0,0,87,0.882,0,328.9,1.02,-1.6,-2.2,1.38,1.24,1.14,332.4,0.0
2026-02-21,127,BW-201,Bramblewick Trail Bars Peanut 6ct,Bars,Granite Peak Grocers,298.8,4.79,4.79,1431.31,4.79,0,0.0,0,0,0,1,0,0,89,0.902,0,341.1,1.02,-1.6,-2.2,1.38,1.24,1.14,298.8,0.0
2026-02-28,128,BW-201,Bramblewick Trail Bars Peanut 6ct,Bars,Granite Peak Grocers,282.0,4.79,4.79,1350.98,4.79,0,0.0,0,0,0,1,1,0,87,0.882,0,337.7,1.02,-1.6,-2.2,1.38,1.24,1.14,282.0,0.0
2026-03-07,129,BW-201,Bramblewick Trail Bars Peanut 6ct,Bars,Granite Peak Grocers,558.4,4.79,4.07,2295.09,4.11,1,0.15,0,0,0,0,0,0,89,0.902,0,349.7,1.02,-1.6,-2.2,1.38,1.24,1.14,296.8,261.5
2026-03-14,130,BW-201,Bramblewick Trail Bars Peanut 6ct,Bars,Granite Peak Grocers,504.0,4.79,4.07,2101.51,4.17,1,0.15,0,0,0,1,0,0,90,0.912,0,357.8,1.02,-1.6,-2.2,1.38,1.24,1.14,296.8,207.2
2026-03-21,131,BW-201,Bramblewick Trail Bars Peanut 6ct,Bars,Granite Peak Grocers,334.5,4.79,4.79,1602.17,4.79,0,0.0,0,0,0,0,0,1,90,0.912,0,361.8,1.02,-1.6,-2.2,1.38,1.24,1.14,334.5,0.0
2026-03-28,132,BW-201,Bramblewick Trail Bars Peanut 6ct,Bars,Granite Peak Grocers,401.5,4.79,4.79,1923.06,4.79,0,0.0,0,0,0,0,1,0,91,0.922,0,370.0,1.02,-1.6,-2.2,1.38,1.24,1.14,401.5,0.0
2026-04-04,133,BW-201,Bramblewick Trail Bars Peanut 6ct,Bars,Granite Peak Grocers,615.5,4.79,4.07,2536.06,4.12,1,0.15,0,0,0,0,0,0,92,0.933,0,378.4,1.02,-1.6,-2.2,1.38,1.24,1.14,315.6,299.9
2026-04-11,134,BW-201,Bramblewick Trail Bars Peanut 6ct,Bars,Granite Peak Grocers,519.3,4.79,4.07,2201.68,4.24,1,0.15,0,0,0,0,0,0,90,0.912,0,374.7,1.02,-1.6,-2.2,1.38,1.24,1.14,315.6,203.7
2026-04-18,135,BW-201,Bramblewick Trail Bars Peanut 6ct,Bars,Granite Peak Grocers,312.6,4.79,4.79,1497.32,4.79,0,0.0,0,0,0,0,0,1,92,0.933,0,388.2,1.02,-1.6,-2.2,1.38,1.24,1.14,312.6,0.0
2026-04-25,136,BW-201,Bramblewick Trail Bars Peanut 6ct,Bars,Granite Peak Grocers,359.9,4.79,4.79,1723.93,4.79,0,0.0,0,0,0,0,0,0,90,0.912,0,385.3,1.02,-1.6,-2.2,1.38,1.24,1.14,359.9,0.0
2026-05-02,137,BW-201,Bramblewick Trail Bars Peanut 6ct,Bars,Granite Peak Grocers,397.7,4.79,4.79,1904.98,4.79,0,0.0,0,0,0,0,1,0,90,0.912,0,391.5,1.02,-1.6,-2.2,1.38,1.24,1.14,397.7,0.0
2026-05-09,138,BW-201,Bramblewick Trail Bars Peanut 6ct,Bars,Granite Peak Grocers,404.7,4.79,4.31,1788.78,4.42,1,0.1,0,0,0,0,0,0,91,0.922,0,402.7,1.02,-1.6,-2.2,1.38,1.24,1.14,333.4,71.2
2026-05-16,139,BW-201,Bramblewick Trail Bars Peanut 6ct,Bars,Granite Peak Grocers,327.3,4.79,4.79,1567.66,4.79,0,0.0,0,0,0,1,0,1,92,0.933,0,414.7,1.02,-1.6,-2.2,1.38,1.24,1.14,327.3,0.0
2026-05-23,140,BW-201,Bramblewick Trail Bars Peanut 6ct,Bars,Granite Peak Grocers,424.6,4.79,4.79,2033.79,4.79,0,0.0,0,0,0,1,0,0,92,0.933,0,486.4,1.02,-1.6,-2.2,1.38,1.24,1.14,424.6,0.0
2026-05-30,141,BW-201,Bramblewick Trail Bars Peanut 6ct,Bars,Granite Peak Grocers,451.8,4.79,4.79,2163.96,4.79,0,0.0,0,0,0,0,0,0,92,0.933,0,532.1,1.02,-1.6,-2.2,1.38,1.24,1.14,451.8,0.0
2026-06-06,142,BW-201,Bramblewick Trail Bars Peanut 6ct,Bars,Granite Peak Grocers,488.5,4.79,4.79,2339.74,4.79,0,0.0,0,0,0,0,0,0,90,0.912,0,430.5,1.02,-1.6,-2.2,1.38,1.24,1.14,488.5,0.0
2026-06-13,143,BW-201,Bramblewick Trail Bars Peanut 6ct,Bars,Granite Peak Grocers,431.9,4.79,4.79,2068.96,4.79,0,0.0,0,0,0,0,1,0,95,0.963,0,463.2,1.02,-1.6,-2.2,1.38,1.24,1.14,431.9,0.0
2026-06-20,144,BW-201,Bramblewick Trail Bars Peanut 6ct,Bars,Granite Peak Grocers,540.1,4.79,4.07,2219.81,4.11,1,0.15,0,0,0,0,0,0,94,0.953,0,466.6,1.02,-1.6,-2.2,1.38,1.24,1.14,411.2,129.0
2026-06-27,145,BW-201,Bramblewick Trail Bars Peanut 6ct,Bars,Granite Peak Grocers,442.0,4.79,4.79,2117.38,4.79,0,0.0,0,0,0,1,0,1,94,0.953,0,602.6,1.02,-1.6,-2.2,1.38,1.24,1.14,442.0,0.0
2026-07-04,146,BW-201,Bramblewick Trail Bars Peanut 6ct,Bars,Granite Peak Grocers,655.6,4.79,4.79,3140.26,4.79,0,0.0,0,0,0,1,0,0,96,0.973,0,713.5,1.02,-1.6,-2.2,1.38,1.24,1.14,655.6,0.0
2026-07-11,147,BW-201,Bramblewick Trail Bars Peanut 6ct,Bars,Granite Peak Grocers,473.2,4.79,4.79,2266.48,4.79,0,0.0,0,0,0,1,1,0,94,0.953,0,484.6,1.02,-1.6,-2.2,1.38,1.24,1.14,473.2,0.0
2026-07-18,148,BW-201,Bramblewick Trail Bars Peanut 6ct,Bars,Granite Peak Grocers,638.0,4.79,4.31,2769.03,4.34,1,0.1,0,0,0,1,0,0,94,0.953,0,487.1,1.02,-1.6,-2.2,1.38,1.24,1.14,446.9,191.1
2026-07-25,149,BW-201,Bramblewick Trail Bars Peanut 6ct,Bars,Granite Peak Grocers,471.3,4.79,4.79,2257.65,4.79,0,0.0,0,0,0,0,0,1,96,0.973,0,497.6,1.02,-1.6,-2.2,1.38,1.24,1.14,471.3,0.0
2026-08-01,150,BW-201,Bramblewick Trail Bars Peanut 6ct,Bars,Granite Peak Grocers,479.1,4.79,4.79,2295.0,4.79,0,0.0,0,0,0,0,0,0,95,0.963,0,490.0,1.02,-1.6,-2.2,1.38,1.24,1.14,479.1,0.0
2026-08-08,151,BW-201,Bramblewick Trail Bars Peanut 6ct,Bars,Granite Peak Grocers,575.5,4.79,4.79,2756.67,4.79,0,0.0,0,0,0,0,0,0,95,0.963,0,485.0,1.02,-1.6,-2.2,1.38,1.24,1.14,575.5,0.0
2026-08-15,152,BW-201,Bramblewick Trail Bars Peanut 6ct,Bars,Granite Peak Grocers,541.7,4.79,4.79,2594.73,4.79,0,0.0,0,0,0,0,0,0,94,0.953,0,472.6,1.02,-1.6,-2.2,1.38,1.24,1.14,541.7,0.0
2026-08-22,153,BW-201,Bramblewick Trail Bars Peanut 6ct,Bars,Granite Peak Grocers,404.9,4.79,4.79,1939.69,4.79,0,0.0,0,0,0,1,0,0,95,0.963,0,546.9,1.02,-1.6,-2.2,1.38,1.24,1.14,404.9,0.0
2026-08-29,154,BW-201,Bramblewick Trail Bars Peanut 6ct,Bars,Granite Peak Grocers,528.5,4.79,4.79,2531.63,4.79,0,0.0,0,0,0,0,0,0,94,0.953,0,527.7,1.02,-1.6,-2.2,1.38,1.24,1.14,528.5,0.0
2026-09-05,155,BW-201,Bramblewick Trail Bars Peanut 6ct,Bars,Granite Peak Grocers,465.9,4.79,4.79,2231.89,4.79,0,0.0,0,0,0,0,0,0,94,0.953,0,438.5,1.02,-1.6,-2.2,1.38,1.24,1.14,465.9,0.0
2023-09-16,0,BW-201,Bramblewick Trail Bars Peanut 6ct,Bars,Hollybrook Foods,128.6,4.49,4.49,577.44,4.49,0,0.0,0,0,0,0,0,0,26,0.544,0,160.3,1.02,-1.6,-2.2,1.38,1.24,1.14,128.6,0.0
2023-09-23,1,BW-201,Bramblewick Trail Bars Peanut 6ct,Bars,Hollybrook Foods,139.2,4.49,4.49,625.04,4.49,0,0.0,0,0,0,0,0,0,27,0.565,0,137.7,1.02,-1.6,-2.2,1.38,1.24,1.14,139.2,0.0
2023-09-30,2,BW-201,Bramblewick Trail Bars Peanut 6ct,Bars,Hollybrook Foods,115.6,4.49,4.49,518.93,4.49,0,0.0,0,0,0,0,0,0,27,0.565,0,133.0,1.02,-1.6,-2.2,1.38,1.24,1.14,115.6,0.0
2023-10-07,3,BW-201,Bramblewick Trail Bars Peanut 6ct,Bars,Hollybrook Foods,98.3,4.49,4.49,441.3,4.49,0,0.0,0,0,0,0,0,0,28,0.586,0,133.2,1.02,-1.6,-2.2,1.38,1.24,1.14,98.3,0.0
2023-10-14,4,BW-201,Bramblewick Trail Bars Peanut 6ct,Bars,Hollybrook Foods,101.9,4.49,4.49,457.5,4.49,0,0.0,0,0,0,0,0,0,27,0.565,0,124.0,1.02,-1.6,-2.2,1.38,1.24,1.14,101.9,0.0
2023-10-21,5,BW-201,Bramblewick Trail Bars Peanut 6ct,Bars,Hollybrook Foods,122.4,4.49,4.49,549.72,4.49,0,0.0,0,0,0,0,0,0,28,0.586,0,124.5,1.02,-1.6,-2.2,1.38,1.24,1.14,122.4,0.0
2023-10-28,6,BW-201,Bramblewick Trail Bars Peanut 6ct,Bars,Hollybrook Foods,120.6,4.49,4.49,541.29,4.49,0,0.0,0,0,0,0,0,0,28,0.586,0,120.8,1.02,-1.6,-2.2,1.38,1.24,1.14,120.6,0.0
2023-11-04,7,BW-201,Bramblewick Trail Bars Peanut 6ct,Bars,Hollybrook Foods,114.1,4.49,4.49,512.34,4.49,0,0.0,0,0,0,0,0,0,28,0.586,0,117.6,1.02,-1.6,-2.2,1.38,1.24,1.14,114.1,0.0
2023-11-11,8,BW-201,Bramblewick Trail Bars Peanut 6ct,Bars,Hollybrook Foods,96.4,4.49,4.49,432.74,4.49,0,0.0,0,0,0,0,0,0,26,0.544,0,106.7,1.02,-1.6,-2.2,1.38,1.24,1.14,96.4,0.0
2023-11-18,9,BW-201,Bramblewick Trail Bars Peanut 6ct,Bars,Hollybrook Foods,115.5,4.49,4.49,518.71,4.49,0,0.0,0,0,0,0,0,0,27,0.565,0,115.1,1.02,-1.6,-2.2,1.38,1.24,1.14,115.5,0.0
2023-11-25,10,BW-201,Bramblewick Trail Bars Peanut 6ct,Bars,Hollybrook Foods,119.1,4.49,4.49,534.83,4.49,0,0.0,0,0,0,0,1,0,28,0.586,0,120.7,1.02,-1.6,-2.2,1.38,1.24,1.14,119.1,0.0
2023-12-02,11,BW-201,Bramblewick Trail Bars Peanut 6ct,Bars,Hollybrook Foods,402.0,4.49,3.14,1334.77,3.32,1,0.3,1,1,0,0,0,0,27,0.565,0,106.5,1.02,-1.6,-2.2,1.38,1.24,1.14,114.8,287.2
2023-12-09,12,BW-201,Bramblewick Trail Bars Peanut 6ct,Bars,Hollybrook Foods,516.8,4.49,3.14,1767.36,3.42,1,0.3,1,1,0,0,0,0,28,0.586,0,110.1,1.02,-1.6,-2.2,1.38,1.24,1.14,114.8,402.0
2023-12-16,13,BW-201,Bramblewick Trail Bars Peanut 6ct,Bars,Hollybrook Foods,121.9,4.49,4.49,547.34,4.49,0,0.0,0,0,0,0,0,1,29,0.607,0,118.3,1.02,-1.6,-2.2,1.38,1.24,1.14,121.9,0.0
2023-12-23,14,BW-201,Bramblewick Trail Bars Peanut 6ct,Bars,Hollybrook Foods,108.1,4.49,4.49,485.48,4.49,0,0.0,0,0,0,0,0,0,28,0.586,0,120.0,1.02,-1.6,-2.2,1.38,1.24,1.14,108.1,0.0
2023-12-30,15,BW-201,Bramblewick Trail Bars Peanut 6ct,Bars,Hollybrook Foods,108.3,4.49,4.49,486.44,4.49,0,0.0,0,0,0,0,0,0,28,0.586,0,116.8,1.02,-1.6,-2.2,1.38,1.24,1.14,108.3,0.0
2024-01-06,16,BW-201,Bramblewick Trail Bars Peanut 6ct,Bars,Hollybrook Foods,118.5,4.49,4.49,532.22,4.49,0,0.0,0,0,0,0,0,0,29,0.607,0,131.9,1.02,-1.6,-2.2,1.38,1.24,1.14,118.5,0.0
2024-01-13,17,BW-201,Bramblewick Trail Bars Peanut 6ct,Bars,Hollybrook Foods,119.1,4.49,4.49,534.61,4.49,0,0.0,0,0,0,1,0,0,29,0.607,0,133.7,1.02,-1.6,-2.2,1.38,1.24,1.14,119.1,0.0
2024-01-20,18,BW-201,Bramblewick Trail Bars Peanut 6ct,Bars,Hollybrook Foods,110.0,4.49,4.49,493.69,4.49,0,0.0,0,0,0,1,0,0,27,0.565,0,112.1,1.02,-1.6,-2.2,1.38,1.24,1.14,110.0,0.0
2024-01-27,19,BW-201,Bramblewick Trail Bars Peanut 6ct,Bars,Hollybrook Foods,134.7,4.49,4.49,605.03,4.49,0,0.0,0,0,0,0,0,0,27,0.565,0,113.9,1.02,-1.6,-2.2,1.38,1.24,1.14,134.7,0.0
2024-02-03,20,BW-201,Bramblewick Trail Bars Peanut 6ct,Bars,Hollybrook Foods,117.5,4.49,4.49,527.53,4.49,0,0.0,0,0,0,0,0,0,27,0.565,0,115.8,1.02,-1.6,-2.2,1.38,1.24,1.14,117.5,0.0
2024-02-10,21,BW-201,Bramblewick Trail Bars Peanut 6ct,Bars,Hollybrook Foods,109.7,4.49,4.49,492.47,4.49,0,0.0,0,0,0,0,0,0,27,0.565,0,117.7,1.02,-1.6,-2.2,1.38,1.24,1.14,109.7,0.0
2024-02-17,22,BW-201,Bramblewick Trail Bars Peanut 6ct,Bars,Hollybrook Foods,106.0,4.49,4.49,475.93,4.49,0,0.0,0,0,0,0,0,0,27,0.565,0,119.5,1.02,-1.6,-2.2,1.38,1.24,1.14,106.0,0.0
2024-02-24,23,BW-201,Bramblewick Trail Bars Peanut 6ct,Bars,Hollybrook Foods,104.8,4.49,4.49,470.7,4.49,0,0.0,0,0,0,0,0,0,28,0.586,0,125.8,1.02,-1.6,-2.2,1.38,1.24,1.14,104.8,0.0
2024-03-02,24,BW-201,Bramblewick Trail Bars Peanut 6ct,Bars,Hollybrook Foods,153.6,4.49,4.49,689.78,4.49,0,0.0,0,0,0,0,0,0,28,0.586,0,127.7,1.02,-1.6,-2.2,1.38,1.24,1.14,153.6,0.0
2024-03-09,25,BW-201,Bramblewick Trail Bars Peanut 6ct,Bars,Hollybrook Foods,107.5,4.79,4.79,514.95,4.79,0,0.0,0,0,0,0,1,0,28,0.586,0,116.7,1.02,-1.6,-2.2,1.38,1.24,1.14,107.5,0.0
2024-03-16,26,BW-201,Bramblewick Trail Bars Peanut 6ct,Bars,Hollybrook Foods,432.4,4.79,3.59,1634.53,3.78,1,0.25,1,1,1,0,0,0,30,0.628,0,126.6,1.02,-1.6,-2.2,1.38,1.24,1.14,109.8,322.5
2024-03-23,27,BW-201,Bramblewick Trail Bars Peanut 6ct,Bars,Hollybrook Foods,606.5,4.79,3.59,2232.05,3.68,1,0.25,1,1,1,0,0,0,30,0.628,0,128.3,1.02,-1.6,-2.2,1.38,1.24,1.14,109.8,496.6
2024-03-30,28,BW-201,Bramblewick Trail Bars Peanut 6ct,Bars,Hollybrook Foods,435.8,4.79,3.59,1682.22,3.86,1,0.25,1,1,1,0,0,0,30,0.628,0,129.9,1.02,-1.6,-2.2,1.38,1.24,1.14,109.8,326.0
2024-04-06,29,BW-201,Bramblewick Trail Bars Peanut 6ct,Bars,Hollybrook Foods,124.9,4.79,4.79,598.09,4.79,0,0.0,0,0,0,0,0,1,31,0.649,0,136.0,1.02,-1.6,-2.2,1.38,1.24,1.14,124.9,0.0
2024-04-13,30,BW-201,Bramblewick Trail Bars Peanut 6ct,Bars,Hollybrook Foods,118.7,4.79,4.79,568.34,4.79,0,0.0,0,0,0,1,0,0,29,0.607,0,129.0,1.02,-1.6,-2.2,1.38,1.24,1.14,118.7,0.0
2024-04-20,31,BW-201,Bramblewick Trail Bars Peanut 6ct,Bars,Hollybrook Foods,100.4,4.79,4.79,480.99,4.79,0,0.0,0,0,0,1,0,0,31,0.649,0,139.9,1.02,-1.6,-2.2,1.38,1.24,1.14,100.4,0.0
2024-04-27,32,BW-201,Bramblewick Trail Bars Peanut 6ct,Bars,Hollybrook Foods,96.7,4.79,4.79,463.37,4.79,0,0.0,0,0,0,1,1,0,29,0.607,0,133.0,1.02,-1.6,-2.2,1.38,1.24,1.14,96.7,0.0
2024-05-04,33,BW-201,Bramblewick Trail Bars Peanut 6ct,Bars,Hollybrook Foods,825.2,4.79,3.35,2888.12,3.5,1,0.3,1,1,0,0,0,0,30,0.628,0,140.0,1.02,-1.6,-2.2,1.38,1.24,1.14,106.8,718.4
2024-05-11,34,BW-201,Bramblewick Trail Bars Peanut 6ct,Bars,Hollybrook Foods,581.5,4.79,3.35,2105.02,3.62,1,0.3,1,1,0,0,0,0,31,0.649,0,147.4,1.02,-1.6,-2.2,1.38,1.24,1.14,106.8,474.8
2024-05-18,35,BW-201,Bramblewick Trail Bars Peanut 6ct,Bars,Hollybrook Foods,477.4,4.79,3.35,1694.66,3.55,1,0.3,1,1,0,0,0,0,30,0.628,0,167.3,1.02,-1.6,-2.2,1.38,1.24,1.14,106.8,370.6
2024-05-25,36,BW-201,Bramblewick Trail Bars Peanut 6ct,Bars,Hollybrook Foods,165.1,4.79,4.79,790.83,4.79,0,0.0,0,0,0,0,0,1,31,0.649,0,189.3,1.02,-1.6,-2.2,1.38,1.24,1.14,165.1,0.0
2024-06-01,37,BW-201,Bramblewick Trail Bars Peanut 6ct,Bars,Hollybrook Foods,127.5,4.79,4.79,610.9,4.79,0,0.0,0,0,0,1,0,0,29,0.607,0,146.7,1.02,-1.6,-2.2,1.38,1.24,1.14,127.5,0.0
2024-06-08,38,BW-201,Bramblewick Trail Bars Peanut 6ct,Bars,Hollybrook Foods,140.8,4.79,4.79,674.22,4.79,0,0.0,0,0,0,1,0,0,29,0.607,0,149.8,1.02,-1.6,-2.2,1.38,1.24,1.14,140.8,0.0
2024-06-15,39,BW-201,Bramblewick Trail Bars Peanut 6ct,Bars,Hollybrook Foods,166.9,4.79,4.79,799.46,4.79,0,0.0,0,0,0,0,0,0,32,0.67,0,168.8,1.02,-1.6,-2.2,1.38,1.24,1.14,166.9,0.0
2024-06-22,40,BW-201,Bramblewick Trail Bars Peanut 6ct,Bars,Hollybrook Foods,151.2,4.79,4.79,724.4,4.79,0,0.0,0,0,0,0,0,0,32,0.67,0,172.1,1.02,-1.6,-2.2,1.38,1.24,1.14,151.2,0.0
2024-06-29,41,BW-201,Bramblewick Trail Bars Peanut 6ct,Bars,Hollybrook Foods,215.5,4.79,4.79,1032.35,4.79,0,0.0,0,0,0,0,0,0,31,0.649,0,215.6,1.02,-1.6,-2.2,1.38,1.24,1.14,215.5,0.0
2024-07-06,42,BW-201,Bramblewick Trail Bars Peanut 6ct,Bars,Hollybrook Foods,248.7,4.79,4.79,1191.44,4.79,0,0.0,0,0,0,1,0,0,31,0.649,0,250.3,1.02,-1.6,-2.2,1.38,1.24,1.14,248.7,0.0
2024-07-13,43,BW-201,Bramblewick Trail Bars Peanut 6ct,Bars,Hollybrook Foods,138.7,4.79,4.79,664.19,4.79,0,0.0,0,0,0,1,0,0,30,0.628,0,168.3,1.02,-1.6,-2.2,1.38,1.24,1.14,138.7,0.0
2024-07-20,44,BW-201,Bramblewick Trail Bars Peanut 6ct,Bars,Hollybrook Foods,159.3,4.79,4.79,762.85,4.79,0,0.0,0,0,0,0,0,0,32,0.67,0,180.7,1.02,-1.6,-2.2,1.38,1.24,1.14,159.3,0.0
2024-07-27,45,BW-201,Bramblewick Trail Bars Peanut 6ct,Bars,Hollybrook Foods,141.3,4.79,4.79,676.68,4.79,0,0.0,0,0,0,1,0,0,32,0.67,0,181.0,1.02,-1.6,-2.2,1.38,1.24,1.14,141.3,0.0
2024-08-03,46,BW-201,Bramblewick Trail Bars Peanut 6ct,Bars,Hollybrook Foods,114.7,4.79,4.79,549.52,4.79,0,0.0,0,0,0,1,1,0,31,0.649,0,174.7,1.02,-1.6,-2.2,1.38,1.24,1.14,114.7,0.0
2024-08-10,47,BW-201,Bramblewick Trail Bars Peanut 6ct,Bars,Hollybrook Foods,259.6,4.79,4.31,1124.2,4.33,1,0.1,0,0,0,0,0,0,31,0.649,0,173.2,1.02,-1.6,-2.2,1.38,1.24,1.14,155.2,104.4
2024-08-17,48,BW-201,Bramblewick Trail Bars Peanut 6ct,Bars,Hollybrook Foods,149.6,4.79,4.79,716.4,4.79,0,0.0,0,0,0,1,0,1,32,0.67,0,176.3,1.02,-1.6,-2.2,1.38,1.24,1.14,149.6,0.0
2024-08-24,49,BW-201,Bramblewick Trail Bars Peanut 6ct,Bars,Hollybrook Foods,170.6,4.79,4.79,817.35,4.79,0,0.0,0,0,0,1,0,0,31,0.649,0,195.8,1.02,-1.6,-2.2,1.38,1.24,1.14,170.6,0.0
2024-08-31,50,BW-201,Bramblewick Trail Bars Peanut 6ct,Bars,Hollybrook Foods,177.0,4.79,4.79,847.82,4.79,0,0.0,0,0,0,1,0,0,32,0.67,0,197.4,1.02,-1.6,-2.2,1.38,1.24,1.14,177.0,0.0
2024-09-07,51,BW-201,Bramblewick Trail Bars Peanut 6ct,Bars,Hollybrook Foods,176.6,4.79,4.79,845.93,4.79,0,0.0,0,0,0,0,0,0,30,0.628,0,154.0,1.02,-1.6,-2.2,1.38,1.24,1.14,176.6,0.0
2024-09-14,52,BW-201,Bramblewick Trail Bars Peanut 6ct,Bars,Hollybrook Foods,152.8,4.79,4.79,732.1,4.79,0,0.0,0,0,0,0,0,0,32,0.67,0,159.3,1.02,-1.6,-2.2,1.38,1.24,1.14,152.8,0.0
2024-09-21,53,BW-201,Bramblewick Trail Bars Peanut 6ct,Bars,Hollybrook Foods,133.2,4.79,4.79,638.12,4.79,0,0.0,0,0,0,0,0,0,32,0.67,0,154.0,1.02,-1.6,-2.2,1.38,1.24,1.14,133.2,0.0
2024-09-28,54,BW-201,Bramblewick Trail Bars Peanut 6ct,Bars,Hollybrook Foods,178.1,4.79,4.79,852.92,4.79,0,0.0,0,0,0,0,0,0,34,0.712,0,158.0,1.02,-1.6,-2.2,1.38,1.24,1.14,178.1,0.0
2024-10-05,55,BW-201,Bramblewick Trail Bars Peanut 6ct,Bars,Hollybrook Foods,115.2,4.79,4.79,551.75,4.79,0,0.0,0,0,0,0,0,0,33,0.691,0,148.1,1.02,-1.6,-2.2,1.38,1.24,1.14,115.2,0.0
2024-10-12,56,BW-201,Bramblewick Trail Bars Peanut 6ct,Bars,Hollybrook Foods,128.1,4.79,4.79,613.47,4.79,0,0.0,0,0,0,0,1,0,32,0.67,0,138.7,1.02,-1.6,-2.2,1.38,1.24,1.14,128.1,0.0
2024-10-19,57,BW-201,Bramblewick Trail Bars Peanut 6ct,Bars,Hollybrook Foods,330.5,4.79,3.83,1298.9,3.93,1,0.2,0,1,0,0,0,0,33,0.691,0,138.4,1.02,-1.6,-2.2,1.38,1.24,1.14,161.7,168.8
2024-10-26,58,BW-201,Bramblewick Trail Bars Peanut 6ct,Bars,Hollybrook Foods,347.7,4.79,3.83,1397.67,4.02,1,0.2,0,1,0,1,0,0,34,0.712,0,138.4,1.02,-1.6,-2.2,1.38,1.24,1.14,161.7,186.0
2024-11-02,59,BW-201,Bramblewick Trail Bars Peanut 6ct,Bars,Hollybrook Foods,124.3,4.79,4.79,595.58,4.79,0,0.0,0,0,0,0,0,1,34,0.712,0,134.7,1.02,-1.6,-2.2,1.38,1.24,1.14,124.3,0.0
2024-11-09,60,BW-201,Bramblewick Trail Bars Peanut 6ct,Bars,Hollybrook Foods,122.9,4.79,4.79,588.53,4.79,0,0.0,0,0,0,0,0,0,32,0.67,0,124.0,1.02,-1.6,-2.2,1.38,1.24,1.14,122.9,0.0
2024-11-16,61,BW-201,Bramblewick Trail Bars Peanut 6ct,Bars,Hollybrook Foods,123.9,4.79,4.79,593.29,4.79,0,0.0,0,0,0,0,0,0,33,0.691,0,125.6,1.02,-1.6,-2.2,1.38,1.24,1.14,123.9,0.0
2024-11-23,62,BW-201,Bramblewick Trail Bars Peanut 6ct,Bars,Hollybrook Foods,123.4,4.79,4.79,591.22,4.79,0,0.0,0,0,0,0,0,0,32,0.67,0,127.1,1.02,-1.6,-2.2,1.38,1.24,1.14,123.4,0.0
2024-11-30,63,BW-201,Bramblewick Trail Bars Peanut 6ct,Bars,Hollybrook Foods,112.2,4.79,4.79,537.35,4.79,0,0.0,0,0,0,1,0,0,32,0.67,0,129.0,1.02,-1.6,-2.2,1.38,1.24,1.14,112.2,0.0
2024-12-07,64,BW-201,Bramblewick Trail Bars Peanut 6ct,Bars,Hollybrook Foods,142.6,4.79,4.79,682.87,4.79,0,0.0,0,0,0,0,0,0,33,0.691,0,122.4,1.02,-1.6,-2.2,1.38,1.24,1.14,142.6,0.0
2024-12-14,65,BW-201,Bramblewick Trail Bars Peanut 6ct,Bars,Hollybrook Foods,142.2,4.79,4.79,681.01,4.79,0,0.0,0,0,0,0,0,0,35,0.733,0,134.7,1.02,-1.6,-2.2,1.38,1.24,1.14,142.2,0.0
2024-12-21,66,BW-201,Bramblewick Trail Bars Peanut 6ct,Bars,Hollybrook Foods,146.1,4.79,4.79,699.71,4.79,0,0.0,0,0,0,1,0,0,34,0.712,0,137.6,1.02,-1.6,-2.2,1.38,1.24,1.14,146.1,0.0
2024-12-28,67,BW-201,Bramblewick Trail Bars Peanut 6ct,Bars,Hollybrook Foods,125.4,4.79,4.79,600.5,4.79,0,0.0,0,0,0,1,0,0,34,0.712,0,133.8,1.02,-1.6,-2.2,1.38,1.24,1.14,125.4,0.0
2025-01-04,68,BW-201,Bramblewick Trail Bars Peanut 6ct,Bars,Hollybrook Foods,125.5,4.79,4.79,600.94,4.79,0,0.0,0,0,0,1,1,0,36,0.753,0,154.5,1.02,-1.6,-2.2,1.38,1.24,1.14,125.5,0.0
2025-01-11,69,BW-201,Bramblewick Trail Bars Peanut 6ct,Bars,Hollybrook Foods,333.4,4.79,3.59,1263.59,3.79,1,0.25,0,1,0,1,0,0,34,0.712,0,147.9,1.02,-1.6,-2.2,1.38,1.24,1.14,125.4,208.0
2025-01-18,70,BW-201,Bramblewick Trail Bars Peanut 6ct,Bars,Hollybrook Foods,422.5,4.79,3.59,1575.84,3.73,1,0.25,0,1,0,0,0,0,34,0.712,0,133.2,1.02,-1.6,-2.2,1.38,1.24,1.14,125.4,297.0
2025-01-25,71,BW-201,Bramblewick Trail Bars Peanut 6ct,Bars,Hollybrook Foods,121.2,4.79,4.79,580.76,4.79,0,0.0,0,0,0,0,0,1,35,0.733,0,139.3,1.02,-1.6,-2.2,1.38,1.24,1.14,121.2,0.0
2025-02-01,72,BW-201,Bramblewick Trail Bars Peanut 6ct,Bars,Hollybrook Foods,139.6,4.79,4.79,668.76,4.79,0,0.0,0,0,0,1,0,0,35,0.733,0,141.6,1.02,-1.6,-2.2,1.38,1.24,1.14,139.6,0.0
2025-02-08,73,BW-201,Bramblewick Trail Bars Peanut 6ct,Bars,Hollybrook Foods,117.4,4.79,4.79,562.28,4.79,0,0.0,0,0,0,1,0,0,36,0.753,0,148.0,1.02,-1.6,-2.2,1.38,1.24,1.14,117.4,0.0
2025-02-15,74,BW-201,Bramblewick Trail Bars Peanut 6ct,Bars,Hollybrook Foods,155.4,4.79,4.79,744.36,4.79,0,0.0,0,0,0,0,0,0,35,0.733,0,146.2,1.02,-1.6,-2.2,1.38,1.24,1.14,155.4,0.0
2025-02-22,75,BW-201,Bramblewick Trail Bars Peanut 6ct,Bars,Hollybrook Foods,142.9,4.79,4.79,684.43,4.79,0,0.0,0,0,0,0,0,0,35,0.733,0,148.4,1.02,-1.6,-2.2,1.38,1.24,1.14,142.9,0.0
2025-03-01,76,BW-201,Bramblewick Trail Bars Peanut 6ct,Bars,Hollybrook Foods,147.8,4.79,4.79,707.86,4.79,0,0.0,0,0,0,0,0,0,36,0.753,0,154.9,1.02,-1.6,-2.2,1.38,1.24,1.14,147.8,0.0
2025-03-08,77,BW-201,Bramblewick Trail Bars Peanut 6ct,Bars,Hollybrook Foods,135.0,4.79,4.79,646.66,4.79,0,0.0,0,0,0,0,0,0,34,0.712,0,148.3,1.02,-1.6,-2.2,1.38,1.24,1.14,135.0,0.0
2025-03-15,78,BW-201,Bramblewick Trail Bars Peanut 6ct,Bars,Hollybrook Foods,132.6,4.79,4.79,635.05,4.79,0,0.0,0,0,0,1,0,0,37,0.774,0,163.5,1.02,-1.6,-2.2,1.38,1.24,1.14,132.6,0.0
2025-03-22,79,BW-201,Bramblewick Trail Bars Peanut 6ct,Bars,Hollybrook Foods,168.5,4.79,4.79,807.08,4.79,0,0.0,0,0,0,0,0,0,37,0.774,0,165.5,1.02,-1.6,-2.2,1.38,1.24,1.14,168.5,0.0
2025-03-29,80,BW-201,Bramblewick Trail Bars Peanut 6ct,Bars,Hollybrook Foods,189.8,4.79,4.79,909.24,4.79,0,0.0,0,0,0,0,0,0,36,0.753,0,163.1,1.02,-1.6,-2.2,1.38,1.24,1.14,189.8,0.0
2025-04-05,81,BW-201,Bramblewick Trail Bars Peanut 6ct,Bars,Hollybrook Foods,177.3,4.79,4.79,849.48,4.79,0,0.0,0,0,0,0,0,0,37,0.774,0,169.8,1.02,-1.6,-2.2,1.38,1.24,1.14,177.3,0.0
2025-04-12,82,BW-201,Bramblewick Trail Bars Peanut 6ct,Bars,Hollybrook Foods,138.5,4.99,4.99,691.03,4.99,0,0.0,0,0,0,0,0,0,35,0.733,0,152.6,1.02,-1.6,-2.2,1.38,1.24,1.14,138.5,0.0
2025-04-19,83,BW-201,Bramblewick Trail Bars Peanut 6ct,Bars,Hollybrook Foods,162.6,4.99,4.99,811.53,4.99,0,0.0,0,0,0,0,0,0,35,0.733,0,154.8,1.02,-1.6,-2.2,1.38,1.24,1.14,162.6,0.0
2025-04-26,84,BW-201,Bramblewick Trail Bars Peanut 6ct,Bars,Hollybrook Foods,119.5,4.99,4.99,596.3,4.99,0,0.0,0,0,0,0,0,0,35,0.733,0,157.3,1.02,-1.6,-2.2,1.38,1.24,1.14,119.5,0.0
2025-05-03,85,BW-201,Bramblewick Trail Bars Peanut 6ct,Bars,Hollybrook Foods,163.2,4.99,4.99,814.34,4.99,0,0.0,0,0,0,0,0,0,36,0.753,0,164.6,1.02,-1.6,-2.2,1.38,1.24,1.14,163.2,0.0
2025-05-10,86,BW-201,Bramblewick Trail Bars Peanut 6ct,Bars,Hollybrook Foods,214.7,4.99,4.99,1071.5,4.99,0,0.0,0,0,0,0,0,0,36,0.753,0,167.7,1.02,-1.6,-2.2,1.38,1.24,1.14,214.7,0.0
2025-05-17,87,BW-201,Bramblewick Trail Bars Peanut 6ct,Bars,Hollybrook Foods,118.9,4.99,4.99,593.27,4.99,0,0.0,0,0,0,1,0,0,37,0.774,0,175.9,1.02,-1.6,-2.2,1.38,1.24,1.14,118.9,0.0
2025-05-24,88,BW-201,Bramblewick Trail Bars Peanut 6ct,Bars,Hollybrook Foods,165.9,4.99,4.99,827.8,4.99,0,0.0,0,0,0,1,0,0,35,0.733,0,195.4,1.02,-1.6,-2.2,1.38,1.24,1.14,165.9,0.0
2025-05-31,89,BW-201,Bramblewick Trail Bars Peanut 6ct,Bars,Hollybrook Foods,245.4,4.99,4.99,1224.71,4.99,0,0.0,0,0,0,0,0,0,36,0.753,0,220.2,1.02,-1.6,-2.2,1.38,1.24,1.14,245.4,0.0
2025-06-07,90,BW-201,Bramblewick Trail Bars Peanut 6ct,Bars,Hollybrook Foods,230.5,4.99,4.99,1150.4,4.99,0,0.0,0,0,0,0,0,0,37,0.774,0,187.4,1.02,-1.6,-2.2,1.38,1.24,1.14,230.5,0.0
2025-06-14,91,BW-201,Bramblewick Trail Bars Peanut 6ct,Bars,Hollybrook Foods,225.6,4.99,4.99,1125.53,4.99,0,0.0,0,0,0,0,0,0,38,0.795,0,196.5,1.02,-1.6,-2.2,1.38,1.24,1.14,225.6,0.0
2025-06-21,92,BW-201,Bramblewick Trail Bars Peanut 6ct,Bars,Hollybrook Foods,196.0,4.99,4.99,977.96,4.99,0,0.0,0,0,0,0,0,0,39,0.816,0,205.6,1.02,-1.6,-2.2,1.38,1.24,1.14,196.0,0.0
2025-06-28,93,BW-201,Bramblewick Trail Bars Peanut 6ct,Bars,Hollybrook Foods,302.7,4.99,4.99,1510.5,4.99,0,0.0,0,0,0,0,0,0,37,0.774,0,252.3,1.02,-1.6,-2.2,1.38,1.24,1.14,302.7,0.0
2025-07-05,94,BW-201,Bramblewick Trail Bars Peanut 6ct,Bars,Hollybrook Foods,367.6,4.99,4.99,1834.21,4.99,0,0.0,0,0,0,0,0,0,39,0.816,0,308.7,1.02,-1.6,-2.2,1.38,1.24,1.14,367.6,0.0
2025-07-12,95,BW-201,Bramblewick Trail Bars Peanut 6ct,Bars,Hollybrook Foods,196.3,4.99,4.99,979.76,4.99,0,0.0,0,0,0,0,0,0,37,0.774,0,203.5,1.02,-1.6,-2.2,1.38,1.24,1.14,196.3,0.0
2025-07-19,96,BW-201,Bramblewick Trail Bars Peanut 6ct,Bars,Hollybrook Foods,218.1,4.99,4.99,1088.39,4.99,0,0.0,0,0,0,0,0,0,39,0.816,0,215.8,1.02,-1.6,-2.2,1.38,1.24,1.14,218.1,0.0
2025-07-26,97,BW-201,Bramblewick Trail Bars Peanut 6ct,Bars,Hollybrook Foods,191.1,4.99,4.99,953.73,4.99,0,0.0,0,0,0,0,0,0,38,0.795,0,210.7,1.02,-1.6,-2.2,1.38,1.24,1.14,191.1,0.0
2025-08-02,98,BW-201,Bramblewick Trail Bars Peanut 6ct,Bars,Hollybrook Foods,203.3,4.99,4.99,1014.3,4.99,0,0.0,0,0,0,0,0,0,38,0.795,0,209.9,1.02,-1.6,-2.2,1.38,1.24,1.14,203.3,0.0
2025-08-09,99,BW-201,Bramblewick Trail Bars Peanut 6ct,Bars,Hollybrook Foods,236.3,4.99,4.99,1178.92,4.99,0,0.0,0,0,0,0,0,0,37,0.774,0,202.6,1.02,-1.6,-2.2,1.38,1.24,1.14,236.3,0.0
2025-08-16,100,BW-201,Bramblewick Trail Bars Peanut 6ct,Bars,Hollybrook Foods,178.1,4.99,4.99,888.68,4.99,0,0.0,0,0,0,0,1,0,39,0.816,0,210.6,1.02,-1.6,-2.2,1.38,1.24,1.14,178.1,0.0
2025-08-23,101,BW-201,Bramblewick Trail Bars Peanut 6ct,Bars,Hollybrook Foods,351.7,4.99,4.49,1614.37,4.59,1,0.1,0,0,0,0,0,0,38,0.795,0,235.3,1.02,-1.6,-2.2,1.38,1.24,1.14,210.7,141.0
2025-08-30,102,BW-201,Bramblewick Trail Bars Peanut 6ct,Bars,Hollybrook Foods,216.7,4.99,4.99,1081.31,4.99,0,0.0,0,0,0,0,0,1,37,0.774,0,223.8,1.02,-1.6,-2.2,1.38,1.24,1.14,216.7,0.0
2025-09-06,103,BW-201,Bramblewick Trail Bars Peanut 6ct,Bars,Hollybrook Foods,194.4,4.99,4.99,969.99,4.99,0,0.0,0,0,0,0,0,0,37,0.774,0,186.2,1.02,-1.6,-2.2,1.38,1.24,1.14,194.4,0.0
2025-09-13,104,BW-201,Bramblewick Trail Bars Peanut 6ct,Bars,Hollybrook Foods,157.1,4.99,4.99,783.97,4.99,0,0.0,0,0,0,1,0,0,39,0.816,0,190.2,1.02,-1.6,-2.2,1.38,1.24,1.14,157.1,0.0
2025-09-20,105,BW-201,Bramblewick Trail Bars Peanut 6ct,Bars,Hollybrook Foods,176.5,4.99,4.99,880.54,4.99,0,0.0,0,0,0,1,0,0,39,0.816,0,184.0,1.02,-1.6,-2.2,1.38,1.24,1.14,176.5,0.0
2025-09-27,106,BW-201,Bramblewick Trail Bars Peanut 6ct,Bars,Hollybrook Foods,179.9,4.99,4.99,897.61,4.99,0,0.0,0,0,0,0,0,0,40,0.837,0,182.2,1.02,-1.6,-2.2,1.38,1.24,1.14,179.9,0.0
2025-10-04,107,BW-201,Bramblewick Trail Bars Peanut 6ct,Bars,Hollybrook Foods,172.6,4.99,4.99,861.46,4.99,0,0.0,0,0,0,0,0,0,40,0.837,0,175.9,1.02,-1.6,-2.2,1.38,1.24,1.14,172.6,0.0
2025-10-11,108,BW-201,Bramblewick Trail Bars Peanut 6ct,Bars,Hollybrook Foods,146.3,4.99,4.99,730.28,4.99,0,0.0,0,0,0,0,0,0,41,0.858,0,174.2,1.02,-1.6,-2.2,1.38,1.24,1.14,146.3,0.0
2025-10-18,109,BW-201,Bramblewick Trail Bars Peanut 6ct,Bars,Hollybrook Foods,161.2,4.99,4.99,804.18,4.99,0,0.0,0,0,0,0,0,0,39,0.816,0,160.4,1.02,-1.6,-2.2,1.38,1.24,1.14,161.2,0.0
2025-10-25,110,BW-201,Bramblewick Trail Bars Peanut 6ct,Bars,Hollybrook Foods,131.5,4.99,4.99,656.37,4.99,0,0.0,0,0,0,1,0,0,39,0.816,0,155.6,1.02,-1.6,-2.2,1.38,1.24,1.14,131.5,0.0
2025-11-01,111,BW-201,Bramblewick Trail Bars Peanut 6ct,Bars,Hollybrook Foods,150.6,4.99,4.99,751.31,4.99,0,0.0,0,0,0,1,0,0,40,0.837,0,155.4,1.02,-1.6,-2.2,1.38,1.24,1.14,150.6,0.0
2025-11-08,112,BW-201,Bramblewick Trail Bars Peanut 6ct,Bars,Hollybrook Foods,144.1,5.29,5.29,762.05,5.29,0,0.0,0,0,0,0,0,0,41,0.858,0,141.8,1.02,-1.6,-2.2,1.38,1.24,1.14,144.1,0.0
2025-11-15,113,BW-201,Bramblewick Trail Bars Peanut 6ct,Bars,Hollybrook Foods,138.2,5.29,5.29,731.16,5.29,0,0.0,0,0,0,0,0,0,41,0.858,0,139.3,1.02,-1.6,-2.2,1.38,1.24,1.14,138.2,0.0
2025-11-22,114,BW-201,Bramblewick Trail Bars Peanut 6ct,Bars,Hollybrook Foods,133.9,5.29,5.29,708.58,5.29,0,0.0,0,0,0,0,0,0,40,0.837,0,141.8,1.02,-1.6,-2.2,1.38,1.24,1.14,133.9,0.0
2025-11-29,115,BW-201,Bramblewick Trail Bars Peanut 6ct,Bars,Hollybrook Foods,134.8,5.29,5.29,713.12,5.29,0,0.0,0,0,0,0,0,0,40,0.837,0,144.0,1.02,-1.6,-2.2,1.38,1.24,1.14,134.8,0.0
2025-12-06,116,BW-201,Bramblewick Trail Bars Peanut 6ct,Bars,Hollybrook Foods,125.4,5.29,5.29,663.52,5.29,0,0.0,0,0,0,0,0,0,41,0.858,0,135.8,1.02,-1.6,-2.2,1.38,1.24,1.14,125.4,0.0
2025-12-13,117,BW-201,Bramblewick Trail Bars Peanut 6ct,Bars,Hollybrook Foods,148.5,5.29,5.29,785.66,5.29,0,0.0,0,0,0,0,0,0,40,0.837,0,137.4,1.02,-1.6,-2.2,1.38,1.24,1.14,148.5,0.0
2025-12-20,118,BW-201,Bramblewick Trail Bars Peanut 6ct,Bars,Hollybrook Foods,124.0,5.29,5.29,656.21,5.29,0,0.0,0,0,0,0,1,0,42,0.879,0,151.7,1.02,-1.6,-2.2,1.38,1.24,1.14,124.0,0.0
2025-12-27,119,BW-201,Bramblewick Trail Bars Peanut 6ct,Bars,Hollybrook Foods,163.2,5.29,4.5,760.48,4.66,1,0.15,0,0,0,0,0,0,40,0.837,0,140.6,1.02,-1.6,-2.2,1.38,1.24,1.14,136.5,26.7
2026-01-03,120,BW-201,Bramblewick Trail Bars Peanut 6ct,Bars,Hollybrook Foods,238.1,5.29,4.5,1078.51,4.53,1,0.15,0,0,0,0,0,0,42,0.879,0,160.9,1.02,-1.6,-2.2,1.38,1.24,1.14,136.5,101.6
2026-01-10,121,BW-201,Bramblewick Trail Bars Peanut 6ct,Bars,Hollybrook Foods,152.5,5.29,5.29,806.89,5.29,0,0.0,0,0,0,1,0,1,41,0.858,0,159.2,1.02,-1.6,-2.2,1.38,1.24,1.14,152.5,0.0
2026-01-17,122,BW-201,Bramblewick Trail Bars Peanut 6ct,Bars,Hollybrook Foods,148.6,5.29,5.29,786.01,5.29,0,0.0,0,0,0,0,0,0,41,0.858,0,143.4,1.02,-1.6,-2.2,1.38,1.24,1.14,148.6,0.0
2026-01-24,123,BW-201,Bramblewick Trail Bars Peanut 6ct,Bars,Hollybrook Foods,128.7,5.29,5.29,680.73,5.29,0,0.0,0,0,0,1,0,0,42,0.879,0,149.2,1.02,-1.6,-2.2,1.38,1.24,1.14,128.7,0.0
2026-01-31,124,BW-201,Bramblewick Trail Bars Peanut 6ct,Bars,Hollybrook Foods,175.0,5.29,5.29,925.79,5.29,0,0.0,0,0,0,0,1,0,40,0.837,0,144.5,1.02,-1.6,-2.2,1.38,1.24,1.14,175.0,0.0
2026-02-07,125,BW-201,Bramblewick Trail Bars Peanut 6ct,Bars,Hollybrook Foods,157.2,5.29,4.23,674.32,4.29,1,0.2,0,1,0,0,0,0,41,0.858,0,150.5,1.02,-1.6,-2.2,1.38,1.24,1.14,141.6,15.5
2026-02-14,126,BW-201,Bramblewick Trail Bars Peanut 6ct,Bars,Hollybrook Foods,137.5,5.29,4.23,588.55,4.28,1,0.2,0,1,0,0,0,0,40,0.837,0,149.2,1.02,-1.6,-2.2,1.38,1.24,1.14,141.6,0.0
2026-02-21,127,BW-201,Bramblewick Trail Bars Peanut 6ct,Bars,Hollybrook Foods,129.3,5.29,5.29,684.15,5.29,0,0.0,0,0,0,1,0,1,41,0.858,0,155.2,1.02,-1.6,-2.2,1.38,1.24,1.14,129.3,0.0
2026-02-28,128,BW-201,Bramblewick Trail Bars Peanut 6ct,Bars,Hollybrook Foods,154.7,5.29,5.29,818.22,5.29,0,0.0,0,0,0,1,0,0,41,0.858,0,157.5,1.02,-1.6,-2.2,1.38,1.24,1.14,154.7,0.0
2026-03-07,129,BW-201,Bramblewick Trail Bars Peanut 6ct,Bars,Hollybrook Foods,149.1,5.29,5.29,788.52,5.29,0,0.0,0,0,0,0,0,0,40,0.837,0,155.7,1.02,-1.6,-2.2,1.38,1.24,1.14,149.1,0.0
2026-03-14,130,BW-201,Bramblewick Trail Bars Peanut 6ct,Bars,Hollybrook Foods,184.9,5.29,5.29,978.32,5.29,0,0.0,0,0,0,0,0,0,43,0.9,0,169.6,1.02,-1.6,-2.2,1.38,1.24,1.14,184.9,0.0
2026-03-21,131,BW-201,Bramblewick Trail Bars Peanut 6ct,Bars,Hollybrook Foods,165.0,5.29,5.29,872.95,5.29,0,0.0,0,0,0,0,0,0,43,0.9,0,171.8,1.02,-1.6,-2.2,1.38,1.24,1.14,165.0,0.0
2026-03-28,132,BW-201,Bramblewick Trail Bars Peanut 6ct,Bars,Hollybrook Foods,176.3,5.29,5.29,932.8,5.29,0,0.0,0,0,0,0,0,0,43,0.9,0,173.9,1.02,-1.6,-2.2,1.38,1.24,1.14,176.3,0.0
2026-04-04,133,BW-201,Bramblewick Trail Bars Peanut 6ct,Bars,Hollybrook Foods,177.7,5.29,5.29,939.95,5.29,0,0.0,0,0,0,0,0,0,42,0.879,0,172.1,1.02,-1.6,-2.2,1.38,1.24,1.14,177.7,0.0
2026-04-11,134,BW-201,Bramblewick Trail Bars Peanut 6ct,Bars,Hollybrook Foods,135.8,5.29,5.29,718.25,5.29,0,0.0,0,0,0,0,0,0,43,0.9,0,178.7,1.02,-1.6,-2.2,1.38,1.24,1.14,135.8,0.0
2026-04-18,135,BW-201,Bramblewick Trail Bars Peanut 6ct,Bars,Hollybrook Foods,207.1,5.29,5.29,1095.5,5.29,0,0.0,0,0,0,0,0,0,43,0.9,0,181.3,1.02,-1.6,-2.2,1.38,1.24,1.14,207.1,0.0
2026-04-25,136,BW-201,Bramblewick Trail Bars Peanut 6ct,Bars,Hollybrook Foods,195.8,5.29,5.29,1035.79,5.29,0,0.0,0,0,0,0,0,0,43,0.9,0,184.2,1.02,-1.6,-2.2,1.38,1.24,1.14,195.8,0.0
2026-05-02,137,BW-201,Bramblewick Trail Bars Peanut 6ct,Bars,Hollybrook Foods,195.9,5.29,5.29,1036.44,5.29,0,0.0,0,0,0,0,0,0,43,0.9,0,187.4,1.02,-1.6,-2.2,1.38,1.24,1.14,195.9,0.0
2026-05-09,138,BW-201,Bramblewick Trail Bars Peanut 6ct,Bars,Hollybrook Foods,193.9,5.29,5.29,1025.65,5.29,0,0.0,0,0,0,0,0,0,43,0.9,0,191.0,1.02,-1.6,-2.2,1.38,1.24,1.14,193.9,0.0
2026-05-16,139,BW-201,Bramblewick Trail Bars Peanut 6ct,Bars,Hollybrook Foods,166.0,5.29,5.29,878.27,5.29,0,0.0,0,0,0,1,0,0,43,0.9,0,194.8,1.02,-1.6,-2.2,1.38,1.24,1.14,166.0,0.0
2026-05-23,140,BW-201,Bramblewick Trail Bars Peanut 6ct,Bars,Hollybrook Foods,226.9,5.29,5.29,1200.22,5.29,0,0.0,0,0,0,1,0,0,42,0.879,0,223.5,1.02,-1.6,-2.2,1.38,1.24,1.14,226.9,0.0
2026-05-30,141,BW-201,Bramblewick Trail Bars Peanut 6ct,Bars,Hollybrook Foods,243.4,5.29,5.29,1287.42,5.29,0,0.0,0,0,0,0,0,0,42,0.879,0,244.9,1.02,-1.6,-2.2,1.38,1.24,1.14,243.4,0.0
2026-06-06,142,BW-201,Bramblewick Trail Bars Peanut 6ct,Bars,Hollybrook Foods,226.9,5.29,5.29,1200.16,5.29,0,0.0,0,0,0,0,0,0,43,0.9,0,207.6,1.02,-1.6,-2.2,1.38,1.24,1.14,226.9,0.0
2026-06-13,143,BW-201,Bramblewick Trail Bars Peanut 6ct,Bars,Hollybrook Foods,186.6,5.29,5.29,987.06,5.29,0,0.0,0,0,0,0,0,0,46,0.963,0,226.7,1.02,-1.6,-2.2,1.38,1.24,1.14,186.6,0.0
2026-06-20,144,BW-201,Bramblewick Trail Bars Peanut 6ct,Bars,Hollybrook Foods,285.4,5.29,5.29,1509.74,5.29,0,0.0,0,0,0,0,0,0,46,0.963,0,231.1,1.02,-1.6,-2.2,1.38,1.24,1.14,285.4,0.0
2026-06-27,145,BW-201,Bramblewick Trail Bars Peanut 6ct,Bars,Hollybrook Foods,291.7,5.29,5.29,1542.92,5.29,0,0.0,0,0,0,0,1,0,46,0.963,0,298.9,1.02,-1.6,-2.2,1.38,1.24,1.14,291.7,0.0
2026-07-04,146,BW-201,Bramblewick Trail Bars Peanut 6ct,Bars,Hollybrook Foods,694.4,5.29,4.23,3096.91,4.46,1,0.2,0,1,0,0,0,0,44,0.921,0,332.0,1.02,-1.6,-2.2,1.38,1.24,1.14,226.9,467.5
2026-07-11,147,BW-201,Bramblewick Trail Bars Peanut 6ct,Bars,Hollybrook Foods,175.0,5.29,5.29,925.53,5.29,0,0.0,0,0,0,1,0,1,46,0.963,0,241.1,1.02,-1.6,-2.2,1.38,1.24,1.14,175.0,0.0
2026-07-18,148,BW-201,Bramblewick Trail Bars Peanut 6ct,Bars,Hollybrook Foods,213.3,5.29,5.29,1128.24,5.29,0,0.0,0,0,0,0,0,0,45,0.942,0,237.4,1.02,-1.6,-2.2,1.38,1.24,1.14,213.3,0.0
2026-07-25,149,BW-201,Bramblewick Trail Bars Peanut 6ct,Bars,Hollybrook Foods,252.3,5.29,5.29,1334.65,5.29,0,0.0,0,0,0,0,0,0,46,0.963,0,243.1,1.02,-1.6,-2.2,1.38,1.24,1.14,252.3,0.0
2026-08-01,150,BW-201,Bramblewick Trail Bars Peanut 6ct,Bars,Hollybrook Foods,160.5,5.29,5.29,849.25,5.29,0,0.0,0,0,0,0,1,0,46,0.963,0,242.2,1.02,-1.6,-2.2,1.38,1.24,1.14,160.5,0.0
2026-08-08,151,BW-201,Bramblewick Trail Bars Peanut 6ct,Bars,Hollybrook Foods,1158.4,5.29,3.7,4703.13,4.06,1,0.3,1,1,1,1,0,0,44,0.921,0,229.7,1.02,-1.6,-2.2,1.38,1.24,1.14,220.1,938.3
2026-08-15,152,BW-201,Bramblewick Trail Bars Peanut 6ct,Bars,Hollybrook Foods,900.8,5.29,3.7,3621.33,4.02,1,0.3,1,1,1,1,0,0,46,0.963,0,236.8,1.02,-1.6,-2.2,1.38,1.24,1.14,220.1,680.7
2026-08-22,153,BW-201,Bramblewick Trail Bars Peanut 6ct,Bars,Hollybrook Foods,1002.4,5.29,3.7,4009.78,4.0,1,0.3,1,1,1,1,0,0,45,0.942,0,265.6,1.02,-1.6,-2.2,1.38,1.24,1.14,220.1,782.3
2026-08-29,154,BW-201,Bramblewick Trail Bars Peanut 6ct,Bars,Hollybrook Foods,239.2,5.29,5.29,1265.51,5.29,0,0.0,0,0,0,0,0,1,45,0.942,0,259.4,1.02,-1.6,-2.2,1.38,1.24,1.14,239.2,0.0
2026-09-05,155,BW-201,Bramblewick Trail Bars Peanut 6ct,Bars,Hollybrook Foods,257.1,5.29,5.29,1359.91,5.29,0,0.0,0,0,0,0,0,0,44,0.921,0,211.0,1.02,-1.6,-2.2,1.38,1.24,1.14,257.1,0.0
2023-09-16,0,BW-201,Bramblewick Trail Bars Peanut 6ct,Bars,ThriftLane,948.0,3.49,3.49,3308.41,3.49,0,0.0,0,0,0,0,0,0,82,0.55,0,947.8,1.02,-1.6,-2.2,1.38,1.24,1.14,948.0,0.0
2023-09-23,1,BW-201,Bramblewick Trail Bars Peanut 6ct,Bars,ThriftLane,721.9,3.49,3.49,2519.45,3.49,0,0.0,0,0,0,0,0,0,82,0.55,0,784.0,1.02,-1.6,-2.2,1.38,1.24,1.14,721.9,0.0
2023-09-30,2,BW-201,Bramblewick Trail Bars Peanut 6ct,Bars,ThriftLane,793.0,3.49,3.49,2767.68,3.49,0,0.0,0,0,0,0,0,0,82,0.55,0,757.0,1.02,-1.6,-2.2,1.38,1.24,1.14,793.0,0.0
2023-10-07,3,BW-201,Bramblewick Trail Bars Peanut 6ct,Bars,ThriftLane,732.0,3.49,3.49,2554.81,3.49,0,0.0,0,0,0,1,0,0,83,0.556,0,739.6,1.02,-1.6,-2.2,1.38,1.24,1.14,732.0,0.0
2023-10-14,4,BW-201,Bramblewick Trail Bars Peanut 6ct,Bars,ThriftLane,783.7,3.49,3.49,2735.13,3.49,0,0.0,0,0,0,1,0,0,81,0.543,0,697.2,1.02,-1.6,-2.2,1.38,1.24,1.14,783.7,0.0
2023-10-21,5,BW-201,Bramblewick Trail Bars Peanut 6ct,Bars,ThriftLane,782.3,3.49,3.49,2730.38,3.49,0,0.0,0,0,0,0,0,0,82,0.55,0,682.8,1.02,-1.6,-2.2,1.38,1.24,1.14,782.3,0.0
2023-10-28,6,BW-201,Bramblewick Trail Bars Peanut 6ct,Bars,ThriftLane,559.4,3.49,3.49,1952.24,3.49,0,0.0,0,0,0,0,0,0,83,0.556,0,670.5,1.02,-1.6,-2.2,1.38,1.24,1.14,559.4,0.0
2023-11-04,7,BW-201,Bramblewick Trail Bars Peanut 6ct,Bars,ThriftLane,739.8,3.49,3.49,2581.81,3.49,0,0.0,0,0,0,0,0,0,82,0.55,0,644.8,1.02,-1.6,-2.2,1.38,1.24,1.14,739.8,0.0
2023-11-11,8,BW-201,Bramblewick Trail Bars Peanut 6ct,Bars,ThriftLane,694.5,3.49,3.49,2423.81,3.49,0,0.0,0,0,0,0,0,0,81,0.543,0,622.5,1.02,-1.6,-2.2,1.38,1.24,1.14,694.5,0.0
2023-11-18,9,BW-201,Bramblewick Trail Bars Peanut 6ct,Bars,ThriftLane,594.6,3.49,3.49,2075.25,3.49,0,0.0,0,0,0,1,0,0,82,0.55,0,654.4,1.02,-1.6,-2.2,1.38,1.24,1.14,594.6,0.0
2023-11-25,10,BW-201,Bramblewick Trail Bars Peanut 6ct,Bars,ThriftLane,601.4,3.49,3.49,2098.81,3.49,0,0.0,0,0,0,1,1,0,82,0.55,0,661.3,1.02,-1.6,-2.2,1.38,1.24,1.14,601.4,0.0
2023-12-02,11,BW-201,Bramblewick Trail Bars Peanut 6ct,Bars,ThriftLane,1004.7,3.49,2.97,3034.31,3.02,1,0.15,0,0,0,1,0,0,82,0.55,0,605.2,1.02,-1.6,-2.2,1.38,1.24,1.14,713.2,291.5
2023-12-09,12,BW-201,Bramblewick Trail Bars Peanut 6ct,Bars,ThriftLane,840.6,3.49,2.97,2580.54,3.07,1,0.15,0,0,0,0,0,0,83,0.556,0,610.2,1.02,-1.6,-2.2,1.38,1.24,1.14,713.2,127.4
2023-12-16,13,BW-201,Bramblewick Trail Bars Peanut 6ct,Bars,ThriftLane,541.6,3.49,3.49,1890.21,3.49,0,0.0,0,0,0,0,0,1,87,0.583,0,663.5,1.02,-1.6,-2.2,1.38,1.24,1.14,541.6,0.0
2023-12-23,14,BW-201,Bramblewick Trail Bars Peanut 6ct,Bars,ThriftLane,670.8,3.49,3.49,2341.04,3.49,0,0.0,0,0,0,0,0,0,86,0.577,0,689.4,1.02,-1.6,-2.2,1.38,1.24,1.14,670.8,0.0
2023-12-30,15,BW-201,Bramblewick Trail Bars Peanut 6ct,Bars,ThriftLane,699.3,3.49,3.49,2440.69,3.49,0,0.0,0,0,0,0,1,0,87,0.583,0,678.3,1.02,-1.6,-2.2,1.38,1.24,1.14,699.3,0.0
2024-01-06,16,BW-201,Bramblewick Trail Bars Peanut 6ct,Bars,ThriftLane,2230.6,3.49,2.62,6245.82,2.8,1,0.25,1,1,0,0,0,0,88,0.59,0,747.9,1.02,-1.6,-2.2,1.38,1.24,1.14,636.1,1594.5
2024-01-13,17,BW-201,Bramblewick Trail Bars Peanut 6ct,Bars,ThriftLane,2207.8,3.49,2.62,6027.43,2.73,1,0.25,1,1,0,1,0,0,87,0.583,0,749.3,1.02,-1.6,-2.2,1.38,1.24,1.14,636.1,1571.7
2024-01-20,18,BW-201,Bramblewick Trail Bars Peanut 6ct,Bars,ThriftLane,482.8,3.49,3.49,1684.99,3.49,0,0.0,0,0,0,1,0,1,87,0.583,0,674.6,1.02,-1.6,-2.2,1.38,1.24,1.14,482.8,0.0
2024-01-27,19,BW-201,Bramblewick Trail Bars Peanut 6ct,Bars,ThriftLane,726.3,3.49,3.49,2534.68,3.49,0,0.0,0,0,0,0,0,0,87,0.583,0,685.4,1.02,-1.6,-2.2,1.38,1.24,1.14,726.3,0.0
2024-02-03,20,BW-201,Bramblewick Trail Bars Peanut 6ct,Bars,ThriftLane,629.1,3.49,3.49,2195.57,3.49,0,0.0,0,0,0,0,0,0,88,0.59,0,704.6,1.02,-1.6,-2.2,1.38,1.24,1.14,629.1,0.0
2024-02-10,21,BW-201,Bramblewick Trail Bars Peanut 6ct,Bars,ThriftLane,578.4,3.49,3.49,2018.57,3.49,0,0.0,0,0,0,1,1,0,86,0.577,0,699.7,1.02,-1.6,-2.2,1.38,1.24,1.14,578.4,0.0
2024-02-17,22,BW-201,Bramblewick Trail Bars Peanut 6ct,Bars,ThriftLane,2105.5,3.49,2.79,6232.16,2.96,1,0.2,1,1,1,0,0,0,88,0.59,0,727.2,1.02,-1.6,-2.2,1.38,1.24,1.14,615.2,1490.2
2024-02-24,23,BW-201,Bramblewick Trail Bars Peanut 6ct,Bars,ThriftLane,2750.3,3.49,2.79,7976.0,2.9,1,0.2,1,1,1,1,0,0,86,0.577,0,721.3,1.02,-1.6,-2.2,1.38,1.24,1.14,615.2,2135.0
2024-03-02,24,BW-201,Bramblewick Trail Bars Peanut 6ct,Bars,ThriftLane,767.1,3.49,3.49,2677.03,3.49,0,0.0,0,0,0,0,0,1,87,0.583,0,740.0,1.02,-1.6,-2.2,1.38,1.24,1.14,767.1,0.0
2024-03-09,25,BW-201,Bramblewick Trail Bars Peanut 6ct,Bars,ThriftLane,970.7,3.49,3.49,3387.71,3.49,0,0.0,0,0,0,0,0,0,88,0.59,0,758.6,1.02,-1.6,-2.2,1.38,1.24,1.14,970.7,0.0
2024-03-16,26,BW-201,Bramblewick Trail Bars Peanut 6ct,Bars,ThriftLane,746.3,3.49,3.49,2604.53,3.49,0,0.0,0,0,0,0,0,0,92,0.617,0,803.3,1.02,-1.6,-2.2,1.38,1.24,1.14,746.3,0.0
2024-03-23,27,BW-201,Bramblewick Trail Bars Peanut 6ct,Bars,ThriftLane,626.2,3.49,3.49,2185.5,3.49,0,0.0,0,0,0,1,1,0,93,0.624,0,822.2,1.02,-1.6,-2.2,1.38,1.24,1.14,626.2,0.0
2024-03-30,28,BW-201,Bramblewick Trail Bars Peanut 6ct,Bars,ThriftLane,1232.8,3.49,2.97,3747.6,3.04,1,0.15,0,0,0,1,0,0,93,0.624,0,832.5,1.02,-1.6,-2.2,1.38,1.24,1.14,677.7,555.1
2024-04-06,29,BW-201,Bramblewick Trail Bars Peanut 6ct,Bars,ThriftLane,977.7,3.49,2.97,2962.3,3.03,1,0.15,0,0,0,0,0,0,91,0.61,0,825.1,1.02,-1.6,-2.2,1.38,1.24,1.14,677.7,300.0
2024-04-13,30,BW-201,Bramblewick Trail Bars Peanut 6ct,Bars,ThriftLane,754.9,3.49,3.49,2634.45,3.49,0,0.0,0,0,0,0,0,1,93,0.624,0,854.7,1.02,-1.6,-2.2,1.38,1.24,1.14,754.9,0.0
2024-04-20,31,BW-201,Bramblewick Trail Bars Peanut 6ct,Bars,ThriftLane,913.6,3.49,3.49,3188.37,3.49,0,0.0,0,0,0,0,0,0,91,0.61,0,848.5,1.02,-1.6,-2.2,1.38,1.24,1.14,913.6,0.0
2024-04-27,32,BW-201,Bramblewick Trail Bars Peanut 6ct,Bars,ThriftLane,763.9,3.49,3.49,2666.18,3.49,0,0.0,0,0,0,1,0,0,91,0.61,0,862.0,1.02,-1.6,-2.2,1.38,1.24,1.14,763.9,0.0
2024-05-04,33,BW-201,Bramblewick Trail Bars Peanut 6ct,Bars,ThriftLane,961.6,3.49,3.49,3355.99,3.49,0,0.0,0,0,0,0,0,0,91,0.61,0,876.8,1.02,-1.6,-2.2,1.38,1.24,1.14,961.6,0.0
2024-05-11,34,BW-201,Bramblewick Trail Bars Peanut 6ct,Bars,ThriftLane,810.5,3.49,3.49,2828.69,3.49,0,0.0,0,0,0,0,1,0,93,0.624,0,912.8,1.02,-1.6,-2.2,1.38,1.24,1.14,810.5,0.0
2024-05-18,35,BW-201,Bramblewick Trail Bars Peanut 6ct,Bars,ThriftLane,2278.5,3.49,2.79,6539.32,2.87,1,0.2,0,1,1,0,0,0,91,0.61,0,1047.8,1.02,-1.6,-2.2,1.38,1.24,1.14,787.2,1491.3
2024-05-25,36,BW-201,Bramblewick Trail Bars Peanut 6ct,Bars,ThriftLane,2312.2,3.79,3.03,7283.37,3.15,1,0.2,0,1,1,0,0,0,92,0.617,0,1016.4,1.02,-1.6,-2.2,1.38,1.24,1.14,787.2,1525.0
2024-06-01,37,BW-201,Bramblewick Trail Bars Peanut 6ct,Bars,ThriftLane,866.7,3.79,3.79,3284.65,3.79,0,0.0,0,0,0,0,0,1,93,0.624,0,850.7,1.02,-1.6,-2.2,1.38,1.24,1.14,866.7,0.0
2024-06-08,38,BW-201,Bramblewick Trail Bars Peanut 6ct,Bars,ThriftLane,843.5,3.79,3.79,3196.68,3.79,0,0.0,0,0,0,1,0,0,91,0.61,0,850.2,1.02,-1.6,-2.2,1.38,1.24,1.14,843.5,0.0
2024-06-15,39,BW-201,Bramblewick Trail Bars Peanut 6ct,Bars,ThriftLane,937.4,3.79,3.79,3552.92,3.79,0,0.0,0,0,0,1,0,0,98,0.657,0,934.5,1.02,-1.6,-2.2,1.38,1.24,1.14,937.4,0.0
2024-06-22,40,BW-201,Bramblewick Trail Bars Peanut 6ct,Bars,ThriftLane,955.2,3.79,3.79,3620.26,3.79,0,0.0,0,0,0,0,0,0,97,0.65,0,942.9,1.02,-1.6,-2.2,1.38,1.24,1.14,955.2,0.0
2024-06-29,41,BW-201,Bramblewick Trail Bars Peanut 6ct,Bars,ThriftLane,955.1,3.79,3.79,3619.88,3.79,0,0.0,0,0,0,1,1,0,97,0.65,0,1219.2,1.02,-1.6,-2.2,1.38,1.24,1.14,955.1,0.0
2024-07-06,42,BW-201,Bramblewick Trail Bars Peanut 6ct,Bars,ThriftLane,1918.0,3.79,3.22,6425.14,3.35,1,0.15,0,0,0,1,0,0,97,0.65,0,1415.2,1.02,-1.6,-2.2,1.38,1.24,1.14,902.0,1016.0
2024-07-13,43,BW-201,Bramblewick Trail Bars Peanut 6ct,Bars,ThriftLane,797.9,3.79,3.79,3024.15,3.79,0,0.0,0,0,0,1,0,1,96,0.644,0,972.7,1.02,-1.6,-2.2,1.38,1.24,1.14,797.9,0.0
2024-07-20,44,BW-201,Bramblewick Trail Bars Peanut 6ct,Bars,ThriftLane,840.2,3.79,3.79,3184.37,3.79,0,0.0,0,0,0,0,0,0,97,0.65,0,989.0,1.02,-1.6,-2.2,1.38,1.24,1.14,840.2,0.0
2024-07-27,45,BW-201,Bramblewick Trail Bars Peanut 6ct,Bars,ThriftLane,888.6,3.79,3.79,3367.98,3.79,0,0.0,0,0,0,0,0,0,96,0.644,0,980.3,1.02,-1.6,-2.2,1.38,1.24,1.14,888.6,0.0
2024-08-03,46,BW-201,Bramblewick Trail Bars Peanut 6ct,Bars,ThriftLane,722.4,3.79,3.79,2737.75,3.79,0,0.0,0,0,0,1,0,0,97,0.65,0,986.9,1.02,-1.6,-2.2,1.38,1.24,1.14,722.4,0.0
2024-08-10,47,BW-201,Bramblewick Trail Bars Peanut 6ct,Bars,ThriftLane,898.3,3.79,3.79,3404.63,3.79,0,0.0,0,0,0,1,0,0,98,0.657,0,988.2,1.02,-1.6,-2.2,1.38,1.24,1.14,898.3,0.0
2024-08-17,48,BW-201,Bramblewick Trail Bars Peanut 6ct,Bars,ThriftLane,988.7,3.79,3.79,3747.19,3.79,0,0.0,0,0,0,0,0,0,97,0.65,0,964.3,1.02,-1.6,-2.2,1.38,1.24,1.14,988.7,0.0
2024-08-24,49,BW-201,Bramblewick Trail Bars Peanut 6ct,Bars,ThriftLane,1013.8,3.79,3.79,3842.13,3.79,0,0.0,0,0,0,0,0,0,98,0.657,0,1116.9,1.02,-1.6,-2.2,1.38,1.24,1.14,1013.8,0.0
2024-08-31,50,BW-201,Bramblewick Trail Bars Peanut 6ct,Bars,ThriftLane,1021.8,3.79,3.79,3872.53,3.79,0,0.0,0,0,0,1,1,0,98,0.657,0,1090.5,1.02,-1.6,-2.2,1.38,1.24,1.14,1021.8,0.0
2024-09-07,51,BW-201,Bramblewick Trail Bars Peanut 6ct,Bars,ThriftLane,1304.2,3.79,3.22,4342.84,3.33,1,0.15,0,0,0,1,0,0,97,0.65,0,898.0,1.02,-1.6,-2.2,1.38,1.24,1.14,893.4,410.8
2024-09-14,52,BW-201,Bramblewick Trail Bars Peanut 6ct,Bars,ThriftLane,1315.4,3.79,3.22,4327.6,3.29,1,0.15,0,0,0,0,0,0,104,0.697,0,933.1,1.02,-1.6,-2.2,1.38,1.24,1.14,893.4,422.0
2024-09-21,53,BW-201,Bramblewick Trail Bars Peanut 6ct,Bars,ThriftLane,893.7,3.79,3.79,3387.02,3.79,0,0.0,0,0,0,0,0,1,103,0.691,0,893.6,1.02,-1.6,-2.2,1.38,1.24,1.14,893.7,0.0
2024-09-28,54,BW-201,Bramblewick Trail Bars Peanut 6ct,Bars,ThriftLane,887.1,3.79,3.79,3362.27,3.79,0,0.0,0,0,0,0,0,0,102,0.684,0,854.4,1.02,-1.6,-2.2,1.38,1.24,1.14,887.1,0.0
2024-10-05,55,BW-201,Bramblewick Trail Bars Peanut 6ct,Bars,ThriftLane,745.1,3.79,3.79,2824.09,3.79,0,0.0,0,0,0,0,0,0,103,0.691,0,832.8,1.02,-1.6,-2.2,1.38,1.24,1.14,745.1,0.0
2024-10-12,56,BW-201,Bramblewick Trail Bars Peanut 6ct,Bars,ThriftLane,742.7,3.79,3.79,2814.68,3.79,0,0.0,0,0,0,0,0,0,102,0.684,0,796.6,1.02,-1.6,-2.2,1.38,1.24,1.14,742.7,0.0
2024-10-19,57,BW-201,Bramblewick Trail Bars Peanut 6ct,Bars,ThriftLane,642.3,3.79,3.79,2434.41,3.79,0,0.0,0,0,0,0,1,0,103,0.691,0,778.3,1.02,-1.6,-2.2,1.38,1.24,1.14,642.3,0.0
2024-10-26,58,BW-201,Bramblewick Trail Bars Peanut 6ct,Bars,ThriftLane,1176.4,3.79,3.22,3917.43,3.33,1,0.15,0,0,0,0,0,0,103,0.691,0,755.0,1.02,-1.6,-2.2,1.38,1.24,1.14,890.4,286.0
2024-11-02,59,BW-201,Bramblewick Trail Bars Peanut 6ct,Bars,ThriftLane,589.5,3.79,3.79,2234.35,3.79,0,0.0,0,0,0,1,0,1,102,0.684,0,727.8,1.02,-1.6,-2.2,1.38,1.24,1.14,589.5,0.0
2024-11-09,60,BW-201,Bramblewick Trail Bars Peanut 6ct,Bars,ThriftLane,784.7,3.79,3.79,2974.01,3.79,0,0.0,0,0,0,0,0,0,102,0.684,0,711.3,1.02,-1.6,-2.2,1.38,1.24,1.14,784.7,0.0
2024-11-16,61,BW-201,Bramblewick Trail Bars Peanut 6ct,Bars,ThriftLane,576.3,3.79,3.79,2184.13,3.79,0,0.0,0,0,0,1,0,0,103,0.691,0,705.2,1.02,-1.6,-2.2,1.38,1.24,1.14,576.3,0.0
2024-11-23,62,BW-201,Bramblewick Trail Bars Peanut 6ct,Bars,ThriftLane,565.8,3.79,3.79,2144.48,3.79,0,0.0,0,0,0,1,0,0,102,0.684,0,728.7,1.02,-1.6,-2.2,1.38,1.24,1.14,565.8,0.0
2024-11-30,63,BW-201,Bramblewick Trail Bars Peanut 6ct,Bars,ThriftLane,808.9,3.79,3.79,3065.63,3.79,0,0.0,0,0,0,0,1,0,103,0.691,0,747.2,1.02,-1.6,-2.2,1.38,1.24,1.14,808.9,0.0
2024-12-07,64,BW-201,Bramblewick Trail Bars Peanut 6ct,Bars,ThriftLane,1103.1,3.79,3.22,3684.37,3.34,1,0.15,0,0,0,0,0,0,103,0.691,0,687.1,1.02,-1.6,-2.2,1.38,1.24,1.14,692.5,410.6
2024-12-14,65,BW-201,Bramblewick Trail Bars Peanut 6ct,Bars,ThriftLane,590.4,3.79,3.79,2237.79,3.79,0,0.0,0,0,0,0,0,1,107,0.717,0,740.5,1.02,-1.6,-2.2,1.38,1.24,1.14,590.4,0.0
2024-12-21,66,BW-201,Bramblewick Trail Bars Peanut 6ct,Bars,ThriftLane,880.3,3.79,3.79,3336.36,3.79,0,0.0,0,0,0,0,0,0,108,0.724,0,785.5,1.02,-1.6,-2.2,1.38,1.24,1.14,880.3,0.0
2024-12-28,67,BW-201,Bramblewick Trail Bars Peanut 6ct,Bars,ThriftLane,617.9,3.79,3.79,2341.92,3.79,0,0.0,0,0,0,1,0,0,107,0.717,0,757.0,1.02,-1.6,-2.2,1.38,1.24,1.14,617.9,0.0
2025-01-04,68,BW-201,Bramblewick Trail Bars Peanut 6ct,Bars,ThriftLane,820.0,3.79,3.79,3107.69,3.79,0,0.0,0,0,0,1,1,0,107,0.717,0,825.1,1.02,-1.6,-2.2,1.38,1.24,1.14,820.0,0.0
2025-01-11,69,BW-201,Bramblewick Trail Bars Peanut 6ct,Bars,ThriftLane,2073.6,3.79,3.03,6407.5,3.09,1,0.2,0,1,1,1,0,0,107,0.717,0,836.2,1.02,-1.6,-2.2,1.38,1.24,1.14,701.3,1372.3
2025-01-18,70,BW-201,Bramblewick Trail Bars Peanut 6ct,Bars,ThriftLane,1620.8,3.79,3.03,4975.74,3.07,1,0.2,0,1,1,0,0,0,108,0.724,0,759.9,1.02,-1.6,-2.2,1.38,1.24,1.14,701.3,919.5
2025-01-25,71,BW-201,Bramblewick Trail Bars Peanut 6ct,Bars,ThriftLane,700.9,3.79,3.79,2656.54,3.79,0,0.0,0,0,0,0,0,1,108,0.724,0,772.0,1.02,-1.6,-2.2,1.38,1.24,1.14,700.9,0.0
2025-02-01,72,BW-201,Bramblewick Trail Bars Peanut 6ct,Bars,ThriftLane,679.2,3.79,3.79,2574.07,3.79,0,0.0,0,0,0,1,0,0,108,0.724,0,784.6,1.02,-1.6,-2.2,1.38,1.24,1.14,679.2,0.0
2025-02-08,73,BW-201,Bramblewick Trail Bars Peanut 6ct,Bars,ThriftLane,560.0,3.79,3.79,2122.28,3.79,0,0.0,0,0,0,0,1,0,108,0.724,0,797.3,1.02,-1.6,-2.2,1.38,1.24,1.14,560.0,0.0
2025-02-15,74,BW-201,Bramblewick Trail Bars Peanut 6ct,Bars,ThriftLane,1131.7,3.79,3.41,3893.17,3.44,1,0.1,0,0,0,1,0,0,109,0.731,0,817.3,1.02,-1.6,-2.2,1.38,1.24,1.14,690.0,441.7
2025-02-22,75,BW-201,Bramblewick Trail Bars Peanut 6ct,Bars,ThriftLane,996.0,3.79,3.41,3486.12,3.5,1,0.1,0,0,0,1,0,0,108,0.724,0,821.9,1.02,-1.6,-2.2,1.38,1.24,1.14,690.0,306.0
2025-03-01,76,BW-201,Bramblewick Trail Bars Peanut 6ct,Bars,ThriftLane,848.7,3.79,3.79,3216.58,3.79,0,0.0,0,0,0,0,0,1,109,0.731,0,841.3,1.02,-1.6,-2.2,1.38,1.24,1.14,848.7,0.0
2025-03-08,77,BW-201,Bramblewick Trail Bars Peanut 6ct,Bars,ThriftLane,620.1,3.79,3.79,2350.2,3.79,0,0.0,0,0,0,0,0,0,107,0.717,0,836.9,1.02,-1.6,-2.2,1.38,1.24,1.14,620.1,0.0
2025-03-15,78,BW-201,Bramblewick Trail Bars Peanut 6ct,Bars,ThriftLane,966.9,3.79,3.79,3664.51,3.79,0,0.0,0,0,0,0,0,0,113,0.758,0,895.2,1.02,-1.6,-2.2,1.38,1.24,1.14,966.9,0.0
2025-03-22,79,BW-201,Bramblewick Trail Bars Peanut 6ct,Bars,ThriftLane,793.9,3.79,3.79,3008.87,3.79,0,0.0,0,0,0,1,0,0,112,0.751,0,898.4,1.02,-1.6,-2.2,1.38,1.24,1.14,793.9,0.0
2025-03-29,80,BW-201,Bramblewick Trail Bars Peanut 6ct,Bars,ThriftLane,814.9,3.79,3.79,3088.64,3.79,0,0.0,0,0,0,0,0,0,113,0.758,0,917.8,1.02,-1.6,-2.2,1.38,1.24,1.14,814.9,0.0
2025-04-05,81,BW-201,Bramblewick Trail Bars Peanut 6ct,Bars,ThriftLane,1138.1,3.79,3.79,4313.27,3.79,0,0.0,0,0,0,0,0,0,112,0.751,0,921.4,1.02,-1.6,-2.2,1.38,1.24,1.14,1138.1,0.0
2025-04-12,82,BW-201,Bramblewick Trail Bars Peanut 6ct,Bars,ThriftLane,898.3,3.79,3.79,3404.58,3.79,0,0.0,0,0,0,1,0,0,112,0.751,0,933.9,1.02,-1.6,-2.2,1.38,1.24,1.14,898.3,0.0
2025-04-19,83,BW-201,Bramblewick Trail Bars Peanut 6ct,Bars,ThriftLane,769.1,3.79,3.79,2914.85,3.79,0,0.0,0,0,0,1,0,0,114,0.764,0,964.5,1.02,-1.6,-2.2,1.38,1.24,1.14,769.1,0.0
2025-04-26,84,BW-201,Bramblewick Trail Bars Peanut 6ct,Bars,ThriftLane,785.6,3.79,3.79,2977.26,3.79,0,0.0,0,0,0,1,0,0,113,0.758,0,971.2,1.02,-1.6,-2.2,1.38,1.24,1.14,785.6,0.0
2025-05-03,85,BW-201,Bramblewick Trail Bars Peanut 6ct,Bars,ThriftLane,1062.3,3.79,3.79,4025.98,3.79,0,0.0,0,0,0,0,0,0,114,0.764,0,996.7,1.02,-1.6,-2.2,1.38,1.24,1.14,1062.3,0.0
2025-05-10,86,BW-201,Bramblewick Trail Bars Peanut 6ct,Bars,ThriftLane,1180.9,3.79,3.79,4475.55,3.79,0,0.0,0,0,0,0,1,0,114,0.764,0,1015.3,1.02,-1.6,-2.2,1.38,1.24,1.14,1180.9,0.0
2025-05-17,87,BW-201,Bramblewick Trail Bars Peanut 6ct,Bars,ThriftLane,1579.2,3.79,3.22,5132.36,3.25,1,0.15,0,0,0,0,0,0,113,0.758,0,1026.3,1.02,-1.6,-2.2,1.38,1.24,1.14,856.6,722.6
2025-05-24,88,BW-201,Bramblewick Trail Bars Peanut 6ct,Bars,ThriftLane,951.9,3.79,3.79,3607.67,3.79,0,0.0,0,0,0,1,0,1,114,0.764,0,1215.9,1.02,-1.6,-2.2,1.38,1.24,1.14,951.9,0.0
2025-05-31,89,BW-201,Bramblewick Trail Bars Peanut 6ct,Bars,ThriftLane,1410.6,3.79,3.79,5346.1,3.79,0,0.0,0,0,0,1,0,0,113,0.758,0,1320.2,1.02,-1.6,-2.2,1.38,1.24,1.14,1410.6,0.0
2025-06-07,90,BW-201,Bramblewick Trail Bars Peanut 6ct,Bars,ThriftLane,912.3,3.79,3.79,3457.71,3.79,0,0.0,0,0,0,1,0,0,114,0.764,0,1102.7,1.02,-1.6,-2.2,1.38,1.24,1.14,912.3,0.0
2025-06-14,91,BW-201,Bramblewick Trail Bars Peanut 6ct,Bars,ThriftLane,1344.1,3.79,3.79,5094.24,3.79,0,0.0,0,0,0,0,0,0,118,0.791,0,1165.0,1.02,-1.6,-2.2,1.38,1.24,1.14,1344.1,0.0
2025-06-21,92,BW-201,Bramblewick Trail Bars Peanut 6ct,Bars,ThriftLane,1289.8,3.79,3.79,4888.32,3.79,0,0.0,0,0,0,0,0,0,119,0.798,0,1197.6,1.02,-1.6,-2.2,1.38,1.24,1.14,1289.8,0.0
2025-06-28,93,BW-201,Bramblewick Trail Bars Peanut 6ct,Bars,ThriftLane,1518.5,3.79,3.79,5755.12,3.79,0,0.0,0,0,0,0,0,0,118,0.791,0,1535.5,1.02,-1.6,-2.2,1.38,1.24,1.14,1518.5,0.0
2025-07-05,94,BW-201,Bramblewick Trail Bars Peanut 6ct,Bars,ThriftLane,1607.8,3.79,3.79,6093.54,3.79,0,0.0,0,0,0,0,1,0,118,0.791,0,1782.4,1.02,-1.6,-2.2,1.38,1.24,1.14,1607.8,0.0
2025-07-12,95,BW-201,Bramblewick Trail Bars Peanut 6ct,Bars,ThriftLane,1449.6,3.79,3.41,4972.11,3.43,1,0.1,0,0,0,1,0,0,118,0.791,0,1237.9,1.02,-1.6,-2.2,1.38,1.24,1.14,1316.9,132.7
2025-07-19,96,BW-201,Bramblewick Trail Bars Peanut 6ct,Bars,ThriftLane,930.6,3.99,3.99,3713.24,3.99,0,0.0,0,0,0,1,0,1,117,0.784,0,1137.6,1.02,-1.6,-2.2,1.38,1.24,1.14,930.6,0.0
2025-07-26,97,BW-201,Bramblewick Trail Bars Peanut 6ct,Bars,ThriftLane,1174.4,3.99,3.99,4686.03,3.99,0,0.0,0,0,0,1,0,0,118,0.791,0,1149.0,1.02,-1.6,-2.2,1.38,1.24,1.14,1174.4,0.0
2025-08-02,98,BW-201,Bramblewick Trail Bars Peanut 6ct,Bars,ThriftLane,1130.0,3.99,3.99,4508.85,3.99,0,0.0,0,0,0,0,0,0,117,0.784,0,1135.1,1.02,-1.6,-2.2,1.38,1.24,1.14,1130.0,0.0
2025-08-09,99,BW-201,Bramblewick Trail Bars Peanut 6ct,Bars,ThriftLane,985.5,3.99,3.99,3932.29,3.99,0,0.0,0,0,0,0,1,0,117,0.784,0,1125.0,1.02,-1.6,-2.2,1.38,1.24,1.14,985.5,0.0
2025-08-16,100,BW-201,Bramblewick Trail Bars Peanut 6ct,Bars,ThriftLane,1697.2,3.99,3.59,6194.85,3.65,1,0.1,0,0,0,1,0,0,118,0.791,0,1118.6,1.02,-1.6,-2.2,1.38,1.24,1.14,1232.1,465.1
2025-08-23,101,BW-201,Bramblewick Trail Bars Peanut 6ct,Bars,ThriftLane,1184.4,3.99,3.99,4725.59,3.99,0,0.0,0,0,0,1,0,1,119,0.798,0,1293.3,1.02,-1.6,-2.2,1.38,1.24,1.14,1184.4,0.0
2025-08-30,102,BW-201,Bramblewick Trail Bars Peanut 6ct,Bars,ThriftLane,1256.0,3.99,3.99,5011.51,3.99,0,0.0,0,0,0,0,0,0,117,0.784,0,1241.5,1.02,-1.6,-2.2,1.38,1.24,1.14,1256.0,0.0
2025-09-06,103,BW-201,Bramblewick Trail Bars Peanut 6ct,Bars,ThriftLane,1202.9,3.99,3.99,4799.66,3.99,0,0.0,0,0,0,0,0,0,119,0.798,0,1050.5,1.02,-1.6,-2.2,1.38,1.24,1.14,1202.9,0.0
2025-09-13,104,BW-201,Bramblewick Trail Bars Peanut 6ct,Bars,ThriftLane,1076.7,3.99,3.99,4296.18,3.99,0,0.0,0,0,0,0,0,0,123,0.825,0,1052.4,1.02,-1.6,-2.2,1.38,1.24,1.14,1076.7,0.0
2025-09-20,105,BW-201,Bramblewick Trail Bars Peanut 6ct,Bars,ThriftLane,1200.1,3.99,3.99,4788.23,3.99,0,0.0,0,0,0,0,1,0,124,0.831,0,1025.8,1.02,-1.6,-2.2,1.38,1.24,1.14,1200.1,0.0
2025-09-27,106,BW-201,Bramblewick Trail Bars Peanut 6ct,Bars,ThriftLane,2310.7,3.99,2.99,7139.99,3.09,1,0.25,0,1,0,1,0,0,125,0.838,0,998.5,1.02,-1.6,-2.2,1.38,1.24,1.14,1179.4,1131.3
2025-10-04,107,BW-201,Bramblewick Trail Bars Peanut 6ct,Bars,ThriftLane,2047.6,3.99,2.99,6511.33,3.18,1,0.25,0,1,0,1,0,0,125,0.838,0,963.7,1.02,-1.6,-2.2,1.38,1.24,1.14,1179.4,868.2
2025-10-11,108,BW-201,Bramblewick Trail Bars Peanut 6ct,Bars,ThriftLane,728.9,3.99,3.99,2908.44,3.99,0,0.0,0,0,0,1,0,1,125,0.838,0,930.9,1.02,-1.6,-2.2,1.38,1.24,1.14,728.9,0.0
2025-10-18,109,BW-201,Bramblewick Trail Bars Peanut 6ct,Bars,ThriftLane,805.3,3.99,3.99,3213.25,3.99,0,0.0,0,0,0,1,0,0,125,0.838,0,900.6,1.02,-1.6,-2.2,1.38,1.24,1.14,805.3,0.0
2025-10-25,110,BW-201,Bramblewick Trail Bars Peanut 6ct,Bars,ThriftLane,890.3,3.99,3.99,3552.2,3.99,0,0.0,0,0,0,0,0,0,125,0.838,0,873.7,1.02,-1.6,-2.2,1.38,1.24,1.14,890.3,0.0
2025-11-01,111,BW-201,Bramblewick Trail Bars Peanut 6ct,Bars,ThriftLane,796.3,3.99,3.99,3177.11,3.99,0,0.0,0,0,0,0,0,0,124,0.831,0,843.6,1.02,-1.6,-2.2,1.38,1.24,1.14,796.3,0.0
2025-11-08,112,BW-201,Bramblewick Trail Bars Peanut 6ct,Bars,ThriftLane,682.5,3.99,3.99,2723.22,3.99,0,0.0,0,0,0,1,0,0,123,0.825,0,817.9,1.02,-1.6,-2.2,1.38,1.24,1.14,682.5,0.0
2025-11-15,113,BW-201,Bramblewick Trail Bars Peanut 6ct,Bars,ThriftLane,626.3,3.99,3.99,2499.06,3.99,0,0.0,0,0,0,1,0,0,125,0.838,0,816.1,1.02,-1.6,-2.2,1.38,1.24,1.14,626.3,0.0
2025-11-22,114,BW-201,Bramblewick Trail Bars Peanut 6ct,Bars,ThriftLane,799.3,3.99,3.99,3189.05,3.99,0,0.0,0,0,0,0,0,0,124,0.831,0,844.7,1.02,-1.6,-2.2,1.38,1.24,1.14,799.3,0.0
2025-11-29,115,BW-201,Bramblewick Trail Bars Peanut 6ct,Bars,ThriftLane,864.1,3.99,3.99,3447.73,3.99,0,0.0,0,0,0,1,1,0,124,0.831,0,857.8,1.02,-1.6,-2.2,1.38,1.24,1.14,864.1,0.0
2025-12-06,116,BW-201,Bramblewick Trail Bars Peanut 6ct,Bars,ThriftLane,2459.4,3.99,3.19,8017.75,3.26,1,0.2,1,1,1,0,0,0,124,0.831,0,788.8,1.02,-1.6,-2.2,1.38,1.24,1.14,797.8,1661.6
2025-12-13,117,BW-201,Bramblewick Trail Bars Peanut 6ct,Bars,ThriftLane,2403.2,3.99,3.19,8050.71,3.35,1,0.2,1,1,1,0,0,0,130,0.872,0,857.9,1.02,-1.6,-2.2,1.38,1.24,1.14,797.8,1605.4
2025-12-20,118,BW-201,Bramblewick Trail Bars Peanut 6ct,Bars,ThriftLane,2633.7,3.99,3.19,8849.13,3.36,1,0.2,1,1,1,0,0,0,130,0.872,0,901.6,1.02,-1.6,-2.2,1.38,1.24,1.14,797.8,1835.9
2025-12-27,119,BW-201,Bramblewick Trail Bars Peanut 6ct,Bars,ThriftLane,662.2,3.99,3.99,2641.99,3.99,0,0.0,0,0,0,1,0,1,130,0.872,0,877.0,1.02,-1.6,-2.2,1.38,1.24,1.14,662.2,0.0
2026-01-03,120,BW-201,Bramblewick Trail Bars Peanut 6ct,Bars,ThriftLane,907.4,3.99,3.99,3620.65,3.99,0,0.0,0,0,0,0,1,0,130,0.872,0,955.9,1.02,-1.6,-2.2,1.38,1.24,1.14,907.4,0.0
2026-01-10,121,BW-201,Bramblewick Trail Bars Peanut 6ct,Bars,ThriftLane,1999.3,3.99,3.19,6577.69,3.29,1,0.2,0,1,1,1,0,0,130,0.872,0,968.8,1.02,-1.6,-2.2,1.38,1.24,1.14,797.8,1201.5
2026-01-17,122,BW-201,Bramblewick Trail Bars Peanut 6ct,Bars,ThriftLane,2329.2,3.99,3.19,7500.03,3.22,1,0.2,0,1,1,1,0,0,128,0.858,0,858.7,1.02,-1.6,-2.2,1.38,1.24,1.14,797.8,1531.4
2026-01-24,123,BW-201,Bramblewick Trail Bars Peanut 6ct,Bars,ThriftLane,658.7,3.99,3.99,2628.37,3.99,0,0.0,0,0,0,1,0,1,129,0.865,0,879.3,1.02,-1.6,-2.2,1.38,1.24,1.14,658.7,0.0
2026-01-31,124,BW-201,Bramblewick Trail Bars Peanut 6ct,Bars,ThriftLane,863.0,3.99,3.99,3443.43,3.99,0,0.0,0,0,0,0,0,0,128,0.858,0,886.7,1.02,-1.6,-2.2,1.38,1.24,1.14,863.0,0.0
2026-02-07,125,BW-201,Bramblewick Trail Bars Peanut 6ct,Bars,ThriftLane,1070.1,3.99,3.99,4269.87,3.99,0,0.0,0,0,0,0,0,0,130,0.872,0,915.1,1.02,-1.6,-2.2,1.38,1.24,1.14,1070.1,0.0
2026-02-14,126,BW-201,Bramblewick Trail Bars Peanut 6ct,Bars,ThriftLane,770.8,3.99,3.99,3075.69,3.99,0,0.0,0,0,0,1,1,0,128,0.858,0,915.2,1.02,-1.6,-2.2,1.38,1.24,1.14,770.8,0.0
2026-02-21,127,BW-201,Bramblewick Trail Bars Peanut 6ct,Bars,ThriftLane,4059.6,3.99,2.99,12625.44,3.11,1,0.25,1,1,1,1,0,0,128,0.858,0,928.9,1.02,-1.6,-2.2,1.38,1.24,1.14,831.2,3228.4
2026-02-28,128,BW-201,Bramblewick Trail Bars Peanut 6ct,Bars,ThriftLane,761.4,3.99,3.99,3038.1,3.99,0,0.0,0,0,0,1,0,1,129,0.865,0,949.4,1.02,-1.6,-2.2,1.38,1.24,1.14,761.4,0.0
2026-03-07,129,BW-201,Bramblewick Trail Bars Peanut 6ct,Bars,ThriftLane,914.3,3.99,3.99,3648.22,3.99,0,0.0,0,0,0,1,0,0,128,0.858,0,954.7,1.02,-1.6,-2.2,1.38,1.24,1.14,914.3,0.0
2026-03-14,130,BW-201,Bramblewick Trail Bars Peanut 6ct,Bars,ThriftLane,1225.9,3.99,3.99,4891.44,3.99,0,0.0,0,0,0,0,1,0,134,0.898,0,1012.3,1.02,-1.6,-2.2,1.38,1.24,1.14,1225.9,0.0
2026-03-21,131,BW-201,Bramblewick Trail Bars Peanut 6ct,Bars,ThriftLane,1141.7,3.99,3.59,4190.08,3.67,1,0.1,0,0,0,1,0,0,134,0.898,0,1025.0,1.02,-1.6,-2.2,1.38,1.24,1.14,885.2,256.5
2026-03-28,132,BW-201,Bramblewick Trail Bars Peanut 6ct,Bars,ThriftLane,1407.3,3.99,3.59,5178.87,3.68,1,0.1,0,0,0,0,0,0,134,0.898,0,1037.8,1.02,-1.6,-2.2,1.38,1.24,1.14,885.2,522.1
2026-04-04,133,BW-201,Bramblewick Trail Bars Peanut 6ct,Bars,ThriftLane,876.1,3.99,3.99,3495.55,3.99,0,0.0,0,0,0,0,0,1,135,0.905,0,1059.1,1.02,-1.6,-2.2,1.38,1.24,1.14,876.1,0.0
2026-04-11,134,BW-201,Bramblewick Trail Bars Peanut 6ct,Bars,ThriftLane,952.5,4.29,4.29,4086.09,4.29,0,0.0,0,0,0,0,0,0,135,0.905,0,955.9,1.02,-1.6,-2.2,1.38,1.24,1.14,952.5,0.0
2026-04-18,135,BW-201,Bramblewick Trail Bars Peanut 6ct,Bars,ThriftLane,762.8,4.29,4.29,3272.54,4.29,0,0.0,0,0,0,1,1,0,135,0.905,0,969.9,1.02,-1.6,-2.2,1.38,1.24,1.14,762.8,0.0
2026-04-25,136,BW-201,Bramblewick Trail Bars Peanut 6ct,Bars,ThriftLane,2317.3,4.29,3.43,8272.65,3.57,1,0.2,0,1,1,1,0,0,135,0.905,0,985.2,1.02,-1.6,-2.2,1.38,1.24,1.14,895.2,1422.1
2026-05-02,137,BW-201,Bramblewick Trail Bars Peanut 6ct,Bars,ThriftLane,1969.6,4.29,3.43,7070.8,3.59,1,0.2,0,1,1,0,0,0,135,0.905,0,1002.2,1.02,-1.6,-2.2,1.38,1.24,1.14,895.2,1074.4
2026-05-09,138,BW-201,Bramblewick Trail Bars Peanut 6ct,Bars,ThriftLane,751.2,4.29,4.29,3222.86,4.29,0,0.0,0,0,0,0,0,1,134,0.898,0,1013.3,1.02,-1.6,-2.2,1.38,1.24,1.14,751.2,0.0
2026-05-16,139,BW-201,Bramblewick Trail Bars Peanut 6ct,Bars,ThriftLane,1055.4,4.29,4.29,4527.66,4.29,0,0.0,0,0,0,0,1,0,134,0.898,0,1033.5,1.02,-1.6,-2.2,1.38,1.24,1.14,1055.4,0.0
2026-05-23,140,BW-201,Bramblewick Trail Bars Peanut 6ct,Bars,ThriftLane,1756.2,4.29,3.65,6497.93,3.7,1,0.15,0,0,0,0,0,0,134,0.898,0,1213.5,1.02,-1.6,-2.2,1.38,1.24,1.14,895.2,861.0
2026-05-30,141,BW-201,Bramblewick Trail Bars Peanut 6ct,Bars,ThriftLane,2279.5,4.29,3.65,8479.77,3.72,1,0.15,0,0,0,1,0,0,135,0.905,0,1339.3,1.02,-1.6,-2.2,1.38,1.24,1.14,895.2,1384.3
2026-06-06,142,BW-201,Bramblewick Trail Bars Peanut 6ct,Bars,ThriftLane,920.1,4.29,4.29,3947.37,4.29,0,0.0,0,0,0,1,0,1,134,0.898,0,1100.6,1.02,-1.6,-2.2,1.38,1.24,1.14,920.1,0.0
2026-06-13,143,BW-201,Bramblewick Trail Bars Peanut 6ct,Bars,ThriftLane,1177.8,4.29,4.29,5052.83,4.29,0,0.0,0,0,0,0,0,0,139,0.932,0,1165.3,1.02,-1.6,-2.2,1.38,1.24,1.14,1177.8,0.0
2026-06-20,144,BW-201,Bramblewick Trail Bars Peanut 6ct,Bars,ThriftLane,1098.5,4.29,4.29,4712.58,4.29,0,0.0,0,0,0,0,0,0,141,0.945,0,1204.9,1.02,-1.6,-2.2,1.38,1.24,1.14,1098.5,0.0
2026-06-27,145,BW-201,Bramblewick Trail Bars Peanut 6ct,Bars,ThriftLane,1182.5,4.29,4.29,5073.04,4.29,0,0.0,0,0,0,1,0,0,141,0.945,0,1558.0,1.02,-1.6,-2.2,1.38,1.24,1.14,1182.5,0.0
2026-07-04,146,BW-201,Bramblewick Trail Bars Peanut 6ct,Bars,ThriftLane,1614.7,4.29,4.29,6927.24,4.29,0,0.0,0,0,0,1,0,0,141,0.945,0,1808.5,1.02,-1.6,-2.2,1.38,1.24,1.14,1614.7,0.0
2026-07-11,147,BW-201,Bramblewick Trail Bars Peanut 6ct,Bars,ThriftLane,967.9,4.29,4.29,4152.13,4.29,0,0.0,0,0,0,1,0,0,140,0.939,0,1247.1,1.02,-1.6,-2.2,1.38,1.24,1.14,967.9,0.0
2026-07-18,148,BW-201,Bramblewick Trail Bars Peanut 6ct,Bars,ThriftLane,1445.4,4.29,4.29,6200.78,4.29,0,0.0,0,0,0,0,0,0,139,0.932,0,1246.0,1.02,-1.6,-2.2,1.38,1.24,1.14,1445.4,0.0
2026-07-25,149,BW-201,Bramblewick Trail Bars Peanut 6ct,Bars,ThriftLane,1454.0,4.29,4.29,6237.82,4.29,0,0.0,0,0,0,0,0,0,139,0.932,0,1247.8,1.02,-1.6,-2.2,1.38,1.24,1.14,1454.0,0.0
2026-08-01,150,BW-201,Bramblewick Trail Bars Peanut 6ct,Bars,ThriftLane,1326.4,4.29,4.29,5690.38,4.29,0,0.0,0,0,0,0,0,0,140,0.939,0,1252.2,1.02,-1.6,-2.2,1.38,1.24,1.14,1326.4,0.0
2026-08-08,151,BW-201,Bramblewick Trail Bars Peanut 6ct,Bars,ThriftLane,1236.3,4.29,4.29,5303.55,4.29,0,0.0,0,0,0,1,0,0,139,0.932,0,1232.2,1.02,-1.6,-2.2,1.38,1.24,1.14,1236.3,0.0
2026-08-15,152,BW-201,Bramblewick Trail Bars Peanut 6ct,Bars,ThriftLane,1059.5,4.29,4.29,4545.15,4.29,0,0.0,0,0,0,1,0,0,139,0.932,0,1214.8,1.02,-1.6,-2.2,1.38,1.24,1.14,1059.5,0.0
2026-08-22,153,BW-201,Bramblewick Trail Bars Peanut 6ct,Bars,ThriftLane,1156.9,4.29,4.29,4963.29,4.29,0,0.0,0,0,0,1,0,0,139,0.932,0,1392.8,1.02,-1.6,-2.2,1.38,1.24,1.14,1156.9,0.0
2026-08-29,154,BW-201,Bramblewick Trail Bars Peanut 6ct,Bars,ThriftLane,1763.0,4.29,4.29,7563.18,4.29,0,0.0,0,0,0,0,0,0,139,0.932,0,1359.8,1.02,-1.6,-2.2,1.38,1.24,1.14,1763.0,0.0
2026-09-05,155,BW-201,Bramblewick Trail Bars Peanut 6ct,Bars,ThriftLane,1102.1,4.29,4.29,4727.91,4.29,0,0.0,0,0,0,0,0,0,139,0.932,0,1131.3,1.02,-1.6,-2.2,1.38,1.24,1.14,1102.1,0.0
2023-09-16,0,BW-202,Bramblewick Trail Bars Berry 6ct,Bars,Fernhollow Market,448.7,4.49,4.49,2014.85,4.49,0,0.0,0,0,0,0,0,0,79,0.677,0,465.7,1.23,-1.4,-2.1,1.34,1.21,1.12,448.7,0.0
2023-09-23,1,BW-202,Bramblewick Trail Bars Berry 6ct,Bars,Fernhollow Market,394.3,4.49,4.49,1770.51,4.49,0,0.0,0,0,0,0,0,0,79,0.677,0,384.9,1.23,-1.4,-2.1,1.34,1.21,1.12,394.3,0.0
2023-09-30,2,BW-202,Bramblewick Trail Bars Berry 6ct,Bars,Fernhollow Market,363.7,4.49,4.49,1632.94,4.49,0,0.0,0,0,0,0,0,0,81,0.694,0,380.8,1.23,-1.4,-2.1,1.34,1.21,1.12,363.7,0.0
2023-10-07,3,BW-202,Bramblewick Trail Bars Berry 6ct,Bars,Fernhollow Market,369.5,4.49,4.49,1658.99,4.49,0,0.0,0,0,0,0,0,0,79,0.677,0,358.2,1.23,-1.4,-2.1,1.34,1.21,1.12,369.5,0.0
2023-10-14,4,BW-202,Bramblewick Trail Bars Berry 6ct,Bars,Fernhollow Market,344.0,4.49,4.49,1544.49,4.49,0,0.0,0,0,0,0,0,0,81,0.694,0,354.5,1.23,-1.4,-2.1,1.34,1.21,1.12,344.0,0.0
2023-10-21,5,BW-202,Bramblewick Trail Bars Berry 6ct,Bars,Fernhollow Market,281.2,4.49,4.49,1262.73,4.49,0,0.0,0,0,0,1,0,0,79,0.677,0,334.3,1.23,-1.4,-2.1,1.34,1.21,1.12,281.2,0.0
2023-10-28,6,BW-202,Bramblewick Trail Bars Berry 6ct,Bars,Fernhollow Market,282.5,4.49,4.49,1268.29,4.49,0,0.0,0,0,0,1,0,0,81,0.694,0,332.2,1.23,-1.4,-2.1,1.34,1.21,1.12,282.5,0.0
2023-11-04,7,BW-202,Bramblewick Trail Bars Berry 6ct,Bars,Fernhollow Market,379.0,4.49,4.49,1701.54,4.49,0,0.0,0,0,0,0,0,0,80,0.685,0,319.1,1.23,-1.4,-2.1,1.34,1.21,1.12,379.0,0.0
2023-11-11,8,BW-202,Bramblewick Trail Bars Berry 6ct,Bars,Fernhollow Market,273.8,4.49,4.49,1229.5,4.49,0,0.0,0,0,0,0,0,0,81,0.694,0,315.6,1.23,-1.4,-2.1,1.34,1.21,1.12,273.8,0.0
2023-11-18,9,BW-202,Bramblewick Trail Bars Berry 6ct,Bars,Fernhollow Market,314.4,4.49,4.49,1411.48,4.49,0,0.0,0,0,0,0,0,0,80,0.685,0,323.4,1.23,-1.4,-2.1,1.34,1.21,1.12,314.4,0.0
2023-11-25,10,BW-202,Bramblewick Trail Bars Berry 6ct,Bars,Fernhollow Market,347.8,4.49,4.49,1561.78,4.49,0,0.0,0,0,0,0,0,0,80,0.685,0,326.6,1.23,-1.4,-2.1,1.34,1.21,1.12,347.8,0.0
2023-12-02,11,BW-202,Bramblewick Trail Bars Berry 6ct,Bars,Fernhollow Market,313.0,4.49,4.49,1405.56,4.49,0,0.0,0,0,0,0,0,0,80,0.685,0,298.7,1.23,-1.4,-2.1,1.34,1.21,1.12,313.0,0.0
2023-12-09,12,BW-202,Bramblewick Trail Bars Berry 6ct,Bars,Fernhollow Market,264.1,4.49,4.49,1185.9,4.49,0,0.0,0,0,0,0,0,0,80,0.685,0,297.3,1.23,-1.4,-2.1,1.34,1.21,1.12,264.1,0.0
2023-12-16,13,BW-202,Bramblewick Trail Bars Berry 6ct,Bars,Fernhollow Market,277.4,4.49,4.49,1245.59,4.49,0,0.0,0,0,0,0,0,0,82,0.702,0,315.9,1.23,-1.4,-2.1,1.34,1.21,1.12,277.4,0.0
2023-12-23,14,BW-202,Bramblewick Trail Bars Berry 6ct,Bars,Fernhollow Market,325.7,4.49,4.49,1462.59,4.49,0,0.0,0,0,0,0,0,0,82,0.702,0,331.7,1.23,-1.4,-2.1,1.34,1.21,1.12,325.7,0.0
2023-12-30,15,BW-202,Bramblewick Trail Bars Berry 6ct,Bars,Fernhollow Market,356.9,4.49,4.49,1602.32,4.49,0,0.0,0,0,0,0,0,0,81,0.694,0,318.5,1.23,-1.4,-2.1,1.34,1.21,1.12,356.9,0.0
2024-01-06,16,BW-202,Bramblewick Trail Bars Berry 6ct,Bars,Fernhollow Market,326.9,4.49,4.49,1467.79,4.49,0,0.0,0,0,0,1,0,0,81,0.694,0,346.9,1.23,-1.4,-2.1,1.34,1.21,1.12,326.9,0.0
2024-01-13,17,BW-202,Bramblewick Trail Bars Berry 6ct,Bars,Fernhollow Market,303.4,4.49,4.49,1362.22,4.49,0,0.0,0,0,0,1,0,0,81,0.694,0,351.3,1.23,-1.4,-2.1,1.34,1.21,1.12,303.4,0.0
2024-01-20,18,BW-202,Bramblewick Trail Bars Berry 6ct,Bars,Fernhollow Market,300.8,4.49,4.49,1350.62,4.49,0,0.0,0,0,0,0,0,0,81,0.694,0,316.0,1.23,-1.4,-2.1,1.34,1.21,1.12,300.8,0.0
2024-01-27,19,BW-202,Bramblewick Trail Bars Berry 6ct,Bars,Fernhollow Market,317.3,4.49,4.49,1424.84,4.49,0,0.0,0,0,0,0,0,0,83,0.711,0,328.8,1.23,-1.4,-2.1,1.34,1.21,1.12,317.3,0.0
2024-02-03,20,BW-202,Bramblewick Trail Bars Berry 6ct,Bars,Fernhollow Market,311.4,4.49,4.49,1398.11,4.49,0,0.0,0,0,0,0,1,0,83,0.711,0,333.9,1.23,-1.4,-2.1,1.34,1.21,1.12,311.4,0.0
2024-02-10,21,BW-202,Bramblewick Trail Bars Berry 6ct,Bars,Fernhollow Market,344.5,4.49,4.04,1405.47,4.08,1,0.1,0,0,0,0,0,0,83,0.711,0,339.0,1.23,-1.4,-2.1,1.34,1.21,1.12,314.4,30.1
2024-02-17,22,BW-202,Bramblewick Trail Bars Berry 6ct,Bars,Fernhollow Market,319.6,4.79,4.31,1393.54,4.36,1,0.1,0,0,0,0,0,0,83,0.711,0,314.3,1.23,-1.4,-2.1,1.34,1.21,1.12,314.4,5.2
2024-02-24,23,BW-202,Bramblewick Trail Bars Berry 6ct,Bars,Fernhollow Market,283.6,4.79,4.79,1358.64,4.79,0,0.0,0,0,0,0,0,1,81,0.694,0,311.1,1.23,-1.4,-2.1,1.34,1.21,1.12,283.6,0.0
2024-03-02,24,BW-202,Bramblewick Trail Bars Berry 6ct,Bars,Fernhollow Market,391.6,4.79,4.79,1875.71,4.79,0,0.0,0,0,0,0,0,0,83,0.711,0,323.0,1.23,-1.4,-2.1,1.34,1.21,1.12,391.6,0.0
2024-03-09,25,BW-202,Bramblewick Trail Bars Berry 6ct,Bars,Fernhollow Market,327.5,4.79,4.79,1568.96,4.79,0,0.0,0,0,0,0,0,0,82,0.702,0,323.2,1.23,-1.4,-2.1,1.34,1.21,1.12,327.5,0.0
2024-03-16,26,BW-202,Bramblewick Trail Bars Berry 6ct,Bars,Fernhollow Market,277.8,4.79,4.79,1330.57,4.79,0,0.0,0,0,0,0,0,0,85,0.728,0,339.1,1.23,-1.4,-2.1,1.34,1.21,1.12,277.8,0.0
2024-03-23,27,BW-202,Bramblewick Trail Bars Berry 6ct,Bars,Fernhollow Market,262.1,4.79,4.79,1255.32,4.79,0,0.0,0,0,0,1,0,0,84,0.72,0,339.0,1.23,-1.4,-2.1,1.34,1.21,1.12,262.1,0.0
2024-03-30,28,BW-202,Bramblewick Trail Bars Berry 6ct,Bars,Fernhollow Market,296.0,4.79,4.79,1417.88,4.79,0,0.0,0,0,0,1,0,0,84,0.72,0,343.0,1.23,-1.4,-2.1,1.34,1.21,1.12,296.0,0.0
2024-04-06,29,BW-202,Bramblewick Trail Bars Berry 6ct,Bars,Fernhollow Market,308.3,4.79,4.79,1476.79,4.79,0,0.0,0,0,0,0,0,0,84,0.72,0,347.2,1.23,-1.4,-2.1,1.34,1.21,1.12,308.3,0.0
2024-04-13,30,BW-202,Bramblewick Trail Bars Berry 6ct,Bars,Fernhollow Market,360.5,4.79,4.79,1726.57,4.79,0,0.0,0,0,0,0,0,0,85,0.728,0,355.8,1.23,-1.4,-2.1,1.34,1.21,1.12,360.5,0.0
2024-04-20,31,BW-202,Bramblewick Trail Bars Berry 6ct,Bars,Fernhollow Market,329.6,4.79,4.79,1578.99,4.79,0,0.0,0,0,0,0,0,0,85,0.728,0,360.8,1.23,-1.4,-2.1,1.34,1.21,1.12,329.6,0.0
2024-04-27,32,BW-202,Bramblewick Trail Bars Berry 6ct,Bars,Fernhollow Market,336.5,4.79,4.79,1611.66,4.79,0,0.0,0,0,0,0,0,0,86,0.737,0,370.5,1.23,-1.4,-2.1,1.34,1.21,1.12,336.5,0.0
2024-05-04,33,BW-202,Bramblewick Trail Bars Berry 6ct,Bars,Fernhollow Market,319.3,4.79,4.79,1529.62,4.79,0,0.0,0,0,0,0,0,0,85,0.728,0,372.2,1.23,-1.4,-2.1,1.34,1.21,1.12,319.3,0.0
2024-05-11,34,BW-202,Bramblewick Trail Bars Berry 6ct,Bars,Fernhollow Market,396.5,4.79,4.79,1899.36,4.79,0,0.0,0,0,0,0,0,0,86,0.737,0,383.3,1.23,-1.4,-2.1,1.34,1.21,1.12,396.5,0.0
2024-05-18,35,BW-202,Bramblewick Trail Bars Berry 6ct,Bars,Fernhollow Market,449.6,4.79,4.79,2153.54,4.79,0,0.0,0,0,0,0,0,0,84,0.72,0,438.9,1.23,-1.4,-2.1,1.34,1.21,1.12,449.6,0.0
2024-05-25,36,BW-202,Bramblewick Trail Bars Berry 6ct,Bars,Fernhollow Market,495.4,4.79,4.79,2372.78,4.79,0,0.0,0,0,0,0,0,0,84,0.72,0,480.2,1.23,-1.4,-2.1,1.34,1.21,1.12,495.4,0.0
2024-06-01,37,BW-202,Bramblewick Trail Bars Berry 6ct,Bars,Fernhollow Market,422.4,4.79,4.79,2023.18,4.79,0,0.0,0,0,0,0,0,0,84,0.72,0,397.3,1.23,-1.4,-2.1,1.34,1.21,1.12,422.4,0.0
2024-06-08,38,BW-202,Bramblewick Trail Bars Berry 6ct,Bars,Fernhollow Market,400.2,4.79,4.79,1917.12,4.79,0,0.0,0,0,0,0,0,0,85,0.728,0,410.3,1.23,-1.4,-2.1,1.34,1.21,1.12,400.2,0.0
2024-06-15,39,BW-202,Bramblewick Trail Bars Berry 6ct,Bars,Fernhollow Market,482.1,4.79,4.79,2309.05,4.79,0,0.0,0,0,0,0,0,0,87,0.745,0,428.3,1.23,-1.4,-2.1,1.34,1.21,1.12,482.1,0.0
2024-06-22,40,BW-202,Bramblewick Trail Bars Berry 6ct,Bars,Fernhollow Market,386.9,4.79,4.79,1853.12,4.79,0,0.0,0,0,0,0,0,0,87,0.745,0,436.3,1.23,-1.4,-2.1,1.34,1.21,1.12,386.9,0.0
2024-06-29,41,BW-202,Bramblewick Trail Bars Berry 6ct,Bars,Fernhollow Market,510.5,4.79,4.79,2445.25,4.79,0,0.0,0,0,0,1,1,0,87,0.745,0,563.7,1.23,-1.4,-2.1,1.34,1.21,1.12,510.5,0.0
2024-07-06,42,BW-202,Bramblewick Trail Bars Berry 6ct,Bars,Fernhollow Market,869.1,4.79,4.07,3572.17,4.11,1,0.15,0,0,0,0,0,0,88,0.754,0,661.3,1.23,-1.4,-2.1,1.34,1.21,1.12,436.0,433.1
2024-07-13,43,BW-202,Bramblewick Trail Bars Berry 6ct,Bars,Fernhollow Market,597.5,4.79,4.07,2521.24,4.22,1,0.15,0,0,0,0,0,0,88,0.754,0,459.0,1.23,-1.4,-2.1,1.34,1.21,1.12,436.0,161.5
2024-07-20,44,BW-202,Bramblewick Trail Bars Berry 6ct,Bars,Fernhollow Market,395.2,4.79,4.79,1893.22,4.79,0,0.0,0,0,0,0,0,1,88,0.754,0,461.5,1.23,-1.4,-2.1,1.34,1.21,1.12,395.2,0.0
2024-07-27,45,BW-202,Bramblewick Trail Bars Berry 6ct,Bars,Fernhollow Market,491.7,4.79,4.79,2355.17,4.79,0,0.0,0,0,0,0,0,0,89,0.762,0,467.1,1.23,-1.4,-2.1,1.34,1.21,1.12,491.7,0.0
2024-08-03,46,BW-202,Bramblewick Trail Bars Berry 6ct,Bars,Fernhollow Market,405.1,4.79,4.79,1940.27,4.79,0,0.0,0,0,0,1,0,0,87,0.745,0,454.6,1.23,-1.4,-2.1,1.34,1.21,1.12,405.1,0.0
2024-08-10,47,BW-202,Bramblewick Trail Bars Berry 6ct,Bars,Fernhollow Market,441.6,4.79,4.79,2115.42,4.79,0,0.0,0,0,0,1,0,0,87,0.745,0,450.2,1.23,-1.4,-2.1,1.34,1.21,1.12,441.6,0.0
2024-08-17,48,BW-202,Bramblewick Trail Bars Berry 6ct,Bars,Fernhollow Market,408.5,4.79,4.79,1956.82,4.79,0,0.0,0,0,0,0,0,0,89,0.762,0,453.7,1.23,-1.4,-2.1,1.34,1.21,1.12,408.5,0.0
2024-08-24,49,BW-202,Bramblewick Trail Bars Berry 6ct,Bars,Fernhollow Market,521.8,4.79,4.79,2499.46,4.79,0,0.0,0,0,0,0,0,0,88,0.754,0,513.9,1.23,-1.4,-2.1,1.34,1.21,1.12,521.8,0.0
2024-08-31,50,BW-202,Bramblewick Trail Bars Berry 6ct,Bars,Fernhollow Market,391.2,4.79,4.79,1873.88,4.79,0,0.0,0,0,0,1,0,0,87,0.745,0,495.7,1.23,-1.4,-2.1,1.34,1.21,1.12,391.2,0.0
2024-09-07,51,BW-202,Bramblewick Trail Bars Berry 6ct,Bars,Fernhollow Market,385.4,4.79,4.79,1846.28,4.79,0,0.0,0,0,0,1,0,0,88,0.754,0,416.8,1.23,-1.4,-2.1,1.34,1.21,1.12,385.4,0.0
2024-09-14,52,BW-202,Bramblewick Trail Bars Berry 6ct,Bars,Fernhollow Market,477.2,4.79,4.79,2285.71,4.79,0,0.0,0,0,0,0,0,0,90,0.771,0,412.9,1.23,-1.4,-2.1,1.34,1.21,1.12,477.2,0.0
2024-09-21,53,BW-202,Bramblewick Trail Bars Berry 6ct,Bars,Fernhollow Market,358.4,4.79,4.79,1716.92,4.79,0,0.0,0,0,0,0,0,0,90,0.771,0,398.9,1.23,-1.4,-2.1,1.34,1.21,1.12,358.4,0.0
2024-09-28,54,BW-202,Bramblewick Trail Bars Berry 6ct,Bars,Fernhollow Market,374.4,4.79,4.79,1793.52,4.79,0,0.0,0,0,0,1,0,0,89,0.762,0,380.6,1.23,-1.4,-2.1,1.34,1.21,1.12,374.4,0.0
2024-10-05,55,BW-202,Bramblewick Trail Bars Berry 6ct,Bars,Fernhollow Market,335.2,4.79,4.79,1605.48,4.79,0,0.0,0,0,0,0,0,0,91,0.78,0,375.3,1.23,-1.4,-2.1,1.34,1.21,1.12,335.2,0.0
2024-10-12,56,BW-202,Bramblewick Trail Bars Berry 6ct,Bars,Fernhollow Market,417.8,4.79,4.79,2001.02,4.79,0,0.0,0,0,0,0,0,0,90,0.771,0,358.3,1.23,-1.4,-2.1,1.34,1.21,1.12,417.8,0.0
2024-10-19,57,BW-202,Bramblewick Trail Bars Berry 6ct,Bars,Fernhollow Market,354.5,4.79,4.79,1698.25,4.79,0,0.0,0,0,0,0,0,0,91,0.78,0,350.2,1.23,-1.4,-2.1,1.34,1.21,1.12,354.5,0.0
2024-10-26,58,BW-202,Bramblewick Trail Bars Berry 6ct,Bars,Fernhollow Market,358.8,4.79,4.79,1718.69,4.79,0,0.0,0,0,0,0,0,0,91,0.78,0,339.5,1.23,-1.4,-2.1,1.34,1.21,1.12,358.8,0.0
2024-11-02,59,BW-202,Bramblewick Trail Bars Berry 6ct,Bars,Fernhollow Market,286.3,4.79,4.79,1371.48,4.79,0,0.0,0,0,0,0,0,0,89,0.762,0,323.0,1.23,-1.4,-2.1,1.34,1.21,1.12,286.3,0.0
2024-11-09,60,BW-202,Bramblewick Trail Bars Berry 6ct,Bars,Fernhollow Market,373.3,4.79,4.79,1788.01,4.79,0,0.0,0,0,0,0,0,0,89,0.762,0,315.4,1.23,-1.4,-2.1,1.34,1.21,1.12,373.3,0.0
2024-11-16,61,BW-202,Bramblewick Trail Bars Berry 6ct,Bars,Fernhollow Market,311.9,4.79,4.79,1494.13,4.79,0,0.0,0,0,0,0,0,0,91,0.78,0,316.4,1.23,-1.4,-2.1,1.34,1.21,1.12,311.9,0.0
2024-11-23,62,BW-202,Bramblewick Trail Bars Berry 6ct,Bars,Fernhollow Market,309.7,4.79,4.79,1483.33,4.79,0,0.0,0,0,0,0,0,0,90,0.771,0,326.3,1.23,-1.4,-2.1,1.34,1.21,1.12,309.7,0.0
2024-11-30,63,BW-202,Bramblewick Trail Bars Berry 6ct,Bars,Fernhollow Market,370.5,4.79,4.79,1774.79,4.79,0,0.0,0,0,0,0,0,0,91,0.78,0,334.7,1.23,-1.4,-2.1,1.34,1.21,1.12,370.5,0.0
2024-12-07,64,BW-202,Bramblewick Trail Bars Berry 6ct,Bars,Fernhollow Market,279.4,4.79,4.79,1338.38,4.79,0,0.0,0,0,0,0,0,0,90,0.771,0,304.2,1.23,-1.4,-2.1,1.34,1.21,1.12,279.4,0.0
2024-12-14,65,BW-202,Bramblewick Trail Bars Berry 6ct,Bars,Fernhollow Market,274.9,4.79,4.79,1316.84,4.79,0,0.0,0,0,0,1,0,0,92,0.788,0,322.4,1.23,-1.4,-2.1,1.34,1.21,1.12,274.9,0.0
2024-12-21,66,BW-202,Bramblewick Trail Bars Berry 6ct,Bars,Fernhollow Market,277.0,4.79,4.79,1327.05,4.79,0,0.0,0,0,0,1,1,0,93,0.797,0,342.2,1.23,-1.4,-2.1,1.34,1.21,1.12,277.0,0.0
2024-12-28,67,BW-202,Bramblewick Trail Bars Berry 6ct,Bars,Fernhollow Market,981.1,4.79,3.59,3718.55,3.79,1,0.25,1,1,1,1,0,0,92,0.788,0,329.0,1.23,-1.4,-2.1,1.34,1.21,1.12,298.0,683.1
2025-01-04,68,BW-202,Bramblewick Trail Bars Berry 6ct,Bars,Fernhollow Market,1392.8,4.79,3.59,5097.74,3.66,1,0.25,1,1,1,0,0,0,93,0.797,0,362.3,1.23,-1.4,-2.1,1.34,1.21,1.12,298.0,1094.8
2025-01-11,69,BW-202,Bramblewick Trail Bars Berry 6ct,Bars,Fernhollow Market,362.3,4.79,4.79,1735.61,4.79,0,0.0,0,0,0,1,0,1,94,0.805,0,370.8,1.23,-1.4,-2.1,1.34,1.21,1.12,362.3,0.0
2025-01-18,70,BW-202,Bramblewick Trail Bars Berry 6ct,Bars,Fernhollow Market,297.8,4.79,4.79,1426.31,4.79,0,0.0,0,0,0,0,0,0,93,0.797,0,330.1,1.23,-1.4,-2.1,1.34,1.21,1.12,297.8,0.0
2025-01-25,71,BW-202,Bramblewick Trail Bars Berry 6ct,Bars,Fernhollow Market,399.8,4.79,4.79,1915.28,4.79,0,0.0,0,0,0,0,0,0,94,0.805,0,338.7,1.23,-1.4,-2.1,1.34,1.21,1.12,399.8,0.0
2025-02-01,72,BW-202,Bramblewick Trail Bars Berry 6ct,Bars,Fernhollow Market,332.3,4.79,4.79,1591.68,4.79,0,0.0,0,0,0,1,0,0,92,0.788,0,336.6,1.23,-1.4,-2.1,1.34,1.21,1.12,332.3,0.0
2025-02-08,73,BW-202,Bramblewick Trail Bars Berry 6ct,Bars,Fernhollow Market,289.0,4.79,4.79,1384.48,4.79,0,0.0,0,0,0,1,0,0,92,0.788,0,341.8,1.23,-1.4,-2.1,1.34,1.21,1.12,289.0,0.0
2025-02-15,74,BW-202,Bramblewick Trail Bars Berry 6ct,Bars,Fernhollow Market,326.6,4.79,4.79,1564.21,4.79,0,0.0,0,0,0,1,0,0,92,0.788,0,346.9,1.23,-1.4,-2.1,1.34,1.21,1.12,326.6,0.0
2025-02-22,75,BW-202,Bramblewick Trail Bars Berry 6ct,Bars,Fernhollow Market,382.8,4.79,4.79,1833.64,4.79,0,0.0,0,0,0,1,0,0,92,0.788,0,351.9,1.23,-1.4,-2.1,1.34,1.21,1.12,382.8,0.0
2025-03-01,76,BW-202,Bramblewick Trail Bars Berry 6ct,Bars,Fernhollow Market,340.2,4.79,4.79,1629.37,4.79,0,0.0,0,0,0,0,0,0,94,0.805,0,364.3,1.23,-1.4,-2.1,1.34,1.21,1.12,340.2,0.0
2025-03-08,77,BW-202,Bramblewick Trail Bars Berry 6ct,Bars,Fernhollow Market,347.3,4.79,4.79,1663.49,4.79,0,0.0,0,0,0,0,0,0,94,0.805,0,368.9,1.23,-1.4,-2.1,1.34,1.21,1.12,347.3,0.0
2025-03-15,78,BW-202,Bramblewick Trail Bars Berry 6ct,Bars,Fernhollow Market,320.4,4.99,4.99,1598.65,4.99,0,0.0,0,0,0,0,0,0,95,0.814,0,356.4,1.23,-1.4,-2.1,1.34,1.21,1.12,320.4,0.0
2025-03-22,79,BW-202,Bramblewick Trail Bars Berry 6ct,Bars,Fernhollow Market,459.4,4.99,4.99,2292.45,4.99,0,0.0,0,0,0,0,0,0,97,0.831,0,368.2,1.23,-1.4,-2.1,1.34,1.21,1.12,459.4,0.0
2025-03-29,80,BW-202,Bramblewick Trail Bars Berry 6ct,Bars,Fernhollow Market,415.1,4.99,4.99,2071.3,4.99,0,0.0,0,0,0,0,0,0,97,0.831,0,372.5,1.23,-1.4,-2.1,1.34,1.21,1.12,415.1,0.0
2025-04-05,81,BW-202,Bramblewick Trail Bars Berry 6ct,Bars,Fernhollow Market,346.4,4.99,4.99,1728.62,4.99,0,0.0,0,0,0,0,0,0,97,0.831,0,377.0,1.23,-1.4,-2.1,1.34,1.21,1.12,346.4,0.0
2025-04-12,82,BW-202,Bramblewick Trail Bars Berry 6ct,Bars,Fernhollow Market,376.1,4.99,4.99,1876.99,4.99,0,0.0,0,0,0,0,0,0,97,0.831,0,381.9,1.23,-1.4,-2.1,1.34,1.21,1.12,376.1,0.0
2025-04-19,83,BW-202,Bramblewick Trail Bars Berry 6ct,Bars,Fernhollow Market,407.2,4.99,4.99,2031.96,4.99,0,0.0,0,0,0,0,0,0,95,0.814,0,379.2,1.23,-1.4,-2.1,1.34,1.21,1.12,407.2,0.0
2025-04-26,84,BW-202,Bramblewick Trail Bars Berry 6ct,Bars,Fernhollow Market,363.5,4.99,4.99,1814.06,4.99,0,0.0,0,0,0,0,1,0,96,0.822,0,388.9,1.23,-1.4,-2.1,1.34,1.21,1.12,363.5,0.0
2025-05-03,85,BW-202,Bramblewick Trail Bars Berry 6ct,Bars,Fernhollow Market,1376.9,4.99,3.74,5273.61,3.83,1,0.25,1,1,0,1,0,0,96,0.822,0,395.3,1.23,-1.4,-2.1,1.34,1.21,1.12,369.8,1007.1
2025-05-10,86,BW-202,Bramblewick Trail Bars Berry 6ct,Bars,Fernhollow Market,328.5,4.99,4.99,1639.23,4.99,0,0.0,0,0,0,1,0,1,95,0.814,0,398.2,1.23,-1.4,-2.1,1.34,1.21,1.12,328.5,0.0
2025-05-17,87,BW-202,Bramblewick Trail Bars Berry 6ct,Bars,Fernhollow Market,464.7,4.99,4.99,2318.94,4.99,0,0.0,0,0,0,0,0,0,95,0.814,0,405.8,1.23,-1.4,-2.1,1.34,1.21,1.12,464.7,0.0
2025-05-24,88,BW-202,Bramblewick Trail Bars Berry 6ct,Bars,Fernhollow Market,500.2,4.99,4.99,2496.09,4.99,0,0.0,0,0,0,0,0,0,96,0.822,0,481.2,1.23,-1.4,-2.1,1.34,1.21,1.12,500.2,0.0
2025-05-31,89,BW-202,Bramblewick Trail Bars Berry 6ct,Bars,Fernhollow Market,524.4,4.99,4.99,2616.57,4.99,0,0.0,0,0,0,0,1,0,97,0.831,0,532.2,1.23,-1.4,-2.1,1.34,1.21,1.12,524.4,0.0
2025-06-07,90,BW-202,Bramblewick Trail Bars Berry 6ct,Bars,Fernhollow Market,568.1,4.99,4.24,2482.54,4.37,1,0.15,0,0,0,0,0,0,96,0.822,0,435.8,1.23,-1.4,-2.1,1.34,1.21,1.12,391.6,176.5
2025-06-14,91,BW-202,Bramblewick Trail Bars Berry 6ct,Bars,Fernhollow Market,678.6,4.99,4.24,2958.79,4.36,1,0.15,0,0,0,0,0,0,99,0.848,0,458.3,1.23,-1.4,-2.1,1.34,1.21,1.12,391.6,287.0
2025-06-21,92,BW-202,Bramblewick Trail Bars Berry 6ct,Bars,Fernhollow Market,480.3,4.99,4.99,2396.63,4.99,0,0.0,0,0,0,0,0,1,100,0.857,0,471.6,1.23,-1.4,-2.1,1.34,1.21,1.12,480.3,0.0
2025-06-28,93,BW-202,Bramblewick Trail Bars Berry 6ct,Bars,Fernhollow Market,486.9,4.99,4.99,2429.77,4.99,0,0.0,0,0,0,0,1,0,98,0.839,0,597.1,1.23,-1.4,-2.1,1.34,1.21,1.12,486.9,0.0
2025-07-05,94,BW-202,Bramblewick Trail Bars Berry 6ct,Bars,Fernhollow Market,2280.8,4.99,3.74,9009.26,3.95,1,0.25,1,1,0,0,0,0,100,0.857,0,706.7,1.23,-1.4,-2.1,1.34,1.21,1.12,472.5,1808.3
2025-07-12,95,BW-202,Bramblewick Trail Bars Berry 6ct,Bars,Fernhollow Market,520.4,4.99,4.99,2596.83,4.99,0,0.0,0,0,0,0,0,1,99,0.848,0,485.6,1.23,-1.4,-2.1,1.34,1.21,1.12,520.4,0.0
2025-07-19,96,BW-202,Bramblewick Trail Bars Berry 6ct,Bars,Fernhollow Market,476.8,4.99,4.99,2379.09,4.99,0,0.0,0,0,0,1,0,0,99,0.848,0,488.2,1.23,-1.4,-2.1,1.34,1.21,1.12,476.8,0.0
2025-07-26,97,BW-202,Bramblewick Trail Bars Berry 6ct,Bars,Fernhollow Market,513.5,4.99,4.99,2562.59,4.99,0,0.0,0,0,0,0,0,0,99,0.848,0,488.6,1.23,-1.4,-2.1,1.34,1.21,1.12,513.5,0.0
2025-08-02,98,BW-202,Bramblewick Trail Bars Berry 6ct,Bars,Fernhollow Market,474.8,4.99,4.99,2369.11,4.99,0,0.0,0,0,0,0,0,0,98,0.839,0,481.5,1.23,-1.4,-2.1,1.34,1.21,1.12,474.8,0.0
2025-08-09,99,BW-202,Bramblewick Trail Bars Berry 6ct,Bars,Fernhollow Market,428.6,4.99,4.99,2138.6,4.99,0,0.0,0,0,0,0,0,0,98,0.839,0,476.9,1.23,-1.4,-2.1,1.34,1.21,1.12,428.6,0.0
2025-08-16,100,BW-202,Bramblewick Trail Bars Berry 6ct,Bars,Fernhollow Market,429.9,4.99,4.99,2145.25,4.99,0,0.0,0,0,0,0,0,0,98,0.839,0,469.8,1.23,-1.4,-2.1,1.34,1.21,1.12,429.9,0.0
2025-08-23,101,BW-202,Bramblewick Trail Bars Berry 6ct,Bars,Fernhollow Market,440.9,4.99,4.99,2200.34,4.99,0,0.0,0,0,0,1,1,0,98,0.839,0,538.2,1.23,-1.4,-2.1,1.34,1.21,1.12,440.9,0.0
2025-08-30,102,BW-202,Bramblewick Trail Bars Berry 6ct,Bars,Fernhollow Market,1040.0,4.99,3.74,3962.43,3.81,1,0.25,0,1,0,1,0,0,100,0.857,0,535.8,1.23,-1.4,-2.1,1.34,1.21,1.12,475.8,564.2
2025-09-06,103,BW-202,Bramblewick Trail Bars Berry 6ct,Bars,Fernhollow Market,1012.0,4.99,3.74,3946.96,3.9,1,0.25,0,1,0,1,0,0,100,0.857,0,445.4,1.23,-1.4,-2.1,1.34,1.21,1.12,475.8,536.2
2025-09-13,104,BW-202,Bramblewick Trail Bars Berry 6ct,Bars,Fernhollow Market,337.8,4.99,4.99,1685.79,4.99,0,0.0,0,0,0,1,0,1,100,0.857,0,431.4,1.23,-1.4,-2.1,1.34,1.21,1.12,337.8,0.0
2025-09-20,105,BW-202,Bramblewick Trail Bars Berry 6ct,Bars,Fernhollow Market,407.2,4.99,4.99,2032.05,4.99,0,0.0,0,0,0,0,0,0,100,0.857,0,416.8,1.23,-1.4,-2.1,1.34,1.21,1.12,407.2,0.0
2025-09-27,106,BW-202,Bramblewick Trail Bars Berry 6ct,Bars,Fernhollow Market,462.0,4.99,4.99,2305.41,4.99,0,0.0,0,0,0,0,0,0,100,0.857,0,402.1,1.23,-1.4,-2.1,1.34,1.21,1.12,462.0,0.0
2025-10-04,107,BW-202,Bramblewick Trail Bars Berry 6ct,Bars,Fernhollow Market,383.7,4.99,4.99,1914.69,4.99,0,0.0,0,0,0,0,1,0,100,0.857,0,387.9,1.23,-1.4,-2.1,1.34,1.21,1.12,383.7,0.0
2025-10-11,108,BW-202,Bramblewick Trail Bars Berry 6ct,Bars,Fernhollow Market,586.0,4.99,4.24,2572.69,4.39,1,0.15,0,0,0,0,0,0,100,0.857,0,374.4,1.23,-1.4,-2.1,1.34,1.21,1.12,429.2,156.8
2025-10-18,109,BW-202,Bramblewick Trail Bars Berry 6ct,Bars,Fernhollow Market,286.6,4.99,4.99,1429.93,4.99,0,0.0,0,0,0,0,0,1,101,0.865,0,365.5,1.23,-1.4,-2.1,1.34,1.21,1.12,286.6,0.0
2025-10-25,110,BW-202,Bramblewick Trail Bars Berry 6ct,Bars,Fernhollow Market,365.0,4.99,4.99,1821.33,4.99,0,0.0,0,0,0,0,1,0,101,0.865,0,354.3,1.23,-1.4,-2.1,1.34,1.21,1.12,365.0,0.0
2025-11-01,111,BW-202,Bramblewick Trail Bars Berry 6ct,Bars,Fernhollow Market,394.2,4.99,4.49,1813.28,4.6,1,0.1,0,0,0,0,0,0,102,0.874,0,348.1,1.23,-1.4,-2.1,1.34,1.21,1.12,395.4,0.0
2025-11-08,112,BW-202,Bramblewick Trail Bars Berry 6ct,Bars,Fernhollow Market,528.1,4.99,4.49,2413.46,4.57,1,0.1,0,0,0,0,0,0,101,0.865,0,336.6,1.23,-1.4,-2.1,1.34,1.21,1.12,395.4,132.7
2025-11-15,113,BW-202,Bramblewick Trail Bars Berry 6ct,Bars,Fernhollow Market,262.5,4.99,4.99,1309.81,4.99,0,0.0,0,0,0,0,0,1,100,0.857,0,327.0,1.23,-1.4,-2.1,1.34,1.21,1.12,262.5,0.0
2025-11-22,114,BW-202,Bramblewick Trail Bars Berry 6ct,Bars,Fernhollow Market,323.9,4.99,4.99,1616.38,4.99,0,0.0,0,0,0,0,0,0,102,0.874,0,347.7,1.23,-1.4,-2.1,1.34,1.21,1.12,323.9,0.0
2025-11-29,115,BW-202,Bramblewick Trail Bars Berry 6ct,Bars,Fernhollow Market,384.8,4.99,4.99,1920.4,4.99,0,0.0,0,0,0,0,0,0,101,0.865,0,349.4,1.23,-1.4,-2.1,1.34,1.21,1.12,384.8,0.0
2025-12-06,116,BW-202,Bramblewick Trail Bars Berry 6ct,Bars,Fernhollow Market,340.6,4.99,4.99,1699.6,4.99,0,0.0,0,0,0,1,1,0,101,0.865,0,321.1,1.23,-1.4,-2.1,1.34,1.21,1.12,340.6,0.0
2025-12-13,117,BW-202,Bramblewick Trail Bars Berry 6ct,Bars,Fernhollow Market,624.5,4.99,3.99,2541.51,4.07,1,0.2,0,1,1,1,0,0,105,0.899,0,346.0,1.23,-1.4,-2.1,1.34,1.21,1.12,352.8,271.7
2025-12-20,118,BW-202,Bramblewick Trail Bars Berry 6ct,Bars,Fernhollow Market,707.3,5.29,4.23,3112.09,4.4,1,0.2,0,1,1,1,0,0,104,0.891,0,331.6,1.23,-1.4,-2.1,1.34,1.21,1.12,352.8,354.5
2025-12-27,119,BW-202,Bramblewick Trail Bars Berry 6ct,Bars,Fernhollow Market,244.1,5.29,5.29,1291.38,5.29,0,0.0,0,0,0,1,0,1,103,0.882,0,319.2,1.23,-1.4,-2.1,1.34,1.21,1.12,244.1,0.0
2026-01-03,120,BW-202,Bramblewick Trail Bars Berry 6ct,Bars,Fernhollow Market,373.5,5.29,5.29,1976.01,5.29,0,0.0,0,0,0,1,0,0,105,0.899,0,354.5,1.23,-1.4,-2.1,1.34,1.21,1.12,373.5,0.0
2026-01-10,121,BW-202,Bramblewick Trail Bars Berry 6ct,Bars,Fernhollow Market,393.4,5.29,5.29,2081.1,5.29,0,0.0,0,0,0,1,0,0,104,0.891,0,355.6,1.23,-1.4,-2.1,1.34,1.21,1.12,393.4,0.0
2026-01-17,122,BW-202,Bramblewick Trail Bars Berry 6ct,Bars,Fernhollow Market,294.4,5.29,5.29,1557.21,5.29,0,0.0,0,0,0,1,0,0,104,0.891,0,319.9,1.23,-1.4,-2.1,1.34,1.21,1.12,294.4,0.0
2026-01-24,123,BW-202,Bramblewick Trail Bars Berry 6ct,Bars,Fernhollow Market,366.4,5.29,5.29,1938.18,5.29,0,0.0,0,0,0,0,0,0,105,0.899,0,327.8,1.23,-1.4,-2.1,1.34,1.21,1.12,366.4,0.0
2026-01-31,124,BW-202,Bramblewick Trail Bars Berry 6ct,Bars,Fernhollow Market,310.6,5.29,5.29,1643.31,5.29,0,0.0,0,0,0,0,0,0,103,0.882,0,326.6,1.23,-1.4,-2.1,1.34,1.21,1.12,310.6,0.0
2026-02-07,125,BW-202,Bramblewick Trail Bars Berry 6ct,Bars,Fernhollow Market,298.9,5.29,5.29,1581.37,5.29,0,0.0,0,0,0,0,0,0,103,0.882,0,331.6,1.23,-1.4,-2.1,1.34,1.21,1.12,298.9,0.0
2026-02-14,126,BW-202,Bramblewick Trail Bars Berry 6ct,Bars,Fernhollow Market,361.3,5.29,5.29,1911.42,5.29,0,0.0,0,0,0,0,0,0,103,0.882,0,336.6,1.23,-1.4,-2.1,1.34,1.21,1.12,361.3,0.0
2026-02-21,127,BW-202,Bramblewick Trail Bars Berry 6ct,Bars,Fernhollow Market,321.1,5.29,5.29,1698.5,5.29,0,0.0,0,0,0,0,1,0,104,0.891,0,344.7,1.23,-1.4,-2.1,1.34,1.21,1.12,321.1,0.0
2026-02-28,128,BW-202,Bramblewick Trail Bars Berry 6ct,Bars,Fernhollow Market,554.8,5.29,4.5,2530.06,4.56,1,0.15,0,0,0,0,0,0,104,0.891,0,349.3,1.23,-1.4,-2.1,1.34,1.21,1.12,341.2,213.6
2026-03-07,129,BW-202,Bramblewick Trail Bars Berry 6ct,Bars,Fernhollow Market,327.9,5.29,5.29,1734.64,5.29,0,0.0,0,0,0,0,0,1,105,0.899,0,357.1,1.23,-1.4,-2.1,1.34,1.21,1.12,327.9,0.0
2026-03-14,130,BW-202,Bramblewick Trail Bars Berry 6ct,Bars,Fernhollow Market,425.6,5.29,5.29,2251.6,5.29,0,0.0,0,0,0,0,0,0,106,0.908,0,364.9,1.23,-1.4,-2.1,1.34,1.21,1.12,425.6,0.0
2026-03-21,131,BW-202,Bramblewick Trail Bars Berry 6ct,Bars,Fernhollow Market,369.0,5.29,5.29,1951.99,5.29,0,0.0,0,0,0,0,0,0,106,0.908,0,369.2,1.23,-1.4,-2.1,1.34,1.21,1.12,369.0,0.0
2026-03-28,132,BW-202,Bramblewick Trail Bars Berry 6ct,Bars,Fernhollow Market,379.2,5.29,5.29,2006.01,5.29,0,0.0,0,0,0,0,0,0,106,0.908,0,373.5,1.23,-1.4,-2.1,1.34,1.21,1.12,379.2,0.0
2026-04-04,133,BW-202,Bramblewick Trail Bars Berry 6ct,Bars,Fernhollow Market,424.7,5.29,5.29,2246.76,5.29,0,0.0,0,0,0,0,0,0,106,0.908,0,378.1,1.23,-1.4,-2.1,1.34,1.21,1.12,424.7,0.0
2026-04-11,134,BW-202,Bramblewick Trail Bars Berry 6ct,Bars,Fernhollow Market,400.1,5.29,5.29,2116.33,5.29,0,0.0,0,0,0,0,0,0,107,0.917,0,386.5,1.23,-1.4,-2.1,1.34,1.21,1.12,400.1,0.0
2026-04-18,135,BW-202,Bramblewick Trail Bars Berry 6ct,Bars,Fernhollow Market,404.4,5.29,5.29,2139.51,5.29,0,0.0,0,0,0,1,0,0,107,0.917,0,391.9,1.23,-1.4,-2.1,1.34,1.21,1.12,404.4,0.0
2026-04-25,136,BW-202,Bramblewick Trail Bars Berry 6ct,Bars,Fernhollow Market,333.7,5.29,5.29,1765.01,5.29,0,0.0,0,0,0,1,0,0,107,0.917,0,397.8,1.23,-1.4,-2.1,1.34,1.21,1.12,333.7,0.0
2026-05-02,137,BW-202,Bramblewick Trail Bars Berry 6ct,Bars,Fernhollow Market,375.8,5.29,5.29,1987.73,5.29,0,0.0,0,0,0,0,0,0,108,0.925,0,408.2,1.23,-1.4,-2.1,1.34,1.21,1.12,375.8,0.0
2026-05-09,138,BW-202,Bramblewick Trail Bars Berry 6ct,Bars,Fernhollow Market,459.0,5.29,5.29,2428.13,5.29,0,0.0,0,0,0,0,0,0,107,0.917,0,411.6,1.23,-1.4,-2.1,1.34,1.21,1.12,459.0,0.0
2026-05-16,139,BW-202,Bramblewick Trail Bars Berry 6ct,Bars,Fernhollow Market,394.6,5.29,5.29,2087.47,5.29,0,0.0,0,0,0,1,0,0,107,0.917,0,419.5,1.23,-1.4,-2.1,1.34,1.21,1.12,394.6,0.0
2026-05-23,140,BW-202,Bramblewick Trail Bars Berry 6ct,Bars,Fernhollow Market,409.2,5.29,5.29,2164.59,5.29,0,0.0,0,0,0,1,0,0,106,0.908,0,487.6,1.23,-1.4,-2.1,1.34,1.21,1.12,409.2,0.0
2026-05-30,141,BW-202,Bramblewick Trail Bars Berry 6ct,Bars,Fernhollow Market,431.3,5.29,5.29,2281.44,5.29,0,0.0,0,0,0,1,0,0,108,0.925,0,543.8,1.23,-1.4,-2.1,1.34,1.21,1.12,431.3,0.0
2026-06-06,142,BW-202,Bramblewick Trail Bars Berry 6ct,Bars,Fernhollow Market,424.2,5.29,5.29,2243.8,5.29,0,0.0,0,0,0,0,0,0,108,0.925,0,449.9,1.23,-1.4,-2.1,1.34,1.21,1.12,424.2,0.0
2026-06-13,143,BW-202,Bramblewick Trail Bars Berry 6ct,Bars,Fernhollow Market,466.3,5.29,5.29,2466.85,5.29,0,0.0,0,0,0,0,0,0,109,0.934,0,463.1,1.23,-1.4,-2.1,1.34,1.21,1.12,466.3,0.0
2026-06-20,144,BW-202,Bramblewick Trail Bars Berry 6ct,Bars,Fernhollow Market,445.6,5.29,5.29,2357.25,5.29,0,0.0,0,0,0,0,1,0,109,0.934,0,471.7,1.23,-1.4,-2.1,1.34,1.21,1.12,445.6,0.0
2026-06-27,145,BW-202,Bramblewick Trail Bars Berry 6ct,Bars,Fernhollow Market,666.0,5.29,4.76,3203.51,4.81,1,0.1,0,0,0,0,0,0,109,0.934,0,609.5,1.23,-1.4,-2.1,1.34,1.21,1.12,427.8,238.2
2026-07-04,146,BW-202,Bramblewick Trail Bars Berry 6ct,Bars,Fernhollow Market,803.3,5.29,4.76,3872.02,4.82,1,0.1,0,0,0,0,0,0,110,0.942,0,713.4,1.23,-1.4,-2.1,1.34,1.21,1.12,427.8,375.5
2026-07-11,147,BW-202,Bramblewick Trail Bars Berry 6ct,Bars,Fernhollow Market,428.7,5.29,5.29,2267.98,5.29,0,0.0,0,0,0,1,0,1,109,0.934,0,490.6,1.23,-1.4,-2.1,1.34,1.21,1.12,428.7,0.0
2026-07-18,148,BW-202,Bramblewick Trail Bars Berry 6ct,Bars,Fernhollow Market,492.0,5.29,5.29,2602.47,5.29,0,0.0,0,0,0,1,0,0,109,0.934,0,493.3,1.23,-1.4,-2.1,1.34,1.21,1.12,492.0,0.0
2026-07-25,149,BW-202,Bramblewick Trail Bars Berry 6ct,Bars,Fernhollow Market,518.2,5.29,5.29,2741.21,5.29,0,0.0,0,0,0,1,0,0,110,0.942,0,498.2,1.23,-1.4,-2.1,1.34,1.21,1.12,518.2,0.0
2026-08-01,150,BW-202,Bramblewick Trail Bars Berry 6ct,Bars,Fernhollow Market,402.1,5.29,5.29,2126.86,5.29,0,0.0,0,0,0,1,0,0,109,0.934,0,491.5,1.23,-1.4,-2.1,1.34,1.21,1.12,402.1,0.0
2026-08-08,151,BW-202,Bramblewick Trail Bars Berry 6ct,Bars,Fernhollow Market,437.7,5.29,5.29,2315.5,5.29,0,0.0,0,0,0,0,0,0,109,0.934,0,486.8,1.23,-1.4,-2.1,1.34,1.21,1.12,437.7,0.0
2026-08-15,152,BW-202,Bramblewick Trail Bars Berry 6ct,Bars,Fernhollow Market,522.1,5.29,5.29,2761.77,5.29,0,0.0,0,0,0,0,0,0,111,0.951,0,488.3,1.23,-1.4,-2.1,1.34,1.21,1.12,522.1,0.0
2026-08-22,153,BW-202,Bramblewick Trail Bars Berry 6ct,Bars,Fernhollow Market,544.9,5.29,5.29,2882.59,5.29,0,0.0,0,0,0,0,0,0,111,0.951,0,559.4,1.23,-1.4,-2.1,1.34,1.21,1.12,544.9,0.0
2026-08-29,154,BW-202,Bramblewick Trail Bars Berry 6ct,Bars,Fernhollow Market,589.2,5.29,5.29,3116.98,5.29,0,0.0,0,0,0,0,0,0,110,0.942,0,540.9,1.23,-1.4,-2.1,1.34,1.21,1.12,589.2,0.0
2026-09-05,155,BW-202,Bramblewick Trail Bars Berry 6ct,Bars,Fernhollow Market,497.6,5.29,5.29,2632.13,5.29,0,0.0,0,0,0,0,0,0,110,0.942,0,449.6,1.23,-1.4,-2.1,1.34,1.21,1.12,497.6,0.0
2023-09-16,0,BW-202,Bramblewick Trail Bars Berry 6ct,Bars,Granite Peak Grocers,443.9,3.99,3.99,1770.97,3.99,0,0.0,0,0,0,0,0,0,69,0.697,0,451.9,1.23,-1.4,-2.1,1.34,1.21,1.12,443.9,0.0
2023-09-23,1,BW-202,Bramblewick Trail Bars Berry 6ct,Bars,Granite Peak Grocers,437.1,3.99,3.99,1743.99,3.99,0,0.0,0,0,0,0,0,0,70,0.707,0,379.5,1.23,-1.4,-2.1,1.34,1.21,1.12,437.1,0.0
2023-09-30,2,BW-202,Bramblewick Trail Bars Berry 6ct,Bars,Granite Peak Grocers,406.2,3.99,3.99,1620.94,3.99,0,0.0,0,0,0,0,0,0,69,0.697,0,361.5,1.23,-1.4,-2.1,1.34,1.21,1.12,406.2,0.0
2023-10-07,3,BW-202,Bramblewick Trail Bars Berry 6ct,Bars,Granite Peak Grocers,353.2,3.99,3.99,1409.42,3.99,0,0.0,0,0,0,0,0,0,68,0.687,0,344.1,1.23,-1.4,-2.1,1.34,1.21,1.12,353.2,0.0
2023-10-14,4,BW-202,Bramblewick Trail Bars Berry 6ct,Bars,Granite Peak Grocers,334.4,3.99,3.99,1334.43,3.99,0,0.0,0,0,0,0,0,0,70,0.707,0,342.3,1.23,-1.4,-2.1,1.34,1.21,1.12,334.4,0.0
2023-10-21,5,BW-202,Bramblewick Trail Bars Berry 6ct,Bars,Granite Peak Grocers,290.8,3.99,3.99,1160.14,3.99,0,0.0,0,0,0,1,0,0,70,0.707,0,331.4,1.23,-1.4,-2.1,1.34,1.21,1.12,290.8,0.0
2023-10-28,6,BW-202,Bramblewick Trail Bars Berry 6ct,Bars,Granite Peak Grocers,321.8,3.99,3.99,1284.08,3.99,0,0.0,0,0,0,1,0,0,69,0.697,0,317.1,1.23,-1.4,-2.1,1.34,1.21,1.12,321.8,0.0
2023-11-04,7,BW-202,Bramblewick Trail Bars Berry 6ct,Bars,Granite Peak Grocers,304.5,3.99,3.99,1214.93,3.99,0,0.0,0,0,0,0,1,0,68,0.687,0,304.4,1.23,-1.4,-2.1,1.34,1.21,1.12,304.5,0.0
2023-11-11,8,BW-202,Bramblewick Trail Bars Berry 6ct,Bars,Granite Peak Grocers,1108.0,3.99,2.99,3589.83,3.24,1,0.25,1,1,1,0,0,0,70,0.707,0,306.5,1.23,-1.4,-2.1,1.34,1.21,1.12,343.8,764.2
2023-11-18,9,BW-202,Bramblewick Trail Bars Berry 6ct,Bars,Granite Peak Grocers,733.4,3.99,2.99,2222.13,3.03,1,0.25,1,1,1,1,0,0,68,0.687,0,309.4,1.23,-1.4,-2.1,1.34,1.21,1.12,343.8,389.6
2023-11-25,10,BW-202,Bramblewick Trail Bars Berry 6ct,Bars,Granite Peak Grocers,259.0,3.99,3.99,1033.35,3.99,0,0.0,0,0,0,0,0,1,69,0.697,0,317.5,1.23,-1.4,-2.1,1.34,1.21,1.12,259.0,0.0
2023-12-02,11,BW-202,Bramblewick Trail Bars Berry 6ct,Bars,Granite Peak Grocers,283.8,3.99,3.99,1132.4,3.99,0,0.0,0,0,0,0,0,0,69,0.697,0,290.7,1.23,-1.4,-2.1,1.34,1.21,1.12,283.8,0.0
2023-12-09,12,BW-202,Bramblewick Trail Bars Berry 6ct,Bars,Granite Peak Grocers,304.1,3.99,3.99,1213.44,3.99,0,0.0,0,0,0,0,0,0,68,0.687,0,285.6,1.23,-1.4,-2.1,1.34,1.21,1.12,304.1,0.0
2023-12-16,13,BW-202,Bramblewick Trail Bars Berry 6ct,Bars,Granite Peak Grocers,312.5,3.99,3.99,1247.0,3.99,0,0.0,0,0,0,0,1,0,70,0.707,0,305.2,1.23,-1.4,-2.1,1.34,1.21,1.12,312.5,0.0
2023-12-23,14,BW-202,Bramblewick Trail Bars Berry 6ct,Bars,Granite Peak Grocers,634.1,3.99,3.19,2098.73,3.31,1,0.2,0,1,0,1,0,0,71,0.717,0,325.6,1.23,-1.4,-2.1,1.34,1.21,1.12,304.3,329.8
2023-12-30,15,BW-202,Bramblewick Trail Bars Berry 6ct,Bars,Granite Peak Grocers,215.4,3.99,3.99,859.63,3.99,0,0.0,0,0,0,1,0,1,72,0.727,0,321.3,1.23,-1.4,-2.1,1.34,1.21,1.12,215.4,0.0
2024-01-06,16,BW-202,Bramblewick Trail Bars Berry 6ct,Bars,Granite Peak Grocers,301.0,3.99,3.99,1200.88,3.99,0,0.0,0,0,0,1,0,0,70,0.707,0,340.8,1.23,-1.4,-2.1,1.34,1.21,1.12,301.0,0.0
2024-01-13,17,BW-202,Bramblewick Trail Bars Berry 6ct,Bars,Granite Peak Grocers,276.3,3.99,3.99,1102.29,3.99,0,0.0,0,0,0,1,0,0,70,0.707,0,345.6,1.23,-1.4,-2.1,1.34,1.21,1.12,276.3,0.0
2024-01-20,18,BW-202,Bramblewick Trail Bars Berry 6ct,Bars,Granite Peak Grocers,247.1,3.99,3.99,985.89,3.99,0,0.0,0,0,0,0,0,0,71,0.717,0,315.8,1.23,-1.4,-2.1,1.34,1.21,1.12,247.1,0.0
2024-01-27,19,BW-202,Bramblewick Trail Bars Berry 6ct,Bars,Granite Peak Grocers,253.4,3.99,3.99,1010.96,3.99,0,0.0,0,0,0,1,0,0,71,0.717,0,321.1,1.23,-1.4,-2.1,1.34,1.21,1.12,253.4,0.0
2024-02-03,20,BW-202,Bramblewick Trail Bars Berry 6ct,Bars,Granite Peak Grocers,268.0,3.99,3.99,1069.49,3.99,0,0.0,0,0,0,1,0,0,70,0.707,0,321.9,1.23,-1.4,-2.1,1.34,1.21,1.12,268.0,0.0
2024-02-10,21,BW-202,Bramblewick Trail Bars Berry 6ct,Bars,Granite Peak Grocers,330.5,3.99,3.99,1318.78,3.99,0,0.0,0,0,0,0,0,0,70,0.707,0,327.3,1.23,-1.4,-2.1,1.34,1.21,1.12,330.5,0.0
2024-02-17,22,BW-202,Bramblewick Trail Bars Berry 6ct,Bars,Granite Peak Grocers,363.2,3.99,3.99,1449.17,3.99,0,0.0,0,0,0,0,0,0,71,0.717,0,337.5,1.23,-1.4,-2.1,1.34,1.21,1.12,363.2,0.0
2024-02-24,23,BW-202,Bramblewick Trail Bars Berry 6ct,Bars,Granite Peak Grocers,304.4,3.99,3.99,1214.62,3.99,0,0.0,0,0,0,1,0,0,71,0.717,0,342.7,1.23,-1.4,-2.1,1.34,1.21,1.12,304.4,0.0
2024-03-02,24,BW-202,Bramblewick Trail Bars Berry 6ct,Bars,Granite Peak Grocers,298.8,3.99,3.99,1192.12,3.99,0,0.0,0,0,0,1,0,0,70,0.707,0,342.9,1.23,-1.4,-2.1,1.34,1.21,1.12,298.8,0.0
2024-03-09,25,BW-202,Bramblewick Trail Bars Berry 6ct,Bars,Granite Peak Grocers,330.2,3.99,3.99,1317.62,3.99,0,0.0,0,0,0,0,0,0,71,0.717,0,352.7,1.23,-1.4,-2.1,1.34,1.21,1.12,330.2,0.0
2024-03-16,26,BW-202,Bramblewick Trail Bars Berry 6ct,Bars,Granite Peak Grocers,363.2,3.99,3.99,1448.98,3.99,0,0.0,0,0,0,0,0,0,73,0.737,0,367.6,1.23,-1.4,-2.1,1.34,1.21,1.12,363.2,0.0
2024-03-23,27,BW-202,Bramblewick Trail Bars Berry 6ct,Bars,Granite Peak Grocers,322.0,3.99,3.99,1284.64,3.99,0,0.0,0,0,0,0,0,0,72,0.727,0,367.3,1.23,-1.4,-2.1,1.34,1.21,1.12,322.0,0.0
2024-03-30,28,BW-202,Bramblewick Trail Bars Berry 6ct,Bars,Granite Peak Grocers,365.1,4.29,4.29,1566.43,4.29,0,0.0,0,0,0,0,0,0,73,0.737,0,341.0,1.23,-1.4,-2.1,1.34,1.21,1.12,365.1,0.0
2024-04-06,29,BW-202,Bramblewick Trail Bars Berry 6ct,Bars,Granite Peak Grocers,338.1,4.29,4.29,1450.34,4.29,0,0.0,0,0,0,0,0,0,72,0.727,0,340.8,1.23,-1.4,-2.1,1.34,1.21,1.12,338.1,0.0
2024-04-13,30,BW-202,Bramblewick Trail Bars Berry 6ct,Bars,Granite Peak Grocers,378.9,4.29,4.29,1625.48,4.29,0,0.0,0,0,0,0,1,0,74,0.747,0,355.3,1.23,-1.4,-2.1,1.34,1.21,1.12,378.9,0.0
2024-04-20,31,BW-202,Bramblewick Trail Bars Berry 6ct,Bars,Granite Peak Grocers,527.5,4.29,3.65,1999.4,3.79,1,0.15,0,0,0,0,0,0,72,0.727,0,351.0,1.23,-1.4,-2.1,1.34,1.21,1.12,334.2,193.4
2024-04-27,32,BW-202,Bramblewick Trail Bars Berry 6ct,Bars,Granite Peak Grocers,324.7,4.29,4.29,1392.9,4.29,0,0.0,0,0,0,0,0,1,74,0.747,0,366.7,1.23,-1.4,-2.1,1.34,1.21,1.12,324.7,0.0
2024-05-04,33,BW-202,Bramblewick Trail Bars Berry 6ct,Bars,Granite Peak Grocers,361.9,4.29,4.29,1552.52,4.29,0,0.0,0,0,0,0,0,0,73,0.737,0,368.3,1.23,-1.4,-2.1,1.34,1.21,1.12,361.9,0.0
2024-05-11,34,BW-202,Bramblewick Trail Bars Berry 6ct,Bars,Granite Peak Grocers,371.2,4.29,4.29,1592.66,4.29,0,0.0,0,0,0,0,0,0,73,0.737,0,375.4,1.23,-1.4,-2.1,1.34,1.21,1.12,371.2,0.0
2024-05-18,35,BW-202,Bramblewick Trail Bars Berry 6ct,Bars,Granite Peak Grocers,371.4,4.29,4.29,1593.18,4.29,0,0.0,0,0,0,1,1,0,73,0.737,0,440.6,1.23,-1.4,-2.1,1.34,1.21,1.12,371.4,0.0
2024-05-25,36,BW-202,Bramblewick Trail Bars Berry 6ct,Bars,Granite Peak Grocers,649.9,4.29,3.43,2248.73,3.46,1,0.2,0,1,0,1,0,0,73,0.737,0,482.8,1.23,-1.4,-2.1,1.34,1.21,1.12,363.5,286.4
2024-06-01,37,BW-202,Bramblewick Trail Bars Berry 6ct,Bars,Granite Peak Grocers,297.4,4.29,4.29,1275.74,4.29,0,0.0,0,0,0,1,0,1,74,0.747,0,405.5,1.23,-1.4,-2.1,1.34,1.21,1.12,297.4,0.0
2024-06-08,38,BW-202,Bramblewick Trail Bars Berry 6ct,Bars,Granite Peak Grocers,447.9,4.29,4.29,1921.53,4.29,0,0.0,0,0,0,1,0,0,74,0.747,0,414.4,1.23,-1.4,-2.1,1.34,1.21,1.12,447.9,0.0
2024-06-15,39,BW-202,Bramblewick Trail Bars Berry 6ct,Bars,Granite Peak Grocers,442.8,4.29,4.29,1899.56,4.29,0,0.0,0,0,0,0,0,0,77,0.778,0,440.4,1.23,-1.4,-2.1,1.34,1.21,1.12,442.8,0.0
2024-06-22,40,BW-202,Bramblewick Trail Bars Berry 6ct,Bars,Granite Peak Grocers,522.3,4.29,4.29,2240.5,4.29,0,0.0,0,0,0,0,0,0,77,0.778,0,449.2,1.23,-1.4,-2.1,1.34,1.21,1.12,522.3,0.0
2024-06-29,41,BW-202,Bramblewick Trail Bars Berry 6ct,Bars,Granite Peak Grocers,517.0,4.29,4.29,2218.04,4.29,0,0.0,0,0,0,0,1,0,76,0.767,0,573.7,1.23,-1.4,-2.1,1.34,1.21,1.12,517.0,0.0
2024-07-06,42,BW-202,Bramblewick Trail Bars Berry 6ct,Bars,Granite Peak Grocers,1404.8,4.29,3.43,5071.2,3.61,1,0.2,1,1,0,0,0,0,77,0.778,0,675.2,1.23,-1.4,-2.1,1.34,1.21,1.12,407.1,997.7
2024-07-13,43,BW-202,Bramblewick Trail Bars Berry 6ct,Bars,Granite Peak Grocers,420.1,4.29,4.29,1802.2,4.29,0,0.0,0,0,0,0,0,1,77,0.778,0,469.3,1.23,-1.4,-2.1,1.34,1.21,1.12,420.1,0.0
2024-07-20,44,BW-202,Bramblewick Trail Bars Berry 6ct,Bars,Granite Peak Grocers,440.3,4.29,4.29,1889.02,4.29,0,0.0,0,0,0,0,0,0,75,0.757,0,460.2,1.23,-1.4,-2.1,1.34,1.21,1.12,440.3,0.0
2024-07-27,45,BW-202,Bramblewick Trail Bars Berry 6ct,Bars,Granite Peak Grocers,380.7,4.29,4.29,1633.29,4.29,0,0.0,0,0,0,1,0,0,77,0.778,0,473.5,1.23,-1.4,-2.1,1.34,1.21,1.12,380.7,0.0
2024-08-03,46,BW-202,Bramblewick Trail Bars Berry 6ct,Bars,Granite Peak Grocers,507.5,4.29,4.29,2177.18,4.29,0,0.0,0,0,0,0,1,0,76,0.767,0,466.0,1.23,-1.4,-2.1,1.34,1.21,1.12,507.5,0.0
2024-08-10,47,BW-202,Bramblewick Trail Bars Berry 6ct,Bars,Granite Peak Grocers,568.8,4.29,3.86,2246.69,3.95,1,0.1,0,0,0,0,0,0,77,0.778,0,468.2,1.23,-1.4,-2.1,1.34,1.21,1.12,445.4,123.4
2024-08-17,48,BW-202,Bramblewick Trail Bars Berry 6ct,Bars,Granite Peak Grocers,391.6,4.29,4.29,1680.1,4.29,0,0.0,0,0,0,0,0,1,76,0.767,0,455.9,1.23,-1.4,-2.1,1.34,1.21,1.12,391.6,0.0
2024-08-24,49,BW-202,Bramblewick Trail Bars Berry 6ct,Bars,Granite Peak Grocers,560.6,4.29,4.29,2405.04,4.29,0,0.0,0,0,0,1,0,0,75,0.757,0,516.2,1.23,-1.4,-2.1,1.34,1.21,1.12,560.6,0.0
2024-08-31,50,BW-202,Bramblewick Trail Bars Berry 6ct,Bars,Granite Peak Grocers,502.2,4.29,4.29,2154.25,4.29,0,0.0,0,0,0,1,0,0,77,0.778,0,517.8,1.23,-1.4,-2.1,1.34,1.21,1.12,502.2,0.0
2024-09-07,51,BW-202,Bramblewick Trail Bars Berry 6ct,Bars,Granite Peak Grocers,372.8,4.29,4.29,1599.44,4.29,0,0.0,0,0,0,0,0,0,76,0.767,0,425.4,1.23,-1.4,-2.1,1.34,1.21,1.12,372.8,0.0
2024-09-14,52,BW-202,Bramblewick Trail Bars Berry 6ct,Bars,Granite Peak Grocers,473.0,4.29,4.29,2029.28,4.29,0,0.0,0,0,0,0,0,0,78,0.788,0,423.5,1.23,-1.4,-2.1,1.34,1.21,1.12,473.0,0.0
2024-09-21,53,BW-202,Bramblewick Trail Bars Berry 6ct,Bars,Granite Peak Grocers,431.2,4.29,4.29,1849.92,4.29,0,0.0,0,0,0,0,0,0,79,0.798,0,415.0,1.23,-1.4,-2.1,1.34,1.21,1.12,431.2,0.0
2024-09-28,54,BW-202,Bramblewick Trail Bars Berry 6ct,Bars,Granite Peak Grocers,400.8,4.29,4.29,1719.35,4.29,0,0.0,0,0,0,0,0,0,79,0.798,0,401.0,1.23,-1.4,-2.1,1.34,1.21,1.12,400.8,0.0
2024-10-05,55,BW-202,Bramblewick Trail Bars Berry 6ct,Bars,Granite Peak Grocers,285.4,4.29,4.29,1224.43,4.29,0,0.0,0,0,0,1,0,0,79,0.798,0,387.3,1.23,-1.4,-2.1,1.34,1.21,1.12,285.4,0.0
2024-10-12,56,BW-202,Bramblewick Trail Bars Berry 6ct,Bars,Granite Peak Grocers,366.5,4.29,4.29,1572.42,4.29,0,0.0,0,0,0,0,1,0,77,0.778,0,364.9,1.23,-1.4,-2.1,1.34,1.21,1.12,366.5,0.0
2024-10-19,57,BW-202,Bramblewick Trail Bars Berry 6ct,Bars,Granite Peak Grocers,320.6,4.29,3.22,1070.7,3.34,1,0.25,1,1,0,1,0,0,78,0.788,0,357.8,1.23,-1.4,-2.1,1.34,1.21,1.12,416.0,0.0
2024-10-26,58,BW-202,Bramblewick Trail Bars Berry 6ct,Bars,Granite Peak Grocers,449.9,4.29,3.22,1529.65,3.4,1,0.25,1,1,0,0,0,0,79,0.798,0,351.8,1.23,-1.4,-2.1,1.34,1.21,1.12,416.0,33.9
2024-11-02,59,BW-202,Bramblewick Trail Bars Berry 6ct,Bars,Granite Peak Grocers,249.4,4.29,4.29,1069.94,4.29,0,0.0,0,0,0,1,0,1,79,0.798,0,342.7,1.23,-1.4,-2.1,1.34,1.21,1.12,249.4,0.0
2024-11-09,60,BW-202,Bramblewick Trail Bars Berry 6ct,Bars,Granite Peak Grocers,243.3,4.29,4.29,1043.73,4.29,0,0.0,0,0,0,1,0,0,77,0.778,0,326.7,1.23,-1.4,-2.1,1.34,1.21,1.12,243.3,0.0
2024-11-16,61,BW-202,Bramblewick Trail Bars Berry 6ct,Bars,Granite Peak Grocers,340.5,4.29,4.29,1460.8,4.29,0,0.0,0,0,0,0,0,0,78,0.788,0,325.1,1.23,-1.4,-2.1,1.34,1.21,1.12,340.5,0.0
2024-11-23,62,BW-202,Bramblewick Trail Bars Berry 6ct,Bars,Granite Peak Grocers,297.7,4.29,4.29,1277.27,4.29,0,0.0,0,0,0,0,0,0,78,0.788,0,339.5,1.23,-1.4,-2.1,1.34,1.21,1.12,297.7,0.0
2024-11-30,63,BW-202,Bramblewick Trail Bars Berry 6ct,Bars,Granite Peak Grocers,383.5,4.29,4.29,1645.34,4.29,0,0.0,0,0,0,0,1,0,77,0.778,0,340.5,1.23,-1.4,-2.1,1.34,1.21,1.12,383.5,0.0
2024-12-07,64,BW-202,Bramblewick Trail Bars Berry 6ct,Bars,Granite Peak Grocers,396.1,4.29,3.65,1501.26,3.79,1,0.15,0,0,0,0,0,0,79,0.798,0,321.5,1.23,-1.4,-2.1,1.34,1.21,1.12,319.1,77.0
2024-12-14,65,BW-202,Bramblewick Trail Bars Berry 6ct,Bars,Granite Peak Grocers,529.5,4.29,3.65,1948.72,3.68,1,0.15,0,0,0,0,0,0,81,0.818,0,342.2,1.23,-1.4,-2.1,1.34,1.21,1.12,319.1,210.4
2024-12-21,66,BW-202,Bramblewick Trail Bars Berry 6ct,Bars,Granite Peak Grocers,299.4,4.29,4.29,1284.46,4.29,0,0.0,0,0,0,0,0,1,81,0.818,0,359.9,1.23,-1.4,-2.1,1.34,1.21,1.12,299.4,0.0
2024-12-28,67,BW-202,Bramblewick Trail Bars Berry 6ct,Bars,Granite Peak Grocers,286.9,4.29,4.29,1230.96,4.29,0,0.0,0,0,0,1,0,0,80,0.808,0,346.0,1.23,-1.4,-2.1,1.34,1.21,1.12,286.9,0.0
2025-01-04,68,BW-202,Bramblewick Trail Bars Berry 6ct,Bars,Granite Peak Grocers,332.4,4.29,4.29,1426.07,4.29,0,0.0,0,0,0,1,0,0,79,0.798,0,372.6,1.23,-1.4,-2.1,1.34,1.21,1.12,332.4,0.0
2025-01-11,69,BW-202,Bramblewick Trail Bars Berry 6ct,Bars,Granite Peak Grocers,307.3,4.29,4.29,1318.15,4.29,0,0.0,0,0,0,1,0,0,79,0.798,0,377.9,1.23,-1.4,-2.1,1.34,1.21,1.12,307.3,0.0
2025-01-18,70,BW-202,Bramblewick Trail Bars Berry 6ct,Bars,Granite Peak Grocers,375.7,4.29,4.29,1611.94,4.29,0,0.0,0,0,0,0,0,0,81,0.818,0,349.1,1.23,-1.4,-2.1,1.34,1.21,1.12,375.7,0.0
2025-01-25,71,BW-202,Bramblewick Trail Bars Berry 6ct,Bars,Granite Peak Grocers,324.0,4.29,4.29,1390.06,4.29,0,0.0,0,0,0,0,0,0,80,0.808,0,350.5,1.23,-1.4,-2.1,1.34,1.21,1.12,324.0,0.0
2025-02-01,72,BW-202,Bramblewick Trail Bars Berry 6ct,Bars,Granite Peak Grocers,361.2,4.29,4.29,1549.48,4.29,0,0.0,0,0,0,1,0,0,79,0.798,0,352.0,1.23,-1.4,-2.1,1.34,1.21,1.12,361.2,0.0
2025-02-08,73,BW-202,Bramblewick Trail Bars Berry 6ct,Bars,Granite Peak Grocers,394.0,4.29,4.29,1690.07,4.29,0,0.0,0,0,0,0,0,0,79,0.798,0,357.9,1.23,-1.4,-2.1,1.34,1.21,1.12,394.0,0.0
2025-02-15,74,BW-202,Bramblewick Trail Bars Berry 6ct,Bars,Granite Peak Grocers,304.4,4.29,4.29,1305.77,4.29,0,0.0,0,0,0,0,0,0,79,0.798,0,363.8,1.23,-1.4,-2.1,1.34,1.21,1.12,304.4,0.0
2025-02-22,75,BW-202,Bramblewick Trail Bars Berry 6ct,Bars,Granite Peak Grocers,465.3,4.29,4.29,1996.32,4.29,0,0.0,0,0,0,0,0,0,80,0.808,0,374.2,1.23,-1.4,-2.1,1.34,1.21,1.12,465.3,0.0
2025-03-01,76,BW-202,Bramblewick Trail Bars Berry 6ct,Bars,Granite Peak Grocers,388.0,4.29,4.29,1664.4,4.29,0,0.0,0,0,0,0,0,0,79,0.798,0,375.0,1.23,-1.4,-2.1,1.34,1.21,1.12,388.0,0.0
2025-03-08,77,BW-202,Bramblewick Trail Bars Berry 6ct,Bars,Granite Peak Grocers,346.8,4.29,4.29,1487.59,4.29,0,0.0,0,0,0,0,0,0,79,0.798,0,380.3,1.23,-1.4,-2.1,1.34,1.21,1.12,346.8,0.0
2025-03-15,78,BW-202,Bramblewick Trail Bars Berry 6ct,Bars,Granite Peak Grocers,422.5,4.29,4.29,1812.57,4.29,0,0.0,0,0,0,0,0,0,84,0.848,0,409.8,1.23,-1.4,-2.1,1.34,1.21,1.12,422.5,0.0
2025-03-22,79,BW-202,Bramblewick Trail Bars Berry 6ct,Bars,Granite Peak Grocers,415.4,4.29,4.29,1781.89,4.29,0,0.0,0,0,0,0,0,0,83,0.838,0,410.3,1.23,-1.4,-2.1,1.34,1.21,1.12,415.4,0.0
2025-03-29,80,BW-202,Bramblewick Trail Bars Berry 6ct,Bars,Granite Peak Grocers,448.7,4.29,4.29,1925.09,4.29,0,0.0,0,0,0,0,0,0,82,0.828,0,410.7,1.23,-1.4,-2.1,1.34,1.21,1.12,448.7,0.0
2025-04-05,81,BW-202,Bramblewick Trail Bars Berry 6ct,Bars,Granite Peak Grocers,407.1,4.29,4.29,1746.42,4.29,0,0.0,0,0,0,1,0,0,83,0.838,0,421.4,1.23,-1.4,-2.1,1.34,1.21,1.12,407.1,0.0
2025-04-12,82,BW-202,Bramblewick Trail Bars Berry 6ct,Bars,Granite Peak Grocers,492.8,4.29,4.29,2114.27,4.29,0,0.0,0,0,0,0,0,0,84,0.848,0,432.5,1.23,-1.4,-2.1,1.34,1.21,1.12,492.8,0.0
2025-04-19,83,BW-202,Bramblewick Trail Bars Berry 6ct,Bars,Granite Peak Grocers,382.4,4.29,4.29,1640.38,4.29,0,0.0,0,0,0,0,0,0,84,0.848,0,439.2,1.23,-1.4,-2.1,1.34,1.21,1.12,382.4,0.0
2025-04-26,84,BW-202,Bramblewick Trail Bars Berry 6ct,Bars,Granite Peak Grocers,454.1,4.29,4.29,1948.15,4.29,0,0.0,0,0,0,0,0,0,83,0.838,0,441.1,1.23,-1.4,-2.1,1.34,1.21,1.12,454.1,0.0
2025-05-03,85,BW-202,Bramblewick Trail Bars Berry 6ct,Bars,Granite Peak Grocers,424.3,4.29,4.29,1820.34,4.29,0,0.0,0,0,0,0,0,0,84,0.848,0,454.4,1.23,-1.4,-2.1,1.34,1.21,1.12,424.3,0.0
2025-05-10,86,BW-202,Bramblewick Trail Bars Berry 6ct,Bars,Granite Peak Grocers,351.5,4.49,4.49,1578.08,4.49,0,0.0,0,0,0,0,1,0,84,0.848,0,434.6,1.23,-1.4,-2.1,1.34,1.21,1.12,351.5,0.0
2025-05-17,87,BW-202,Bramblewick Trail Bars Berry 6ct,Bars,Granite Peak Grocers,1016.3,4.49,3.59,3770.42,3.71,1,0.2,1,1,0,1,0,0,83,0.838,0,438.2,1.23,-1.4,-2.1,1.34,1.21,1.12,419.8,596.4
2025-05-24,88,BW-202,Bramblewick Trail Bars Berry 6ct,Bars,Granite Peak Grocers,1137.3,4.49,3.59,4185.1,3.68,1,0.2,1,1,0,1,0,0,82,0.828,0,508.7,1.23,-1.4,-2.1,1.34,1.21,1.12,419.8,717.4
2025-05-31,89,BW-202,Bramblewick Trail Bars Berry 6ct,Bars,Granite Peak Grocers,481.3,4.49,4.49,2160.84,4.49,0,0.0,0,0,0,1,0,1,83,0.838,0,564.5,1.23,-1.4,-2.1,1.34,1.21,1.12,481.3,0.0
2025-06-07,90,BW-202,Bramblewick Trail Bars Berry 6ct,Bars,Granite Peak Grocers,397.8,4.49,4.49,1786.16,4.49,0,0.0,0,0,0,1,0,0,83,0.838,0,467.7,1.23,-1.4,-2.1,1.34,1.21,1.12,397.8,0.0
2025-06-14,91,BW-202,Bramblewick Trail Bars Berry 6ct,Bars,Granite Peak Grocers,181.2,4.49,4.49,813.68,4.49,0,0.0,0,0,0,0,0,0,84,0.848,1,483.4,1.23,-1.4,-2.1,1.34,1.21,1.12,181.2,0.0
2025-06-21,92,BW-202,Bramblewick Trail Bars Berry 6ct,Bars,Granite Peak Grocers,493.8,4.49,4.49,2216.95,4.49,0,0.0,0,0,0,0,0,0,85,0.858,0,499.0,1.23,-1.4,-2.1,1.34,1.21,1.12,493.8,0.0
2025-06-28,93,BW-202,Bramblewick Trail Bars Berry 6ct,Bars,Granite Peak Grocers,575.9,4.49,4.49,2585.81,4.49,0,0.0,0,0,0,1,0,0,85,0.858,0,645.6,1.23,-1.4,-2.1,1.34,1.21,1.12,575.9,0.0
2025-07-05,94,BW-202,Bramblewick Trail Bars Berry 6ct,Bars,Granite Peak Grocers,686.6,4.49,4.49,3082.75,4.49,0,0.0,0,0,0,1,0,0,84,0.848,0,741.1,1.23,-1.4,-2.1,1.34,1.21,1.12,686.6,0.0
2025-07-12,95,BW-202,Bramblewick Trail Bars Berry 6ct,Bars,Granite Peak Grocers,414.6,4.49,4.49,1861.39,4.49,0,0.0,0,0,0,1,0,0,84,0.848,0,515.0,1.23,-1.4,-2.1,1.34,1.21,1.12,414.6,0.0
2025-07-19,96,BW-202,Bramblewick Trail Bars Berry 6ct,Bars,Granite Peak Grocers,515.4,4.49,4.49,2314.27,4.49,0,0.0,0,0,0,0,0,0,85,0.858,0,524.8,1.23,-1.4,-2.1,1.34,1.21,1.12,515.4,0.0
2025-07-26,97,BW-202,Bramblewick Trail Bars Berry 6ct,Bars,Granite Peak Grocers,509.8,4.49,4.49,2288.78,4.49,0,0.0,0,0,0,0,0,0,84,0.848,0,519.7,1.23,-1.4,-2.1,1.34,1.21,1.12,509.8,0.0
2025-08-02,98,BW-202,Bramblewick Trail Bars Berry 6ct,Bars,Granite Peak Grocers,430.2,4.49,4.49,1931.41,4.49,0,0.0,0,0,0,1,0,0,84,0.848,0,518.2,1.23,-1.4,-2.1,1.34,1.21,1.12,430.2,0.0
2025-08-09,99,BW-202,Bramblewick Trail Bars Berry 6ct,Bars,Granite Peak Grocers,465.4,4.49,4.49,2089.66,4.49,0,0.0,0,0,0,0,0,0,85,0.858,0,520.1,1.23,-1.4,-2.1,1.34,1.21,1.12,465.4,0.0
2025-08-16,100,BW-202,Bramblewick Trail Bars Berry 6ct,Bars,Granite Peak Grocers,501.5,4.49,4.49,2251.58,4.49,0,0.0,0,0,0,0,1,0,84,0.848,0,507.0,1.23,-1.4,-2.1,1.34,1.21,1.12,501.5,0.0
2025-08-23,101,BW-202,Bramblewick Trail Bars Berry 6ct,Bars,Granite Peak Grocers,1570.1,4.49,3.37,5699.54,3.63,1,0.25,0,1,1,0,0,0,84,0.848,0,581.7,1.23,-1.4,-2.1,1.34,1.21,1.12,505.6,1064.4
2025-08-30,102,BW-202,Bramblewick Trail Bars Berry 6ct,Bars,Granite Peak Grocers,576.0,4.49,4.49,2586.34,4.49,0,0.0,0,0,0,1,0,1,85,0.858,0,575.1,1.23,-1.4,-2.1,1.34,1.21,1.12,576.0,0.0
2025-09-06,103,BW-202,Bramblewick Trail Bars Berry 6ct,Bars,Granite Peak Grocers,425.3,4.49,4.49,1909.4,4.49,0,0.0,0,0,0,1,0,0,84,0.848,0,473.1,1.23,-1.4,-2.1,1.34,1.21,1.12,425.3,0.0
2025-09-13,104,BW-202,Bramblewick Trail Bars Berry 6ct,Bars,Granite Peak Grocers,424.8,4.49,4.49,1907.3,4.49,0,0.0,0,0,0,1,0,0,86,0.868,0,469.8,1.23,-1.4,-2.1,1.34,1.21,1.12,424.8,0.0
2025-09-20,105,BW-202,Bramblewick Trail Bars Berry 6ct,Bars,Granite Peak Grocers,402.7,4.49,4.49,1808.0,4.49,0,0.0,0,0,0,0,0,0,86,0.868,0,454.5,1.23,-1.4,-2.1,1.34,1.21,1.12,402.7,0.0
2025-09-27,106,BW-202,Bramblewick Trail Bars Berry 6ct,Bars,Granite Peak Grocers,392.4,4.49,4.49,1761.78,4.49,0,0.0,0,0,0,1,0,0,88,0.889,0,449.4,1.23,-1.4,-2.1,1.34,1.21,1.12,392.4,0.0
2025-10-04,107,BW-202,Bramblewick Trail Bars Berry 6ct,Bars,Granite Peak Grocers,492.2,4.49,4.49,2209.97,4.49,0,0.0,0,0,0,0,0,0,87,0.878,0,429.1,1.23,-1.4,-2.1,1.34,1.21,1.12,492.2,0.0
2025-10-11,108,BW-202,Bramblewick Trail Bars Berry 6ct,Bars,Granite Peak Grocers,516.2,4.49,4.49,2317.76,4.49,0,0.0,0,0,0,0,0,0,87,0.878,0,414.8,1.23,-1.4,-2.1,1.34,1.21,1.12,516.2,0.0
2025-10-18,109,BW-202,Bramblewick Trail Bars Berry 6ct,Bars,Granite Peak Grocers,424.3,4.49,4.49,1905.04,4.49,0,0.0,0,0,0,0,0,0,87,0.878,0,401.6,1.23,-1.4,-2.1,1.34,1.21,1.12,424.3,0.0
2025-10-25,110,BW-202,Bramblewick Trail Bars Berry 6ct,Bars,Granite Peak Grocers,454.4,4.49,4.49,2040.1,4.49,0,0.0,0,0,0,0,1,0,88,0.889,0,394.3,1.23,-1.4,-2.1,1.34,1.21,1.12,454.4,0.0
2025-11-01,111,BW-202,Bramblewick Trail Bars Berry 6ct,Bars,Granite Peak Grocers,607.8,4.49,4.04,2473.57,4.07,1,0.1,0,0,0,0,0,0,88,0.889,0,384.1,1.23,-1.4,-2.1,1.34,1.21,1.12,425.0,182.7
2025-11-08,112,BW-202,Bramblewick Trail Bars Berry 6ct,Bars,Granite Peak Grocers,441.9,4.49,4.49,1983.94,4.49,0,0.0,0,0,0,0,0,1,88,0.889,0,375.6,1.23,-1.4,-2.1,1.34,1.21,1.12,441.9,0.0
2025-11-15,113,BW-202,Bramblewick Trail Bars Berry 6ct,Bars,Granite Peak Grocers,398.0,4.49,4.49,1787.14,4.49,0,0.0,0,0,0,0,0,0,87,0.878,0,364.9,1.23,-1.4,-2.1,1.34,1.21,1.12,398.0,0.0
2025-11-22,114,BW-202,Bramblewick Trail Bars Berry 6ct,Bars,Granite Peak Grocers,361.9,4.49,4.49,1624.88,4.49,0,0.0,0,0,0,0,0,0,88,0.889,0,385.3,1.23,-1.4,-2.1,1.34,1.21,1.12,361.9,0.0
2025-11-29,115,BW-202,Bramblewick Trail Bars Berry 6ct,Bars,Granite Peak Grocers,348.6,4.49,4.49,1565.4,4.49,0,0.0,0,0,0,1,0,0,87,0.878,0,387.1,1.23,-1.4,-2.1,1.34,1.21,1.12,348.6,0.0
2025-12-06,116,BW-202,Bramblewick Trail Bars Berry 6ct,Bars,Granite Peak Grocers,413.7,4.49,4.49,1857.58,4.49,0,0.0,0,0,0,0,0,0,88,0.889,0,360.3,1.23,-1.4,-2.1,1.34,1.21,1.12,413.7,0.0
2025-12-13,117,BW-202,Bramblewick Trail Bars Berry 6ct,Bars,Granite Peak Grocers,342.8,4.49,4.49,1539.24,4.49,0,0.0,0,0,0,0,1,0,89,0.899,0,378.3,1.23,-1.4,-2.1,1.34,1.21,1.12,342.8,0.0
2025-12-20,118,BW-202,Bramblewick Trail Bars Berry 6ct,Bars,Granite Peak Grocers,496.9,4.49,4.04,2017.47,4.06,1,0.1,0,0,0,0,0,0,89,0.899,0,397.8,1.23,-1.4,-2.1,1.34,1.21,1.12,405.8,91.0
2025-12-27,119,BW-202,Bramblewick Trail Bars Berry 6ct,Bars,Granite Peak Grocers,432.2,4.49,4.04,1780.73,4.12,1,0.1,0,0,0,1,0,0,89,0.899,0,387.2,1.23,-1.4,-2.1,1.34,1.21,1.12,405.8,26.3
2026-01-03,120,BW-202,Bramblewick Trail Bars Berry 6ct,Bars,Granite Peak Grocers,329.7,4.49,4.49,1480.33,4.49,0,0.0,0,0,0,1,0,1,90,0.909,0,427.1,1.23,-1.4,-2.1,1.34,1.21,1.12,329.7,0.0
2026-01-10,121,BW-202,Bramblewick Trail Bars Berry 6ct,Bars,Granite Peak Grocers,356.2,4.49,4.49,1599.17,4.49,0,0.0,0,0,0,0,1,0,90,0.909,0,433.2,1.23,-1.4,-2.1,1.34,1.21,1.12,356.2,0.0
2026-01-17,122,BW-202,Bramblewick Trail Bars Berry 6ct,Bars,Granite Peak Grocers,569.0,4.49,4.04,2310.14,4.06,1,0.1,0,0,0,0,0,0,89,0.899,0,385.9,1.23,-1.4,-2.1,1.34,1.21,1.12,359.0,210.0
2026-01-24,123,BW-202,Bramblewick Trail Bars Berry 6ct,Bars,Granite Peak Grocers,452.4,4.49,4.04,1854.85,4.1,1,0.1,0,0,0,0,0,0,90,0.909,0,396.7,1.23,-1.4,-2.1,1.34,1.21,1.12,359.0,93.4
2026-01-31,124,BW-202,Bramblewick Trail Bars Berry 6ct,Bars,Granite Peak Grocers,384.7,4.49,4.49,1727.17,4.49,0,0.0,0,0,0,0,0,1,91,0.919,0,408.0,1.23,-1.4,-2.1,1.34,1.21,1.12,384.7,0.0
2026-02-07,125,BW-202,Bramblewick Trail Bars Berry 6ct,Bars,Granite Peak Grocers,161.2,4.49,4.49,723.89,4.49,0,0.0,0,0,0,1,0,0,90,0.909,1,410.3,1.23,-1.4,-2.1,1.34,1.21,1.12,161.2,0.0
2026-02-14,126,BW-202,Bramblewick Trail Bars Berry 6ct,Bars,Granite Peak Grocers,315.5,4.79,4.79,1511.09,4.79,0,0.0,0,0,0,1,1,0,91,0.919,0,385.1,1.23,-1.4,-2.1,1.34,1.21,1.12,315.5,0.0
2026-02-21,127,BW-202,Bramblewick Trail Bars Berry 6ct,Bars,Granite Peak Grocers,468.7,4.79,4.07,1973.41,4.21,1,0.15,0,0,0,0,0,0,90,0.909,0,386.9,1.23,-1.4,-2.1,1.34,1.21,1.12,352.4,116.3
2026-02-28,128,BW-202,Bramblewick Trail Bars Berry 6ct,Bars,Granite Peak Grocers,514.3,4.79,4.07,2134.37,4.15,1,0.15,0,0,0,0,0,0,91,0.919,0,397.0,1.23,-1.4,-2.1,1.34,1.21,1.12,352.4,161.9
2026-03-07,129,BW-202,Bramblewick Trail Bars Berry 6ct,Bars,Granite Peak Grocers,293.5,4.79,4.79,1405.85,4.79,0,0.0,0,0,0,1,0,1,91,0.919,0,402.6,1.23,-1.4,-2.1,1.34,1.21,1.12,293.5,0.0
2026-03-14,130,BW-202,Bramblewick Trail Bars Berry 6ct,Bars,Granite Peak Grocers,367.7,4.79,4.79,1761.37,4.79,0,0.0,0,0,0,1,0,0,92,0.929,0,412.5,1.23,-1.4,-2.1,1.34,1.21,1.12,367.7,0.0
2026-03-21,131,BW-202,Bramblewick Trail Bars Berry 6ct,Bars,Granite Peak Grocers,394.7,4.79,4.79,1890.67,4.79,0,0.0,0,0,0,0,0,0,93,0.939,0,422.5,1.23,-1.4,-2.1,1.34,1.21,1.12,394.7,0.0
2026-03-28,132,BW-202,Bramblewick Trail Bars Berry 6ct,Bars,Granite Peak Grocers,484.1,4.79,4.79,2318.66,4.79,0,0.0,0,0,0,0,0,0,93,0.939,0,428.1,1.23,-1.4,-2.1,1.34,1.21,1.12,484.1,0.0
2026-04-04,133,BW-202,Bramblewick Trail Bars Berry 6ct,Bars,Granite Peak Grocers,359.2,4.79,4.79,1720.41,4.79,0,0.0,0,0,0,1,0,0,91,0.919,0,424.6,1.23,-1.4,-2.1,1.34,1.21,1.12,359.2,0.0
2026-04-11,134,BW-202,Bramblewick Trail Bars Berry 6ct,Bars,Granite Peak Grocers,405.5,4.79,4.79,1942.32,4.79,0,0.0,0,0,0,1,0,0,92,0.929,0,435.4,1.23,-1.4,-2.1,1.34,1.21,1.12,405.5,0.0
2026-04-18,135,BW-202,Bramblewick Trail Bars Berry 6ct,Bars,Granite Peak Grocers,394.4,4.79,4.79,1889.06,4.79,0,0.0,0,0,0,0,0,0,91,0.919,0,437.2,1.23,-1.4,-2.1,1.34,1.21,1.12,394.4,0.0
2026-04-25,136,BW-202,Bramblewick Trail Bars Berry 6ct,Bars,Granite Peak Grocers,368.8,4.79,4.79,1766.63,4.79,0,0.0,0,0,0,0,0,0,92,0.929,0,449.3,1.23,-1.4,-2.1,1.34,1.21,1.12,368.8,0.0
2026-05-02,137,BW-202,Bramblewick Trail Bars Berry 6ct,Bars,Granite Peak Grocers,435.1,4.79,4.79,2084.16,4.79,0,0.0,0,0,0,0,0,0,91,0.919,0,452.4,1.23,-1.4,-2.1,1.34,1.21,1.12,435.1,0.0
2026-05-09,138,BW-202,Bramblewick Trail Bars Berry 6ct,Bars,Granite Peak Grocers,441.6,4.79,4.79,2115.07,4.79,0,0.0,0,0,0,1,1,0,93,0.939,0,471.3,1.23,-1.4,-2.1,1.34,1.21,1.12,441.6,0.0
2026-05-16,139,BW-202,Bramblewick Trail Bars Berry 6ct,Bars,Granite Peak Grocers,1599.9,4.79,3.59,6207.69,3.88,1,0.25,1,1,0,1,0,0,91,0.919,0,470.7,1.23,-1.4,-2.1,1.34,1.21,1.12,400.1,1199.8
2026-05-23,140,BW-202,Bramblewick Trail Bars Berry 6ct,Bars,Granite Peak Grocers,1980.6,4.79,3.59,7466.96,3.77,1,0.25,1,1,0,0,0,0,93,0.939,0,565.2,1.23,-1.4,-2.1,1.34,1.21,1.12,400.1,1580.5
2026-05-30,141,BW-202,Bramblewick Trail Bars Berry 6ct,Bars,Granite Peak Grocers,543.8,4.79,4.79,2604.75,4.79,0,0.0,0,0,0,0,0,1,92,0.929,0,612.9,1.23,-1.4,-2.1,1.34,1.21,1.12,543.8,0.0
2026-06-06,142,BW-202,Bramblewick Trail Bars Berry 6ct,Bars,Granite Peak Grocers,481.8,4.79,4.79,2307.95,4.79,0,0.0,0,0,0,0,0,0,91,0.919,0,502.2,1.23,-1.4,-2.1,1.34,1.21,1.12,481.8,0.0
2026-06-13,143,BW-202,Bramblewick Trail Bars Berry 6ct,Bars,Granite Peak Grocers,536.1,4.79,4.79,2568.12,4.79,0,0.0,0,0,0,0,0,0,94,0.949,0,529.9,1.23,-1.4,-2.1,1.34,1.21,1.12,536.1,0.0
2026-06-20,144,BW-202,Bramblewick Trail Bars Berry 6ct,Bars,Granite Peak Grocers,443.6,4.79,4.79,2124.97,4.79,0,0.0,0,0,0,1,1,0,95,0.959,0,546.3,1.23,-1.4,-2.1,1.34,1.21,1.12,443.6,0.0
2026-06-27,145,BW-202,Bramblewick Trail Bars Berry 6ct,Bars,Granite Peak Grocers,1667.6,4.79,3.59,6286.72,3.77,1,0.25,0,1,0,0,0,0,94,0.949,0,699.4,1.23,-1.4,-2.1,1.34,1.21,1.12,442.6,1225.0
2026-07-04,146,BW-202,Bramblewick Trail Bars Berry 6ct,Bars,Granite Peak Grocers,2040.0,4.79,3.59,7486.62,3.67,1,0.25,0,1,0,1,0,0,95,0.959,0,821.0,1.23,-1.4,-2.1,1.34,1.21,1.12,442.6,1597.4
2026-07-11,147,BW-202,Bramblewick Trail Bars Berry 6ct,Bars,Granite Peak Grocers,511.3,4.79,4.79,2448.89,4.79,0,0.0,0,0,0,1,0,1,94,0.949,0,564.6,1.23,-1.4,-2.1,1.34,1.21,1.12,511.3,0.0
2026-07-18,148,BW-202,Bramblewick Trail Bars Berry 6ct,Bars,Granite Peak Grocers,457.2,4.79,4.79,2190.16,4.79,0,0.0,0,0,0,1,0,0,94,0.949,0,568.5,1.23,-1.4,-2.1,1.34,1.21,1.12,457.2,0.0
2026-07-25,149,BW-202,Bramblewick Trail Bars Berry 6ct,Bars,Granite Peak Grocers,667.8,4.79,4.79,3198.7,4.79,0,0.0,0,0,0,0,0,0,94,0.949,0,569.7,1.23,-1.4,-2.1,1.34,1.21,1.12,667.8,0.0
2026-08-01,150,BW-202,Bramblewick Trail Bars Berry 6ct,Bars,Granite Peak Grocers,459.4,4.79,4.79,2200.41,4.79,0,0.0,0,0,0,0,0,0,94,0.949,0,568.0,1.23,-1.4,-2.1,1.34,1.21,1.12,459.4,0.0
2026-08-08,151,BW-202,Bramblewick Trail Bars Berry 6ct,Bars,Granite Peak Grocers,552.9,4.79,4.79,2648.54,4.79,0,0.0,0,0,0,0,0,0,96,0.969,0,575.4,1.23,-1.4,-2.1,1.34,1.21,1.12,552.9,0.0
2026-08-15,152,BW-202,Bramblewick Trail Bars Berry 6ct,Bars,Granite Peak Grocers,511.3,4.79,4.79,2449.14,4.79,0,0.0,0,0,0,0,1,0,96,0.969,0,567.6,1.23,-1.4,-2.1,1.34,1.21,1.12,511.3,0.0
2026-08-22,153,BW-202,Bramblewick Trail Bars Berry 6ct,Bars,Granite Peak Grocers,1912.4,4.79,3.59,7382.01,3.86,1,0.25,1,1,0,0,0,0,96,0.969,0,651.2,1.23,-1.4,-2.1,1.34,1.21,1.12,511.3,1401.1
2026-08-29,154,BW-202,Bramblewick Trail Bars Berry 6ct,Bars,Granite Peak Grocers,571.2,4.79,4.79,2736.23,4.79,0,0.0,0,0,0,0,0,1,96,0.969,0,636.2,1.23,-1.4,-2.1,1.34,1.21,1.12,571.2,0.0
2026-09-05,155,BW-202,Bramblewick Trail Bars Berry 6ct,Bars,Granite Peak Grocers,590.1,4.79,4.79,2826.7,4.79,0,0.0,0,0,0,0,0,0,95,0.959,0,524.1,1.23,-1.4,-2.1,1.34,1.21,1.12,590.1,0.0
2023-09-16,0,BW-202,Bramblewick Trail Bars Berry 6ct,Bars,Hollybrook Foods,159.4,4.49,4.49,715.52,4.49,0,0.0,0,0,0,0,0,0,31,0.673,0,162.4,1.23,-1.4,-2.1,1.34,1.21,1.12,159.4,0.0
2023-09-23,1,BW-202,Bramblewick Trail Bars Berry 6ct,Bars,Hollybrook Foods,158.5,4.49,4.49,711.86,4.49,0,0.0,0,0,0,0,0,0,32,0.694,0,138.7,1.23,-1.4,-2.1,1.34,1.21,1.12,158.5,0.0
2023-09-30,2,BW-202,Bramblewick Trail Bars Berry 6ct,Bars,Hollybrook Foods,148.2,4.49,4.49,665.24,4.49,0,0.0,0,0,0,0,0,0,32,0.694,0,134.0,1.23,-1.4,-2.1,1.34,1.21,1.12,148.2,0.0
2023-10-07,3,BW-202,Bramblewick Trail Bars Berry 6ct,Bars,Hollybrook Foods,119.7,4.49,4.49,537.33,4.49,0,0.0,0,0,0,0,0,0,32,0.694,0,129.4,1.23,-1.4,-2.1,1.34,1.21,1.12,119.7,0.0
2023-10-14,4,BW-202,Bramblewick Trail Bars Berry 6ct,Bars,Hollybrook Foods,119.4,4.49,4.49,536.05,4.49,0,0.0,0,0,0,0,0,0,31,0.673,0,121.1,1.23,-1.4,-2.1,1.34,1.21,1.12,119.4,0.0
2023-10-21,5,BW-202,Bramblewick Trail Bars Berry 6ct,Bars,Hollybrook Foods,115.5,4.49,4.49,518.38,4.49,0,0.0,0,0,0,0,0,0,31,0.673,0,117.2,1.23,-1.4,-2.1,1.34,1.21,1.12,115.5,0.0
2023-10-28,6,BW-202,Bramblewick Trail Bars Berry 6ct,Bars,Hollybrook Foods,123.7,4.49,4.49,555.32,4.49,0,0.0,0,0,0,0,0,0,31,0.673,0,113.7,1.23,-1.4,-2.1,1.34,1.21,1.12,123.7,0.0
2023-11-04,7,BW-202,Bramblewick Trail Bars Berry 6ct,Bars,Hollybrook Foods,105.9,4.49,4.49,475.52,4.49,0,0.0,0,0,0,0,0,0,32,0.694,0,114.3,1.23,-1.4,-2.1,1.34,1.21,1.12,105.9,0.0
2023-11-11,8,BW-202,Bramblewick Trail Bars Berry 6ct,Bars,Hollybrook Foods,100.7,4.49,4.49,452.33,4.49,0,0.0,0,0,0,0,0,0,31,0.673,0,108.2,1.23,-1.4,-2.1,1.34,1.21,1.12,100.7,0.0
2023-11-18,9,BW-202,Bramblewick Trail Bars Berry 6ct,Bars,Hollybrook Foods,96.3,4.49,4.49,432.4,4.49,0,0.0,0,0,0,0,0,0,31,0.673,0,112.4,1.23,-1.4,-2.1,1.34,1.21,1.12,96.3,0.0
2023-11-25,10,BW-202,Bramblewick Trail Bars Berry 6ct,Bars,Hollybrook Foods,123.3,4.49,4.49,553.65,4.49,0,0.0,0,0,0,0,0,0,31,0.673,0,113.6,1.23,-1.4,-2.1,1.34,1.21,1.12,123.3,0.0
2023-12-02,11,BW-202,Bramblewick Trail Bars Berry 6ct,Bars,Hollybrook Foods,115.3,4.49,4.49,517.81,4.49,0,0.0,0,0,0,1,0,0,32,0.694,0,107.4,1.23,-1.4,-2.1,1.34,1.21,1.12,115.3,0.0
2023-12-09,12,BW-202,Bramblewick Trail Bars Berry 6ct,Bars,Hollybrook Foods,95.0,4.49,4.49,426.35,4.49,0,0.0,0,0,0,1,0,0,31,0.673,0,103.6,1.23,-1.4,-2.1,1.34,1.21,1.12,95.0,0.0
2023-12-16,13,BW-202,Bramblewick Trail Bars Berry 6ct,Bars,Hollybrook Foods,118.1,4.49,4.49,530.45,4.49,0,0.0,0,0,0,0,0,0,32,0.694,0,111.0,1.23,-1.4,-2.1,1.34,1.21,1.12,118.1,0.0
2023-12-23,14,BW-202,Bramblewick Trail Bars Berry 6ct,Bars,Hollybrook Foods,130.8,4.49,4.49,587.34,4.49,0,0.0,0,0,0,0,0,0,33,0.716,0,120.3,1.23,-1.4,-2.1,1.34,1.21,1.12,130.8,0.0
2023-12-30,15,BW-202,Bramblewick Trail Bars Berry 6ct,Bars,Hollybrook Foods,100.4,4.49,4.49,450.61,4.49,0,0.0,0,0,0,0,0,0,32,0.694,0,113.5,1.23,-1.4,-2.1,1.34,1.21,1.12,100.4,0.0
2024-01-06,16,BW-202,Bramblewick Trail Bars Berry 6ct,Bars,Hollybrook Foods,130.6,4.49,4.49,586.46,4.49,0,0.0,0,0,0,0,1,0,33,0.716,0,127.6,1.23,-1.4,-2.1,1.34,1.21,1.12,130.6,0.0
2024-01-13,17,BW-202,Bramblewick Trail Bars Berry 6ct,Bars,Hollybrook Foods,216.0,4.49,3.82,836.1,3.87,1,0.15,0,0,0,0,0,0,32,0.694,0,125.5,1.23,-1.4,-2.1,1.34,1.21,1.12,116.7,99.3
2024-01-20,18,BW-202,Bramblewick Trail Bars Berry 6ct,Bars,Hollybrook Foods,182.3,4.49,3.82,716.27,3.93,1,0.15,0,0,0,0,0,0,32,0.694,0,113.0,1.23,-1.4,-2.1,1.34,1.21,1.12,116.7,65.6
2024-01-27,19,BW-202,Bramblewick Trail Bars Berry 6ct,Bars,Hollybrook Foods,104.4,4.49,4.49,468.96,4.49,0,0.0,0,0,0,0,0,1,32,0.694,0,114.8,1.23,-1.4,-2.1,1.34,1.21,1.12,104.4,0.0
2024-02-03,20,BW-202,Bramblewick Trail Bars Berry 6ct,Bars,Hollybrook Foods,110.8,4.49,4.49,497.49,4.49,0,0.0,0,0,0,0,0,0,33,0.716,0,120.4,1.23,-1.4,-2.1,1.34,1.21,1.12,110.8,0.0
2024-02-10,21,BW-202,Bramblewick Trail Bars Berry 6ct,Bars,Hollybrook Foods,106.8,4.49,4.49,479.45,4.49,0,0.0,0,0,0,0,0,0,31,0.673,0,114.9,1.23,-1.4,-2.1,1.34,1.21,1.12,106.8,0.0
2024-02-17,22,BW-202,Bramblewick Trail Bars Berry 6ct,Bars,Hollybrook Foods,132.3,4.49,4.49,594.08,4.49,0,0.0,0,0,0,0,0,0,31,0.673,0,116.8,1.23,-1.4,-2.1,1.34,1.21,1.12,132.3,0.0
2024-02-24,23,BW-202,Bramblewick Trail Bars Berry 6ct,Bars,Hollybrook Foods,118.1,4.49,4.49,530.23,4.49,0,0.0,0,0,0,0,0,0,33,0.716,0,126.2,1.23,-1.4,-2.1,1.34,1.21,1.12,118.1,0.0
2024-03-02,24,BW-202,Bramblewick Trail Bars Berry 6ct,Bars,Hollybrook Foods,129.4,4.49,4.49,581.08,4.49,0,0.0,0,0,0,0,0,0,33,0.716,0,128.0,1.23,-1.4,-2.1,1.34,1.21,1.12,129.4,0.0
2024-03-09,25,BW-202,Bramblewick Trail Bars Berry 6ct,Bars,Hollybrook Foods,114.0,4.79,4.79,546.2,4.79,0,0.0,0,0,0,0,0,0,31,0.673,0,111.4,1.23,-1.4,-2.1,1.34,1.21,1.12,114.0,0.0
2024-03-16,26,BW-202,Bramblewick Trail Bars Berry 6ct,Bars,Hollybrook Foods,105.4,4.79,4.79,505.02,4.79,0,0.0,0,0,0,1,0,0,34,0.738,0,123.7,1.23,-1.4,-2.1,1.34,1.21,1.12,105.4,0.0
2024-03-23,27,BW-202,Bramblewick Trail Bars Berry 6ct,Bars,Hollybrook Foods,94.0,4.79,4.79,450.17,4.79,0,0.0,0,0,0,1,0,0,32,0.694,0,117.9,1.23,-1.4,-2.1,1.34,1.21,1.12,94.0,0.0
2024-03-30,28,BW-202,Bramblewick Trail Bars Berry 6ct,Bars,Hollybrook Foods,113.4,4.79,4.79,543.31,4.79,0,0.0,0,0,0,1,0,0,33,0.716,0,123.2,1.23,-1.4,-2.1,1.34,1.21,1.12,113.4,0.0
2024-04-06,29,BW-202,Bramblewick Trail Bars Berry 6ct,Bars,Hollybrook Foods,110.4,4.79,4.79,528.72,4.79,0,0.0,0,0,0,0,1,0,33,0.716,0,124.8,1.23,-1.4,-2.1,1.34,1.21,1.12,110.4,0.0
2024-04-13,30,BW-202,Bramblewick Trail Bars Berry 6ct,Bars,Hollybrook Foods,408.8,4.79,3.59,1581.88,3.87,1,0.25,1,1,1,0,0,0,34,0.738,0,130.4,1.23,-1.4,-2.1,1.34,1.21,1.12,113.7,295.1
2024-04-20,31,BW-202,Bramblewick Trail Bars Berry 6ct,Bars,Hollybrook Foods,513.8,4.79,3.59,1931.78,3.76,1,0.25,1,1,1,0,0,0,34,0.738,0,132.3,1.23,-1.4,-2.1,1.34,1.21,1.12,113.7,400.1
2024-04-27,32,BW-202,Bramblewick Trail Bars Berry 6ct,Bars,Hollybrook Foods,492.6,4.79,3.59,1876.77,3.81,1,0.25,1,1,1,0,0,0,34,0.738,0,134.4,1.23,-1.4,-2.1,1.34,1.21,1.12,113.7,378.9
2024-05-04,33,BW-202,Bramblewick Trail Bars Berry 6ct,Bars,Hollybrook Foods,83.4,4.79,4.79,399.72,4.79,0,0.0,0,0,0,1,0,1,32,0.694,0,128.7,1.23,-1.4,-2.1,1.34,1.21,1.12,83.4,0.0
2024-05-11,34,BW-202,Bramblewick Trail Bars Berry 6ct,Bars,Hollybrook Foods,102.3,4.79,4.79,490.15,4.79,0,0.0,0,0,0,1,0,0,32,0.694,0,131.2,1.23,-1.4,-2.1,1.34,1.21,1.12,102.3,0.0
2024-05-18,35,BW-202,Bramblewick Trail Bars Berry 6ct,Bars,Hollybrook Foods,146.8,4.79,4.79,703.2,4.79,0,0.0,0,0,0,1,0,0,32,0.694,0,153.9,1.23,-1.4,-2.1,1.34,1.21,1.12,146.8,0.0
2024-05-25,36,BW-202,Bramblewick Trail Bars Berry 6ct,Bars,Hollybrook Foods,146.6,4.79,4.79,701.98,4.79,0,0.0,0,0,0,0,1,0,32,0.694,0,168.6,1.23,-1.4,-2.1,1.34,1.21,1.12,146.6,0.0
2024-06-01,37,BW-202,Bramblewick Trail Bars Berry 6ct,Bars,Hollybrook Foods,344.7,4.79,3.59,1285.71,3.73,1,0.25,0,1,0,0,0,0,32,0.694,0,139.6,1.23,-1.4,-2.1,1.34,1.21,1.12,107.9,236.8
2024-06-08,38,BW-202,Bramblewick Trail Bars Berry 6ct,Bars,Hollybrook Foods,364.5,4.79,3.59,1359.41,3.73,1,0.25,0,1,0,0,0,0,32,0.694,0,142.6,1.23,-1.4,-2.1,1.34,1.21,1.12,107.9,256.6
2024-06-15,39,BW-202,Bramblewick Trail Bars Berry 6ct,Bars,Hollybrook Foods,160.8,4.79,4.79,770.02,4.79,0,0.0,0,0,0,0,0,1,34,0.738,0,154.7,1.23,-1.4,-2.1,1.34,1.21,1.12,160.8,0.0
2024-06-22,40,BW-202,Bramblewick Trail Bars Berry 6ct,Bars,Hollybrook Foods,184.5,4.79,4.79,883.98,4.79,0,0.0,0,0,0,0,0,0,33,0.716,0,153.1,1.23,-1.4,-2.1,1.34,1.21,1.12,184.5,0.0
2024-06-29,41,BW-202,Bramblewick Trail Bars Berry 6ct,Bars,Hollybrook Foods,177.6,4.79,4.79,850.73,4.79,0,0.0,0,0,0,0,0,0,34,0.738,0,204.0,1.23,-1.4,-2.1,1.34,1.21,1.12,177.6,0.0
2024-07-06,42,BW-202,Bramblewick Trail Bars Berry 6ct,Bars,Hollybrook Foods,195.0,4.79,4.79,934.25,4.79,0,0.0,0,0,0,1,0,0,35,0.759,0,243.8,1.23,-1.4,-2.1,1.34,1.21,1.12,195.0,0.0
2024-07-13,43,BW-202,Bramblewick Trail Bars Berry 6ct,Bars,Hollybrook Foods,141.3,4.79,4.79,677.04,4.79,0,0.0,0,0,0,1,0,0,35,0.759,0,169.4,1.23,-1.4,-2.1,1.34,1.21,1.12,141.3,0.0
2024-07-20,44,BW-202,Bramblewick Trail Bars Berry 6ct,Bars,Hollybrook Foods,146.7,4.79,4.79,702.73,4.79,0,0.0,0,0,0,0,1,0,33,0.716,0,160.8,1.23,-1.4,-2.1,1.34,1.21,1.12,146.7,0.0
2024-07-27,45,BW-202,Bramblewick Trail Bars Berry 6ct,Bars,Hollybrook Foods,273.6,4.79,4.07,1162.75,4.25,1,0.15,0,0,0,0,0,0,35,0.759,0,170.8,1.23,-1.4,-2.1,1.34,1.21,1.12,153.8,119.8
2024-08-03,46,BW-202,Bramblewick Trail Bars Berry 6ct,Bars,Hollybrook Foods,241.1,4.79,4.07,1007.68,4.18,1,0.15,0,0,0,0,0,0,33,0.716,0,160.5,1.23,-1.4,-2.1,1.34,1.21,1.12,153.8,87.3
2024-08-10,47,BW-202,Bramblewick Trail Bars Berry 6ct,Bars,Hollybrook Foods,126.5,4.79,4.79,606.13,4.79,0,0.0,0,0,0,1,0,1,35,0.759,0,168.7,1.23,-1.4,-2.1,1.34,1.21,1.12,126.5,0.0
2024-08-17,48,BW-202,Bramblewick Trail Bars Berry 6ct,Bars,Hollybrook Foods,135.7,4.79,4.79,649.88,4.79,0,0.0,0,0,0,1,0,0,34,0.738,0,161.6,1.23,-1.4,-2.1,1.34,1.21,1.12,135.7,0.0
2024-08-24,49,BW-202,Bramblewick Trail Bars Berry 6ct,Bars,Hollybrook Foods,139.2,4.79,4.79,666.56,4.79,0,0.0,0,0,0,1,0,0,33,0.716,0,179.9,1.23,-1.4,-2.1,1.34,1.21,1.12,139.2,0.0
2024-08-31,50,BW-202,Bramblewick Trail Bars Berry 6ct,Bars,Hollybrook Foods,158.0,4.79,4.79,756.64,4.79,0,0.0,0,0,0,1,0,0,35,0.759,0,186.3,1.23,-1.4,-2.1,1.34,1.21,1.12,158.0,0.0
2024-09-07,51,BW-202,Bramblewick Trail Bars Berry 6ct,Bars,Hollybrook Foods,130.6,4.79,4.79,625.71,4.79,0,0.0,0,0,0,0,0,0,34,0.738,0,150.6,1.23,-1.4,-2.1,1.34,1.21,1.12,130.6,0.0
2024-09-14,52,BW-202,Bramblewick Trail Bars Berry 6ct,Bars,Hollybrook Foods,194.8,4.79,4.79,932.87,4.79,0,0.0,0,0,0,0,0,0,37,0.803,0,158.9,1.23,-1.4,-2.1,1.34,1.21,1.12,194.8,0.0
2024-09-21,53,BW-202,Bramblewick Trail Bars Berry 6ct,Bars,Hollybrook Foods,168.0,4.79,4.79,804.84,4.79,0,0.0,0,0,0,0,0,0,37,0.803,0,153.7,1.23,-1.4,-2.1,1.34,1.21,1.12,168.0,0.0
2024-09-28,54,BW-202,Bramblewick Trail Bars Berry 6ct,Bars,Hollybrook Foods,143.3,4.79,4.79,686.34,4.79,0,0.0,0,0,0,0,0,0,37,0.803,0,148.4,1.23,-1.4,-2.1,1.34,1.21,1.12,143.3,0.0
2024-10-05,55,BW-202,Bramblewick Trail Bars Berry 6ct,Bars,Hollybrook Foods,133.7,4.79,4.79,640.48,4.79,0,0.0,0,0,0,0,0,0,35,0.759,0,135.6,1.23,-1.4,-2.1,1.34,1.21,1.12,133.7,0.0
2024-10-12,56,BW-202,Bramblewick Trail Bars Berry 6ct,Bars,Hollybrook Foods,142.9,4.79,4.79,684.55,4.79,0,0.0,0,0,0,0,0,0,35,0.759,0,131.0,1.23,-1.4,-2.1,1.34,1.21,1.12,142.9,0.0
2024-10-19,57,BW-202,Bramblewick Trail Bars Berry 6ct,Bars,Hollybrook Foods,118.0,4.79,4.79,565.42,4.79,0,0.0,0,0,0,1,0,0,37,0.803,0,134.0,1.23,-1.4,-2.1,1.34,1.21,1.12,118.0,0.0
2024-10-26,58,BW-202,Bramblewick Trail Bars Berry 6ct,Bars,Hollybrook Foods,124.2,4.79,4.79,594.94,4.79,0,0.0,0,0,0,1,0,0,35,0.759,0,123.0,1.23,-1.4,-2.1,1.34,1.21,1.12,124.2,0.0
2024-11-02,59,BW-202,Bramblewick Trail Bars Berry 6ct,Bars,Hollybrook Foods,129.3,4.79,4.79,619.32,4.79,0,0.0,0,0,0,0,0,0,37,0.803,0,126.6,1.23,-1.4,-2.1,1.34,1.21,1.12,129.3,0.0
2024-11-09,60,BW-202,Bramblewick Trail Bars Berry 6ct,Bars,Hollybrook Foods,150.4,4.79,4.79,720.3,4.79,0,0.0,0,0,0,0,0,0,35,0.759,0,117.1,1.23,-1.4,-2.1,1.34,1.21,1.12,150.4,0.0
2024-11-16,61,BW-202,Bramblewick Trail Bars Berry 6ct,Bars,Hollybrook Foods,127.4,4.79,4.79,610.43,4.79,0,0.0,0,0,0,0,0,0,36,0.781,0,118.3,1.23,-1.4,-2.1,1.34,1.21,1.12,127.4,0.0
2024-11-23,62,BW-202,Bramblewick Trail Bars Berry 6ct,Bars,Hollybrook Foods,113.1,4.79,4.79,541.78,4.79,0,0.0,0,0,0,0,0,0,37,0.803,0,126.9,1.23,-1.4,-2.1,1.34,1.21,1.12,113.1,0.0
2024-11-30,63,BW-202,Bramblewick Trail Bars Berry 6ct,Bars,Hollybrook Foods,96.5,4.79,4.79,462.28,4.79,0,0.0,0,0,0,1,0,0,35,0.759,0,121.9,1.23,-1.4,-2.1,1.34,1.21,1.12,96.5,0.0
2024-12-07,64,BW-202,Bramblewick Trail Bars Berry 6ct,Bars,Hollybrook Foods,109.3,4.79,4.79,523.52,4.79,0,0.0,0,0,0,0,0,0,36,0.781,0,115.3,1.23,-1.4,-2.1,1.34,1.21,1.12,109.3,0.0
2024-12-14,65,BW-202,Bramblewick Trail Bars Berry 6ct,Bars,Hollybrook Foods,149.1,4.79,4.79,714.23,4.79,0,0.0,0,0,0,0,0,0,37,0.803,0,123.0,1.23,-1.4,-2.1,1.34,1.21,1.12,149.1,0.0
2024-12-21,66,BW-202,Bramblewick Trail Bars Berry 6ct,Bars,Hollybrook Foods,110.3,4.79,4.79,528.22,4.79,0,0.0,0,0,0,1,0,0,37,0.803,0,129.3,1.23,-1.4,-2.1,1.34,1.21,1.12,110.3,0.0
2024-12-28,67,BW-202,Bramblewick Trail Bars Berry 6ct,Bars,Hollybrook Foods,117.8,4.79,4.79,564.04,4.79,0,0.0,0,0,0,1,1,0,37,0.803,0,125.8,1.23,-1.4,-2.1,1.34,1.21,1.12,117.8,0.0
2025-01-04,68,BW-202,Bramblewick Trail Bars Berry 6ct,Bars,Hollybrook Foods,273.6,4.79,3.59,1061.66,3.88,1,0.25,0,1,1,1,0,0,36,0.781,0,133.4,1.23,-1.4,-2.1,1.34,1.21,1.12,115.4,158.2
2025-01-11,69,BW-202,Bramblewick Trail Bars Berry 6ct,Bars,Hollybrook Foods,372.6,4.79,3.59,1445.87,3.88,1,0.25,0,1,1,1,0,0,37,0.803,0,139.0,1.23,-1.4,-2.1,1.34,1.21,1.12,115.4,257.2
2025-01-18,70,BW-202,Bramblewick Trail Bars Berry 6ct,Bars,Hollybrook Foods,94.0,4.79,4.79,450.22,4.79,0,0.0,0,0,0,1,0,1,38,0.825,0,128.6,1.23,-1.4,-2.1,1.34,1.21,1.12,94.0,0.0
2025-01-25,71,BW-202,Bramblewick Trail Bars Berry 6ct,Bars,Hollybrook Foods,118.0,4.79,4.79,565.14,4.79,0,0.0,0,0,0,0,0,0,36,0.781,0,123.8,1.23,-1.4,-2.1,1.34,1.21,1.12,118.0,0.0
2025-02-01,72,BW-202,Bramblewick Trail Bars Berry 6ct,Bars,Hollybrook Foods,111.0,4.79,4.79,531.5,4.79,0,0.0,0,0,0,1,0,0,36,0.781,0,125.8,1.23,-1.4,-2.1,1.34,1.21,1.12,111.0,0.0
2025-02-08,73,BW-202,Bramblewick Trail Bars Berry 6ct,Bars,Hollybrook Foods,99.9,4.79,4.79,478.46,4.79,0,0.0,0,0,0,1,0,0,37,0.803,0,131.4,1.23,-1.4,-2.1,1.34,1.21,1.12,99.9,0.0
2025-02-15,74,BW-202,Bramblewick Trail Bars Berry 6ct,Bars,Hollybrook Foods,176.9,4.79,4.79,847.4,4.79,0,0.0,0,0,0,0,0,0,38,0.825,0,137.2,1.23,-1.4,-2.1,1.34,1.21,1.12,176.9,0.0
2025-02-22,75,BW-202,Bramblewick Trail Bars Berry 6ct,Bars,Hollybrook Foods,123.7,4.79,4.79,592.44,4.79,0,0.0,0,0,0,0,0,0,38,0.825,0,139.2,1.23,-1.4,-2.1,1.34,1.21,1.12,123.7,0.0
2025-03-01,76,BW-202,Bramblewick Trail Bars Berry 6ct,Bars,Hollybrook Foods,127.2,4.79,4.79,609.09,4.79,0,0.0,0,0,0,0,0,0,36,0.781,0,133.8,1.23,-1.4,-2.1,1.34,1.21,1.12,127.2,0.0
2025-03-08,77,BW-202,Bramblewick Trail Bars Berry 6ct,Bars,Hollybrook Foods,163.3,4.79,4.79,782.04,4.79,0,0.0,0,0,0,0,0,0,36,0.781,0,135.6,1.23,-1.4,-2.1,1.34,1.21,1.12,163.3,0.0
2025-03-15,78,BW-202,Bramblewick Trail Bars Berry 6ct,Bars,Hollybrook Foods,141.6,4.79,4.79,678.13,4.79,0,0.0,0,0,0,1,0,0,38,0.825,0,145.1,1.23,-1.4,-2.1,1.34,1.21,1.12,141.6,0.0
2025-03-22,79,BW-202,Bramblewick Trail Bars Berry 6ct,Bars,Hollybrook Foods,113.4,4.79,4.79,543.28,4.79,0,0.0,0,0,0,0,0,0,38,0.825,0,146.9,1.23,-1.4,-2.1,1.34,1.21,1.12,113.4,0.0
2025-03-29,80,BW-202,Bramblewick Trail Bars Berry 6ct,Bars,Hollybrook Foods,160.1,4.79,4.79,767.09,4.79,0,0.0,0,0,0,0,0,0,39,0.846,0,152.7,1.23,-1.4,-2.1,1.34,1.21,1.12,160.1,0.0
2025-04-05,81,BW-202,Bramblewick Trail Bars Berry 6ct,Bars,Hollybrook Foods,165.2,4.79,4.79,791.07,4.79,0,0.0,0,0,0,0,0,0,37,0.803,0,146.8,1.23,-1.4,-2.1,1.34,1.21,1.12,165.2,0.0
2025-04-12,82,BW-202,Bramblewick Trail Bars Berry 6ct,Bars,Hollybrook Foods,129.7,4.99,4.99,647.38,4.99,0,0.0,0,0,0,0,0,0,38,0.825,0,144.3,1.23,-1.4,-2.1,1.34,1.21,1.12,129.7,0.0
2025-04-19,83,BW-202,Bramblewick Trail Bars Berry 6ct,Bars,Hollybrook Foods,143.1,4.99,4.99,714.06,4.99,0,0.0,0,0,0,0,0,0,37,0.803,0,142.6,1.23,-1.4,-2.1,1.34,1.21,1.12,143.1,0.0
2025-04-26,84,BW-202,Bramblewick Trail Bars Berry 6ct,Bars,Hollybrook Foods,134.2,4.99,4.99,669.7,4.99,0,0.0,0,0,0,0,0,0,37,0.803,0,144.9,1.23,-1.4,-2.1,1.34,1.21,1.12,134.2,0.0
2025-05-03,85,BW-202,Bramblewick Trail Bars Berry 6ct,Bars,Hollybrook Foods,136.4,4.99,4.99,680.76,4.99,0,0.0,0,0,0,0,0,0,37,0.803,0,147.5,1.23,-1.4,-2.1,1.34,1.21,1.12,136.4,0.0
2025-05-10,86,BW-202,Bramblewick Trail Bars Berry 6ct,Bars,Hollybrook Foods,191.3,4.99,4.99,954.75,4.99,0,0.0,0,0,0,0,0,0,39,0.846,0,158.4,1.23,-1.4,-2.1,1.34,1.21,1.12,191.3,0.0
2025-05-17,87,BW-202,Bramblewick Trail Bars Berry 6ct,Bars,Hollybrook Foods,158.6,4.99,4.99,791.63,4.99,0,0.0,0,0,0,1,0,0,39,0.846,0,161.5,1.23,-1.4,-2.1,1.34,1.21,1.12,158.6,0.0
2025-05-24,88,BW-202,Bramblewick Trail Bars Berry 6ct,Bars,Hollybrook Foods,153.3,4.99,4.99,765.16,4.99,0,0.0,0,0,0,1,0,0,39,0.846,0,189.7,1.23,-1.4,-2.1,1.34,1.21,1.12,153.3,0.0
2025-05-31,89,BW-202,Bramblewick Trail Bars Berry 6ct,Bars,Hollybrook Foods,178.2,4.99,4.99,888.99,4.99,0,0.0,0,0,0,0,0,0,38,0.825,0,202.6,1.23,-1.4,-2.1,1.34,1.21,1.12,178.2,0.0
2025-06-07,90,BW-202,Bramblewick Trail Bars Berry 6ct,Bars,Hollybrook Foods,187.6,4.99,4.99,935.95,4.99,0,0.0,0,0,0,0,0,0,39,0.846,0,172.2,1.23,-1.4,-2.1,1.34,1.21,1.12,187.6,0.0
2025-06-14,91,BW-202,Bramblewick Trail Bars Berry 6ct,Bars,Hollybrook Foods,181.1,4.99,4.99,903.54,4.99,0,0.0,0,0,0,0,0,0,39,0.846,0,175.8,1.23,-1.4,-2.1,1.34,1.21,1.12,181.1,0.0
2025-06-21,92,BW-202,Bramblewick Trail Bars Berry 6ct,Bars,Hollybrook Foods,173.9,4.99,4.99,867.78,4.99,0,0.0,0,0,0,0,0,0,39,0.846,0,179.2,1.23,-1.4,-2.1,1.34,1.21,1.12,173.9,0.0
2025-06-28,93,BW-202,Bramblewick Trail Bars Berry 6ct,Bars,Hollybrook Foods,233.0,4.99,4.99,1162.54,4.99,0,0.0,0,0,0,0,0,0,38,0.825,0,225.9,1.23,-1.4,-2.1,1.34,1.21,1.12,233.0,0.0
2025-07-05,94,BW-202,Bramblewick Trail Bars Berry 6ct,Bars,Hollybrook Foods,228.9,4.99,4.99,1142.36,4.99,0,0.0,0,0,0,0,0,0,38,0.825,0,262.2,1.23,-1.4,-2.1,1.34,1.21,1.12,228.9,0.0
2025-07-12,95,BW-202,Bramblewick Trail Bars Berry 6ct,Bars,Hollybrook Foods,168.9,4.99,4.99,842.85,4.99,0,0.0,0,0,0,0,0,0,38,0.825,0,182.2,1.23,-1.4,-2.1,1.34,1.21,1.12,168.9,0.0
2025-07-19,96,BW-202,Bramblewick Trail Bars Berry 6ct,Bars,Hollybrook Foods,174.6,4.99,4.99,871.48,4.99,0,0.0,0,0,0,0,0,0,39,0.846,0,188.2,1.23,-1.4,-2.1,1.34,1.21,1.12,174.6,0.0
2025-07-26,97,BW-202,Bramblewick Trail Bars Berry 6ct,Bars,Hollybrook Foods,222.2,4.99,4.99,1108.57,4.99,0,0.0,0,0,0,0,0,0,40,0.868,0,193.3,1.23,-1.4,-2.1,1.34,1.21,1.12,222.2,0.0
2025-08-02,98,BW-202,Bramblewick Trail Bars Berry 6ct,Bars,Hollybrook Foods,183.7,4.99,4.99,916.51,4.99,0,0.0,0,0,0,0,0,0,38,0.825,0,183.1,1.23,-1.4,-2.1,1.34,1.21,1.12,183.7,0.0
2025-08-09,99,BW-202,Bramblewick Trail Bars Berry 6ct,Bars,Hollybrook Foods,163.7,4.99,4.99,816.69,4.99,0,0.0,0,0,0,0,0,0,38,0.825,0,181.5,1.23,-1.4,-2.1,1.34,1.21,1.12,163.7,0.0
2025-08-16,100,BW-202,Bramblewick Trail Bars Berry 6ct,Bars,Hollybrook Foods,174.8,4.99,4.99,872.44,4.99,0,0.0,0,0,0,0,0,0,40,0.868,0,188.4,1.23,-1.4,-2.1,1.34,1.21,1.12,174.8,0.0
2025-08-23,101,BW-202,Bramblewick Trail Bars Berry 6ct,Bars,Hollybrook Foods,204.1,4.99,4.99,1018.51,4.99,0,0.0,0,0,0,1,0,0,38,0.825,0,205.2,1.23,-1.4,-2.1,1.34,1.21,1.12,204.1,0.0
2025-08-30,102,BW-202,Bramblewick Trail Bars Berry 6ct,Bars,Hollybrook Foods,209.6,4.99,4.99,1045.7,4.99,0,0.0,0,0,0,0,0,0,38,0.825,0,200.4,1.23,-1.4,-2.1,1.34,1.21,1.12,209.6,0.0
2025-09-06,103,BW-202,Bramblewick Trail Bars Berry 6ct,Bars,Hollybrook Foods,156.1,4.99,4.99,778.69,4.99,0,0.0,0,0,0,0,1,0,39,0.846,0,171.2,1.23,-1.4,-2.1,1.34,1.21,1.12,156.1,0.0
2025-09-13,104,BW-202,Bramblewick Trail Bars Berry 6ct,Bars,Hollybrook Foods,425.9,4.99,3.74,1673.82,3.93,1,0.25,0,1,1,0,0,0,42,0.911,0,178.7,1.23,-1.4,-2.1,1.34,1.21,1.12,179.2,246.6
2025-09-20,105,BW-202,Bramblewick Trail Bars Berry 6ct,Bars,Hollybrook Foods,467.5,4.99,3.74,1846.78,3.95,1,0.25,0,1,1,0,0,0,41,0.89,0,168.7,1.23,-1.4,-2.1,1.34,1.21,1.12,179.2,288.2
2025-09-27,106,BW-202,Bramblewick Trail Bars Berry 6ct,Bars,Hollybrook Foods,147.6,4.99,4.99,736.72,4.99,0,0.0,0,0,0,0,0,1,41,0.89,0,162.9,1.23,-1.4,-2.1,1.34,1.21,1.12,147.6,0.0
2025-10-04,107,BW-202,Bramblewick Trail Bars Berry 6ct,Bars,Hollybrook Foods,154.1,4.99,4.99,769.19,4.99,0,0.0,0,0,0,0,0,0,41,0.89,0,157.3,1.23,-1.4,-2.1,1.34,1.21,1.12,154.1,0.0
2025-10-11,108,BW-202,Bramblewick Trail Bars Berry 6ct,Bars,Hollybrook Foods,138.6,4.99,4.99,691.69,4.99,0,0.0,0,0,0,0,0,0,40,0.868,0,148.3,1.23,-1.4,-2.1,1.34,1.21,1.12,138.6,0.0
2025-10-18,109,BW-202,Bramblewick Trail Bars Berry 6ct,Bars,Hollybrook Foods,111.9,4.99,4.99,558.47,4.99,0,0.0,0,0,0,0,1,0,42,0.911,0,150.7,1.23,-1.4,-2.1,1.34,1.21,1.12,111.9,0.0
2025-10-25,110,BW-202,Bramblewick Trail Bars Berry 6ct,Bars,Hollybrook Foods,225.0,4.99,4.24,987.86,4.39,1,0.15,0,0,0,0,0,0,42,0.911,0,146.2,1.23,-1.4,-2.1,1.34,1.21,1.12,155.1,69.9
2025-11-01,111,BW-202,Bramblewick Trail Bars Berry 6ct,Bars,Hollybrook Foods,188.1,4.99,4.24,827.6,4.4,1,0.15,0,0,0,0,0,0,40,0.868,0,135.6,1.23,-1.4,-2.1,1.34,1.21,1.12,155.1,33.0
2025-11-08,112,BW-202,Bramblewick Trail Bars Berry 6ct,Bars,Hollybrook Foods,131.2,5.29,5.29,693.92,5.29,0,0.0,0,0,0,0,0,1,42,0.911,0,128.2,1.23,-1.4,-2.1,1.34,1.21,1.12,131.2,0.0
2025-11-15,113,BW-202,Bramblewick Trail Bars Berry 6ct,Bars,Hollybrook Foods,177.2,5.29,5.29,937.52,5.29,0,0.0,0,0,0,0,0,0,42,0.911,0,125.9,1.23,-1.4,-2.1,1.34,1.21,1.12,177.2,0.0
2025-11-22,114,BW-202,Bramblewick Trail Bars Berry 6ct,Bars,Hollybrook Foods,121.4,5.29,5.29,641.95,5.29,0,0.0,0,0,0,0,0,0,40,0.868,0,125.2,1.23,-1.4,-2.1,1.34,1.21,1.12,121.4,0.0
2025-11-29,115,BW-202,Bramblewick Trail Bars Berry 6ct,Bars,Hollybrook Foods,139.8,5.29,5.29,739.29,5.29,0,0.0,0,0,0,0,0,0,41,0.89,0,130.3,1.23,-1.4,-2.1,1.34,1.21,1.12,139.8,0.0
2025-12-06,116,BW-202,Bramblewick Trail Bars Berry 6ct,Bars,Hollybrook Foods,116.0,5.29,5.29,613.49,5.29,0,0.0,0,0,0,0,0,0,41,0.89,0,119.9,1.23,-1.4,-2.1,1.34,1.21,1.12,116.0,0.0
2025-12-13,117,BW-202,Bramblewick Trail Bars Berry 6ct,Bars,Hollybrook Foods,118.3,5.29,5.29,625.93,5.29,0,0.0,0,0,0,0,0,0,42,0.911,0,127.4,1.23,-1.4,-2.1,1.34,1.21,1.12,118.3,0.0
2025-12-20,118,BW-202,Bramblewick Trail Bars Berry 6ct,Bars,Hollybrook Foods,123.5,5.29,5.29,653.36,5.29,0,0.0,0,0,0,0,0,0,42,0.911,0,134.0,1.23,-1.4,-2.1,1.34,1.21,1.12,123.5,0.0
2025-12-27,119,BW-202,Bramblewick Trail Bars Berry 6ct,Bars,Hollybrook Foods,108.2,5.29,5.29,572.35,5.29,0,0.0,0,0,0,1,0,0,41,0.89,0,127.2,1.23,-1.4,-2.1,1.34,1.21,1.12,108.2,0.0
2026-01-03,120,BW-202,Bramblewick Trail Bars Berry 6ct,Bars,Hollybrook Foods,129.3,5.29,5.29,684.1,5.29,0,0.0,0,0,0,1,0,0,43,0.933,0,145.5,1.23,-1.4,-2.1,1.34,1.21,1.12,129.3,0.0
2026-01-10,121,BW-202,Bramblewick Trail Bars Berry 6ct,Bars,Hollybrook Foods,150.2,5.29,5.29,794.5,5.29,0,0.0,0,0,0,1,0,0,41,0.89,0,140.6,1.23,-1.4,-2.1,1.34,1.21,1.12,150.2,0.0
2026-01-17,122,BW-202,Bramblewick Trail Bars Berry 6ct,Bars,Hollybrook Foods,127.2,5.29,5.29,672.8,5.29,0,0.0,0,0,0,0,1,0,41,0.89,0,126.6,1.23,-1.4,-2.1,1.34,1.21,1.12,127.2,0.0
2026-01-24,123,BW-202,Bramblewick Trail Bars Berry 6ct,Bars,Hollybrook Foods,172.5,5.29,4.5,805.75,4.67,1,0.15,0,0,0,0,0,0,42,0.911,0,131.8,1.23,-1.4,-2.1,1.34,1.21,1.12,125.4,47.2
2026-01-31,124,BW-202,Bramblewick Trail Bars Berry 6ct,Bars,Hollybrook Foods,142.7,5.29,5.29,754.81,5.29,0,0.0,0,0,0,0,0,1,43,0.933,0,137.2,1.23,-1.4,-2.1,1.34,1.21,1.12,142.7,0.0
2026-02-07,125,BW-202,Bramblewick Trail Bars Berry 6ct,Bars,Hollybrook Foods,106.7,5.29,5.29,564.37,5.29,0,0.0,0,0,0,1,0,0,41,0.89,0,133.0,1.23,-1.4,-2.1,1.34,1.21,1.12,106.7,0.0
2026-02-14,126,BW-202,Bramblewick Trail Bars Berry 6ct,Bars,Hollybrook Foods,129.9,5.29,5.29,686.95,5.29,0,0.0,0,0,0,1,1,0,43,0.933,0,141.7,1.23,-1.4,-2.1,1.34,1.21,1.12,129.9,0.0
2026-02-21,127,BW-202,Bramblewick Trail Bars Berry 6ct,Bars,Hollybrook Foods,275.9,5.29,4.23,1200.15,4.35,1,0.2,0,1,0,0,0,0,41,0.89,0,137.1,1.23,-1.4,-2.1,1.34,1.21,1.12,128.2,147.6
2026-02-28,128,BW-202,Bramblewick Trail Bars Berry 6ct,Bars,Hollybrook Foods,251.8,5.29,4.23,1098.0,4.36,1,0.2,0,1,0,0,0,0,41,0.89,0,139.1,1.23,-1.4,-2.1,1.34,1.21,1.12,128.2,123.6
2026-03-07,129,BW-202,Bramblewick Trail Bars Berry 6ct,Bars,Hollybrook Foods,145.2,5.29,5.29,768.2,5.29,0,0.0,0,0,0,0,0,1,43,0.933,0,147.9,1.23,-1.4,-2.1,1.34,1.21,1.12,145.2,0.0
2026-03-14,130,BW-202,Bramblewick Trail Bars Berry 6ct,Bars,Hollybrook Foods,174.1,5.29,5.29,920.91,5.29,0,0.0,0,0,0,0,0,0,44,0.955,0,153.3,1.23,-1.4,-2.1,1.34,1.21,1.12,174.1,0.0
2026-03-21,131,BW-202,Bramblewick Trail Bars Berry 6ct,Bars,Hollybrook Foods,159.7,5.29,5.29,845.05,5.29,0,0.0,0,0,0,0,0,0,42,0.911,0,148.2,1.23,-1.4,-2.1,1.34,1.21,1.12,159.7,0.0
2026-03-28,132,BW-202,Bramblewick Trail Bars Berry 6ct,Bars,Hollybrook Foods,126.2,5.29,5.29,667.58,5.29,0,0.0,0,0,0,0,0,0,43,0.933,0,153.7,1.23,-1.4,-2.1,1.34,1.21,1.12,126.2,0.0
2026-04-04,133,BW-202,Bramblewick Trail Bars Berry 6ct,Bars,Hollybrook Foods,126.4,5.29,5.29,668.68,5.29,0,0.0,0,0,0,0,0,0,42,0.911,0,152.1,1.23,-1.4,-2.1,1.34,1.21,1.12,126.4,0.0
2026-04-11,134,BW-202,Bramblewick Trail Bars Berry 6ct,Bars,Hollybrook Foods,153.0,5.29,5.29,809.11,5.29,0,0.0,0,0,0,0,0,0,42,0.911,0,154.2,1.23,-1.4,-2.1,1.34,1.21,1.12,153.0,0.0
2026-04-18,135,BW-202,Bramblewick Trail Bars Berry 6ct,Bars,Hollybrook Foods,152.1,5.29,5.29,804.85,5.29,0,0.0,0,0,0,0,0,0,42,0.911,0,156.5,1.23,-1.4,-2.1,1.34,1.21,1.12,152.1,0.0
2026-04-25,136,BW-202,Bramblewick Trail Bars Berry 6ct,Bars,Hollybrook Foods,136.7,5.29,5.29,723.05,5.29,0,0.0,0,0,0,0,0,0,42,0.911,0,159.0,1.23,-1.4,-2.1,1.34,1.21,1.12,136.7,0.0
2026-05-02,137,BW-202,Bramblewick Trail Bars Berry 6ct,Bars,Hollybrook Foods,176.1,5.29,5.29,931.32,5.29,0,0.0,0,0,0,0,0,0,42,0.911,0,161.8,1.23,-1.4,-2.1,1.34,1.21,1.12,176.1,0.0
2026-05-09,138,BW-202,Bramblewick Trail Bars Berry 6ct,Bars,Hollybrook Foods,178.4,5.29,5.29,943.8,5.29,0,0.0,0,0,0,0,0,0,43,0.933,0,168.8,1.23,-1.4,-2.1,1.34,1.21,1.12,178.4,0.0
2026-05-16,139,BW-202,Bramblewick Trail Bars Berry 6ct,Bars,Hollybrook Foods,177.2,5.29,5.29,937.6,5.29,0,0.0,0,0,0,1,0,0,44,0.955,0,176.2,1.23,-1.4,-2.1,1.34,1.21,1.12,177.2,0.0
2026-05-23,140,BW-202,Bramblewick Trail Bars Berry 6ct,Bars,Hollybrook Foods,188.4,5.29,5.29,996.45,5.29,0,0.0,0,0,0,1,0,0,44,0.955,0,206.9,1.23,-1.4,-2.1,1.34,1.21,1.12,188.4,0.0
2026-05-30,141,BW-202,Bramblewick Trail Bars Berry 6ct,Bars,Hollybrook Foods,274.0,5.29,5.29,1449.53,5.29,0,0.0,0,0,0,0,0,0,44,0.955,0,226.7,1.23,-1.4,-2.1,1.34,1.21,1.12,274.0,0.0
2026-06-06,142,BW-202,Bramblewick Trail Bars Berry 6ct,Bars,Hollybrook Foods,167.6,5.29,5.29,886.44,5.29,0,0.0,0,0,0,0,0,0,42,0.911,0,179.2,1.23,-1.4,-2.1,1.34,1.21,1.12,167.6,0.0
2026-06-13,143,BW-202,Bramblewick Trail Bars Berry 6ct,Bars,Hollybrook Foods,188.5,5.29,5.29,997.18,5.29,0,0.0,0,0,0,0,0,0,45,0.976,0,196.1,1.23,-1.4,-2.1,1.34,1.21,1.12,188.5,0.0
2026-06-20,144,BW-202,Bramblewick Trail Bars Berry 6ct,Bars,Hollybrook Foods,215.2,5.29,5.29,1138.42,5.29,0,0.0,0,0,0,0,0,0,45,0.976,0,199.9,1.23,-1.4,-2.1,1.34,1.21,1.12,215.2,0.0
2026-06-27,145,BW-202,Bramblewick Trail Bars Berry 6ct,Bars,Hollybrook Foods,264.3,5.29,5.29,1397.9,5.29,0,0.0,0,0,0,0,0,0,44,0.955,0,252.8,1.23,-1.4,-2.1,1.34,1.21,1.12,264.3,0.0
2026-07-04,146,BW-202,Bramblewick Trail Bars Berry 6ct,Bars,Hollybrook Foods,229.7,5.29,5.29,1215.32,5.29,0,0.0,0,0,0,1,0,0,46,0.998,0,306.9,1.23,-1.4,-2.1,1.34,1.21,1.12,229.7,0.0
2026-07-11,147,BW-202,Bramblewick Trail Bars Berry 6ct,Bars,Hollybrook Foods,172.7,5.29,5.29,913.83,5.29,0,0.0,0,0,0,1,0,0,46,0.998,0,213.2,1.23,-1.4,-2.1,1.34,1.21,1.12,172.7,0.0
2026-07-18,148,BW-202,Bramblewick Trail Bars Berry 6ct,Bars,Hollybrook Foods,224.4,5.29,5.29,1187.14,5.29,0,0.0,0,0,0,0,0,0,45,0.976,0,209.9,1.23,-1.4,-2.1,1.34,1.21,1.12,224.4,0.0
2026-07-25,149,BW-202,Bramblewick Trail Bars Berry 6ct,Bars,Hollybrook Foods,218.5,5.29,5.29,1155.85,5.29,0,0.0,0,0,0,0,0,0,46,0.998,0,214.9,1.23,-1.4,-2.1,1.34,1.21,1.12,218.5,0.0
2026-08-01,150,BW-202,Bramblewick Trail Bars Berry 6ct,Bars,Hollybrook Foods,190.7,5.29,5.29,1008.57,5.29,0,0.0,0,0,0,0,1,0,46,0.998,0,214.2,1.23,-1.4,-2.1,1.34,1.21,1.12,190.7,0.0
2026-08-08,151,BW-202,Bramblewick Trail Bars Berry 6ct,Bars,Hollybrook Foods,753.4,5.29,3.7,2990.95,3.97,1,0.3,1,1,1,1,0,0,44,0.955,0,203.1,1.23,-1.4,-2.1,1.34,1.21,1.12,216.8,536.6
2026-08-15,152,BW-202,Bramblewick Trail Bars Berry 6ct,Bars,Hollybrook Foods,791.7,5.29,3.7,3119.27,3.94,1,0.3,1,1,1,1,0,0,46,0.998,0,209.4,1.23,-1.4,-2.1,1.34,1.21,1.12,216.8,574.8
2026-08-22,153,BW-202,Bramblewick Trail Bars Berry 6ct,Bars,Hollybrook Foods,900.2,5.29,3.7,3582.83,3.98,1,0.3,1,1,1,1,0,0,46,0.998,0,240.1,1.23,-1.4,-2.1,1.34,1.21,1.12,216.8,683.4
2026-08-29,154,BW-202,Bramblewick Trail Bars Berry 6ct,Bars,Hollybrook Foods,224.8,5.29,5.29,1189.2,5.29,0,0.0,0,0,0,0,0,1,45,0.976,0,229.4,1.23,-1.4,-2.1,1.34,1.21,1.12,224.8,0.0
2026-09-05,155,BW-202,Bramblewick Trail Bars Berry 6ct,Bars,Hollybrook Foods,205.5,5.29,5.29,1086.84,5.29,0,0.0,0,0,0,0,0,0,45,0.976,0,190.9,1.23,-1.4,-2.1,1.34,1.21,1.12,205.5,0.0
2023-09-16,0,BW-202,Bramblewick Trail Bars Berry 6ct,Bars,ThriftLane,1234.5,3.29,3.29,4061.34,3.29,0,0.0,0,0,0,0,0,0,104,0.705,0,1021.7,1.23,-1.4,-2.1,1.34,1.21,1.12,1234.5,0.0
2023-09-23,1,BW-202,Bramblewick Trail Bars Berry 6ct,Bars,ThriftLane,848.4,3.29,3.29,2791.16,3.29,0,0.0,0,0,0,0,0,0,104,0.705,0,845.8,1.23,-1.4,-2.1,1.34,1.21,1.12,848.4,0.0
2023-09-30,2,BW-202,Bramblewick Trail Bars Berry 6ct,Bars,ThriftLane,833.1,3.29,3.29,2740.89,3.29,0,0.0,0,0,0,0,0,0,104,0.705,0,817.2,1.23,-1.4,-2.1,1.34,1.21,1.12,833.1,0.0
2023-10-07,3,BW-202,Bramblewick Trail Bars Berry 6ct,Bars,ThriftLane,791.2,3.29,3.29,2603.13,3.29,0,0.0,0,0,0,1,0,0,103,0.698,0,781.7,1.23,-1.4,-2.1,1.34,1.21,1.12,791.2,0.0
2023-10-14,4,BW-202,Bramblewick Trail Bars Berry 6ct,Bars,ThriftLane,612.6,3.29,3.29,2015.54,3.29,0,0.0,0,0,0,1,0,0,103,0.698,0,755.5,1.23,-1.4,-2.1,1.34,1.21,1.12,612.6,0.0
2023-10-21,5,BW-202,Bramblewick Trail Bars Berry 6ct,Bars,ThriftLane,715.6,3.29,3.29,2354.23,3.29,0,0.0,0,0,0,0,0,0,104,0.705,0,738.6,1.23,-1.4,-2.1,1.34,1.21,1.12,715.6,0.0
2023-10-28,6,BW-202,Bramblewick Trail Bars Berry 6ct,Bars,ThriftLane,272.2,3.29,3.29,895.55,3.29,0,0.0,0,0,0,0,0,0,105,0.712,1,723.8,1.23,-1.4,-2.1,1.34,1.21,1.12,272.2,0.0
2023-11-04,7,BW-202,Bramblewick Trail Bars Berry 6ct,Bars,ThriftLane,838.8,3.29,3.29,2759.74,3.29,0,0.0,0,0,0,0,0,0,103,0.698,0,691.6,1.23,-1.4,-2.1,1.34,1.21,1.12,838.8,0.0
2023-11-11,8,BW-202,Bramblewick Trail Bars Berry 6ct,Bars,ThriftLane,589.3,3.29,3.29,1938.77,3.29,0,0.0,0,0,0,0,1,0,105,0.712,0,689.5,1.23,-1.4,-2.1,1.34,1.21,1.12,589.3,0.0
2023-11-18,9,BW-202,Bramblewick Trail Bars Berry 6ct,Bars,ThriftLane,744.4,3.29,2.96,2210.83,2.97,1,0.1,0,0,0,0,0,0,105,0.712,0,716.5,1.23,-1.4,-2.1,1.34,1.21,1.12,812.2,0.0
2023-11-25,10,BW-202,Bramblewick Trail Bars Berry 6ct,Bars,ThriftLane,749.8,3.29,2.96,2264.28,3.02,1,0.1,0,0,0,1,0,0,105,0.712,0,724.5,1.23,-1.4,-2.1,1.34,1.21,1.12,812.2,0.0
2023-12-02,11,BW-202,Bramblewick Trail Bars Berry 6ct,Bars,ThriftLane,642.2,3.29,3.29,2112.75,3.29,0,0.0,0,0,0,1,0,1,104,0.705,0,657.2,1.23,-1.4,-2.1,1.34,1.21,1.12,642.2,0.0
2023-12-09,12,BW-202,Bramblewick Trail Bars Berry 6ct,Bars,ThriftLane,634.5,3.29,3.29,2087.49,3.29,0,0.0,0,0,0,1,0,0,104,0.705,0,655.1,1.23,-1.4,-2.1,1.34,1.21,1.12,634.5,0.0
2023-12-16,13,BW-202,Bramblewick Trail Bars Berry 6ct,Bars,ThriftLane,627.8,3.29,3.29,2065.53,3.29,0,0.0,0,0,0,0,0,0,106,0.719,0,693.1,1.23,-1.4,-2.1,1.34,1.21,1.12,627.8,0.0
2023-12-23,14,BW-202,Bramblewick Trail Bars Berry 6ct,Bars,ThriftLane,657.3,3.29,3.29,2162.38,3.29,0,0.0,0,0,0,0,0,0,106,0.719,0,728.9,1.23,-1.4,-2.1,1.34,1.21,1.12,657.3,0.0
2023-12-30,15,BW-202,Bramblewick Trail Bars Berry 6ct,Bars,ThriftLane,896.6,3.29,3.29,2949.8,3.29,0,0.0,0,0,0,0,0,0,106,0.719,0,709.4,1.23,-1.4,-2.1,1.34,1.21,1.12,896.6,0.0
2024-01-06,16,BW-202,Bramblewick Trail Bars Berry 6ct,Bars,ThriftLane,597.3,3.29,3.29,1965.16,3.29,0,0.0,0,0,0,1,1,0,106,0.719,0,773.8,1.23,-1.4,-2.1,1.34,1.21,1.12,597.3,0.0
2024-01-13,17,BW-202,Bramblewick Trail Bars Berry 6ct,Bars,ThriftLane,1516.3,3.29,2.63,4139.54,2.73,1,0.2,0,1,0,1,0,0,108,0.732,0,799.5,1.23,-1.4,-2.1,1.34,1.21,1.12,638.4,878.0
2024-01-20,18,BW-202,Bramblewick Trail Bars Berry 6ct,Bars,ThriftLane,1218.4,3.29,2.63,3253.02,2.67,1,0.2,0,1,0,1,0,0,107,0.726,0,713.6,1.23,-1.4,-2.1,1.34,1.21,1.12,638.4,580.1
2024-01-27,19,BW-202,Bramblewick Trail Bars Berry 6ct,Bars,ThriftLane,861.4,3.29,3.29,2834.16,3.29,0,0.0,0,0,0,0,0,1,106,0.719,0,718.7,1.23,-1.4,-2.1,1.34,1.21,1.12,861.4,0.0
2024-02-03,20,BW-202,Bramblewick Trail Bars Berry 6ct,Bars,ThriftLane,635.5,3.29,3.29,2090.92,3.29,0,0.0,0,0,0,0,1,0,106,0.719,0,730.9,1.23,-1.4,-2.1,1.34,1.21,1.12,635.5,0.0
2024-02-10,21,BW-202,Bramblewick Trail Bars Berry 6ct,Bars,ThriftLane,839.8,3.29,2.8,2401.89,2.86,1,0.15,0,0,0,0,0,0,107,0.726,0,750.2,1.23,-1.4,-2.1,1.34,1.21,1.12,638.8,200.9
2024-02-17,22,BW-202,Bramblewick Trail Bars Berry 6ct,Bars,ThriftLane,629.8,3.29,3.29,2072.16,3.29,0,0.0,0,0,0,1,0,1,108,0.732,0,769.6,1.23,-1.4,-2.1,1.34,1.21,1.12,629.8,0.0
2024-02-24,23,BW-202,Bramblewick Trail Bars Berry 6ct,Bars,ThriftLane,683.1,3.29,3.29,2247.44,3.29,0,0.0,0,0,0,1,0,0,106,0.719,0,767.2,1.23,-1.4,-2.1,1.34,1.21,1.12,683.1,0.0
2024-03-02,24,BW-202,Bramblewick Trail Bars Berry 6ct,Bars,ThriftLane,203.0,3.29,3.29,667.89,3.29,0,0.0,0,0,0,0,0,0,108,0.732,1,793.3,1.23,-1.4,-2.1,1.34,1.21,1.12,203.0,0.0
2024-03-09,25,BW-202,Bramblewick Trail Bars Berry 6ct,Bars,ThriftLane,728.0,3.29,3.29,2395.24,3.29,0,0.0,0,0,0,0,0,0,108,0.732,0,804.5,1.23,-1.4,-2.1,1.34,1.21,1.12,728.0,0.0
2024-03-16,26,BW-202,Bramblewick Trail Bars Berry 6ct,Bars,ThriftLane,670.6,3.29,3.29,2206.43,3.29,0,0.0,0,0,0,0,0,0,111,0.753,0,838.0,1.23,-1.4,-2.1,1.34,1.21,1.12,670.6,0.0
2024-03-23,27,BW-202,Bramblewick Trail Bars Berry 6ct,Bars,ThriftLane,625.3,3.29,3.29,2057.18,3.29,0,0.0,0,0,0,1,1,0,109,0.739,0,833.7,1.23,-1.4,-2.1,1.34,1.21,1.12,625.3,0.0
2024-03-30,28,BW-202,Bramblewick Trail Bars Berry 6ct,Bars,ThriftLane,1504.6,3.29,2.8,4348.42,2.89,1,0.15,0,0,0,1,0,0,109,0.739,0,844.7,1.23,-1.4,-2.1,1.34,1.21,1.12,653.0,851.6
2024-04-06,29,BW-202,Bramblewick Trail Bars Berry 6ct,Bars,ThriftLane,572.8,3.29,3.29,1884.39,3.29,0,0.0,0,0,0,1,0,1,109,0.739,0,856.2,1.23,-1.4,-2.1,1.34,1.21,1.12,572.8,0.0
2024-04-13,30,BW-202,Bramblewick Trail Bars Berry 6ct,Bars,ThriftLane,990.7,3.29,3.29,3259.48,3.29,0,0.0,0,0,0,0,0,0,110,0.746,0,876.4,1.23,-1.4,-2.1,1.34,1.21,1.12,990.7,0.0
2024-04-20,31,BW-202,Bramblewick Trail Bars Berry 6ct,Bars,ThriftLane,1125.8,3.29,3.29,3703.84,3.29,0,0.0,0,0,0,0,0,0,110,0.746,0,889.8,1.23,-1.4,-2.1,1.34,1.21,1.12,1125.8,0.0
2024-04-27,32,BW-202,Bramblewick Trail Bars Berry 6ct,Bars,ThriftLane,898.7,3.29,3.29,2956.56,3.29,0,0.0,0,0,0,1,0,0,109,0.739,0,896.2,1.23,-1.4,-2.1,1.34,1.21,1.12,898.7,0.0
2024-05-04,33,BW-202,Bramblewick Trail Bars Berry 6ct,Bars,ThriftLane,935.0,3.29,3.29,3076.2,3.29,0,0.0,0,0,0,0,0,0,109,0.739,0,912.3,1.23,-1.4,-2.1,1.34,1.21,1.12,935.0,0.0
2024-05-11,34,BW-202,Bramblewick Trail Bars Berry 6ct,Bars,ThriftLane,1057.4,3.29,3.29,3478.69,3.29,0,0.0,0,0,0,0,0,0,109,0.739,0,929.9,1.23,-1.4,-2.1,1.34,1.21,1.12,1057.4,0.0
2024-05-18,35,BW-202,Bramblewick Trail Bars Berry 6ct,Bars,ThriftLane,1099.2,3.29,3.29,3616.26,3.29,0,0.0,0,0,0,1,0,0,110,0.746,0,1101.6,1.23,-1.4,-2.1,1.34,1.21,1.12,1099.2,0.0
2024-05-25,36,BW-202,Bramblewick Trail Bars Berry 6ct,Bars,ThriftLane,825.0,3.49,3.49,2879.17,3.49,0,0.0,0,0,0,1,0,0,109,0.739,0,1101.1,1.23,-1.4,-2.1,1.34,1.21,1.12,825.0,0.0
2024-06-01,37,BW-202,Bramblewick Trail Bars Berry 6ct,Bars,ThriftLane,938.3,3.49,3.49,3274.65,3.49,0,0.0,0,0,0,0,1,0,111,0.753,0,929.0,1.23,-1.4,-2.1,1.34,1.21,1.12,938.3,0.0
2024-06-08,38,BW-202,Bramblewick Trail Bars Berry 6ct,Bars,ThriftLane,1007.0,3.49,3.14,3222.45,3.2,1,0.1,0,0,0,1,0,0,110,0.746,0,940.9,1.23,-1.4,-2.1,1.34,1.21,1.12,964.5,42.5
2024-06-15,39,BW-202,Bramblewick Trail Bars Berry 6ct,Bars,ThriftLane,641.0,3.49,3.49,2237.08,3.49,0,0.0,0,0,0,1,0,1,114,0.773,0,996.0,1.23,-1.4,-2.1,1.34,1.21,1.12,641.0,0.0
2024-06-22,40,BW-202,Bramblewick Trail Bars Berry 6ct,Bars,ThriftLane,1055.8,3.49,3.49,3684.91,3.49,0,0.0,0,0,0,0,1,0,112,0.759,0,998.0,1.23,-1.4,-2.1,1.34,1.21,1.12,1055.8,0.0
2024-06-29,41,BW-202,Bramblewick Trail Bars Berry 6ct,Bars,ThriftLane,2952.5,3.49,2.79,8355.63,2.83,1,0.2,1,1,0,0,0,0,112,0.759,0,1291.3,1.23,-1.4,-2.1,1.34,1.21,1.12,936.6,2015.8
2024-07-06,42,BW-202,Bramblewick Trail Bars Berry 6ct,Bars,ThriftLane,3986.6,3.49,2.79,11521.24,2.89,1,0.2,1,1,0,1,0,0,112,0.759,0,1499.9,1.23,-1.4,-2.1,1.34,1.21,1.12,936.6,3050.0
2024-07-13,43,BW-202,Bramblewick Trail Bars Berry 6ct,Bars,ThriftLane,2243.8,3.49,2.79,6641.52,2.96,1,0.2,1,1,0,0,0,0,113,0.766,0,1051.7,1.23,-1.4,-2.1,1.34,1.21,1.12,936.6,1307.2
2024-07-20,44,BW-202,Bramblewick Trail Bars Berry 6ct,Bars,ThriftLane,1100.1,3.49,3.49,3839.3,3.49,0,0.0,0,0,0,0,0,1,114,0.773,0,1068.4,1.23,-1.4,-2.1,1.34,1.21,1.12,1100.1,0.0
2024-07-27,45,BW-202,Bramblewick Trail Bars Berry 6ct,Bars,ThriftLane,1131.9,3.49,3.49,3950.38,3.49,0,0.0,0,0,0,0,0,0,114,0.773,0,1070.7,1.23,-1.4,-2.1,1.34,1.21,1.12,1131.9,0.0
2024-08-03,46,BW-202,Bramblewick Trail Bars Berry 6ct,Bars,ThriftLane,845.7,3.49,3.49,2951.35,3.49,0,0.0,0,0,0,1,1,0,112,0.759,0,1048.7,1.23,-1.4,-2.1,1.34,1.21,1.12,845.7,0.0
2024-08-10,47,BW-202,Bramblewick Trail Bars Berry 6ct,Bars,ThriftLane,1275.9,3.49,2.97,3827.84,3.0,1,0.15,0,0,0,1,0,0,113,0.766,0,1049.4,1.23,-1.4,-2.1,1.34,1.21,1.12,997.0,278.9
2024-08-17,48,BW-202,Bramblewick Trail Bars Berry 6ct,Bars,ThriftLane,878.8,3.49,3.49,3066.86,3.49,0,0.0,0,0,0,0,0,1,113,0.766,0,1035.2,1.23,-1.4,-2.1,1.34,1.21,1.12,878.8,0.0
2024-08-24,49,BW-202,Bramblewick Trail Bars Berry 6ct,Bars,ThriftLane,1136.2,3.49,3.49,3965.3,3.49,0,0.0,0,0,0,0,1,0,112,0.759,0,1177.2,1.23,-1.4,-2.1,1.34,1.21,1.12,1136.2,0.0
2024-08-31,50,BW-202,Bramblewick Trail Bars Berry 6ct,Bars,ThriftLane,2259.1,3.49,2.79,6393.29,2.83,1,0.2,0,1,1,1,0,0,113,0.766,0,1160.3,1.23,-1.4,-2.1,1.34,1.21,1.12,997.0,1262.0
2024-09-07,51,BW-202,Bramblewick Trail Bars Berry 6ct,Bars,ThriftLane,697.4,3.49,3.49,2433.88,3.49,0,0.0,0,0,0,1,0,1,113,0.766,0,966.0,1.23,-1.4,-2.1,1.34,1.21,1.12,697.4,0.0
2024-09-14,52,BW-202,Bramblewick Trail Bars Berry 6ct,Bars,ThriftLane,890.7,3.49,3.49,3108.56,3.49,0,0.0,0,0,0,1,0,0,116,0.787,0,961.7,1.23,-1.4,-2.1,1.34,1.21,1.12,890.7,0.0
2024-09-21,53,BW-202,Bramblewick Trail Bars Berry 6ct,Bars,ThriftLane,971.6,3.49,3.49,3390.87,3.49,0,0.0,0,0,0,0,0,0,118,0.8,0,946.5,1.23,-1.4,-2.1,1.34,1.21,1.12,971.6,0.0
2024-09-28,54,BW-202,Bramblewick Trail Bars Berry 6ct,Bars,ThriftLane,993.5,3.49,3.49,3467.46,3.49,0,0.0,0,0,0,0,0,0,116,0.787,0,899.0,1.23,-1.4,-2.1,1.34,1.21,1.12,993.5,0.0
2024-10-05,55,BW-202,Bramblewick Trail Bars Berry 6ct,Bars,ThriftLane,960.4,3.49,3.49,3351.85,3.49,0,0.0,0,0,0,0,0,0,118,0.8,0,883.3,1.23,-1.4,-2.1,1.34,1.21,1.12,960.4,0.0
2024-10-12,56,BW-202,Bramblewick Trail Bars Berry 6ct,Bars,ThriftLane,732.5,3.49,3.49,2556.5,3.49,0,0.0,0,0,0,0,0,0,117,0.793,0,846.5,1.23,-1.4,-2.1,1.34,1.21,1.12,732.5,0.0
2024-10-19,57,BW-202,Bramblewick Trail Bars Berry 6ct,Bars,ThriftLane,812.3,3.49,3.49,2835.1,3.49,0,0.0,0,0,0,0,0,0,116,0.787,0,812.5,1.23,-1.4,-2.1,1.34,1.21,1.12,812.3,0.0
2024-10-26,58,BW-202,Bramblewick Trail Bars Berry 6ct,Bars,ThriftLane,621.1,3.49,3.49,2167.72,3.49,0,0.0,0,0,0,1,0,0,116,0.787,0,788.7,1.23,-1.4,-2.1,1.34,1.21,1.12,621.1,0.0
2024-11-02,59,BW-202,Bramblewick Trail Bars Berry 6ct,Bars,ThriftLane,578.5,3.49,3.49,2018.99,3.49,0,0.0,0,0,0,1,0,0,117,0.793,0,774.9,1.23,-1.4,-2.1,1.34,1.21,1.12,578.5,0.0
2024-11-09,60,BW-202,Bramblewick Trail Bars Berry 6ct,Bars,ThriftLane,728.6,3.49,3.49,2542.65,3.49,0,0.0,0,0,0,0,1,0,117,0.793,0,757.8,1.23,-1.4,-2.1,1.34,1.21,1.12,728.6,0.0
2024-11-16,61,BW-202,Bramblewick Trail Bars Berry 6ct,Bars,ThriftLane,887.1,3.49,3.14,2829.72,3.19,1,0.1,0,0,0,0,0,0,118,0.8,0,750.9,1.23,-1.4,-2.1,1.34,1.21,1.12,772.4,114.7
2024-11-23,62,BW-202,Bramblewick Trail Bars Berry 6ct,Bars,ThriftLane,1021.4,3.49,3.14,3227.56,3.16,1,0.1,0,0,0,1,0,0,118,0.8,0,784.0,1.23,-1.4,-2.1,1.34,1.21,1.12,772.4,249.0
2024-11-30,63,BW-202,Bramblewick Trail Bars Berry 6ct,Bars,ThriftLane,698.0,3.49,3.49,2436.02,3.49,0,0.0,0,0,0,0,0,1,118,0.8,0,796.7,1.23,-1.4,-2.1,1.34,1.21,1.12,698.0,0.0
2024-12-07,64,BW-202,Bramblewick Trail Bars Berry 6ct,Bars,ThriftLane,674.7,3.49,3.49,2354.74,3.49,0,0.0,0,0,0,1,0,0,116,0.787,0,720.7,1.23,-1.4,-2.1,1.34,1.21,1.12,674.7,0.0
2024-12-14,65,BW-202,Bramblewick Trail Bars Berry 6ct,Bars,ThriftLane,750.5,3.49,3.49,2619.39,3.49,0,0.0,0,0,0,0,0,0,120,0.814,0,773.9,1.23,-1.4,-2.1,1.34,1.21,1.12,750.5,0.0
2024-12-21,66,BW-202,Bramblewick Trail Bars Berry 6ct,Bars,ThriftLane,833.9,3.49,3.49,2910.15,3.49,0,0.0,0,0,0,0,0,0,121,0.82,0,820.7,1.23,-1.4,-2.1,1.34,1.21,1.12,833.9,0.0
2024-12-28,67,BW-202,Bramblewick Trail Bars Berry 6ct,Bars,ThriftLane,736.6,3.49,3.49,2570.58,3.49,0,0.0,0,0,0,1,1,0,119,0.807,0,785.6,1.23,-1.4,-2.1,1.34,1.21,1.12,736.6,0.0
2025-01-04,68,BW-202,Bramblewick Trail Bars Berry 6ct,Bars,ThriftLane,3135.6,3.49,2.79,9155.86,2.92,1,0.2,1,1,1,1,0,0,119,0.807,0,856.8,1.23,-1.4,-2.1,1.34,1.21,1.12,713.3,2422.3
2025-01-11,69,BW-202,Bramblewick Trail Bars Berry 6ct,Bars,ThriftLane,2383.7,3.49,2.79,7007.98,2.94,1,0.2,1,1,1,1,0,0,120,0.814,0,876.3,1.23,-1.4,-2.1,1.34,1.21,1.12,713.3,1670.4
2025-01-18,70,BW-202,Bramblewick Trail Bars Berry 6ct,Bars,ThriftLane,512.0,3.49,3.49,1786.72,3.49,0,0.0,0,0,0,1,0,1,120,0.814,0,789.4,1.23,-1.4,-2.1,1.34,1.21,1.12,512.0,0.0
2025-01-25,71,BW-202,Bramblewick Trail Bars Berry 6ct,Bars,ThriftLane,641.3,3.49,3.49,2238.03,3.49,0,0.0,0,0,0,0,1,0,120,0.814,0,802.5,1.23,-1.4,-2.1,1.34,1.21,1.12,641.3,0.0
2025-02-01,72,BW-202,Bramblewick Trail Bars Berry 6ct,Bars,ThriftLane,1354.2,3.49,2.97,4157.46,3.07,1,0.15,0,0,0,0,0,0,121,0.82,0,823.0,1.23,-1.4,-2.1,1.34,1.21,1.12,713.3,640.9
2025-02-08,73,BW-202,Bramblewick Trail Bars Berry 6ct,Bars,ThriftLane,935.1,3.49,3.49,3263.43,3.49,0,0.0,0,0,0,0,0,1,121,0.82,0,836.8,1.23,-1.4,-2.1,1.34,1.21,1.12,935.1,0.0
2025-02-15,74,BW-202,Bramblewick Trail Bars Berry 6ct,Bars,ThriftLane,814.9,3.49,3.49,2843.97,3.49,0,0.0,0,0,0,1,0,0,121,0.82,0,850.5,1.23,-1.4,-2.1,1.34,1.21,1.12,814.9,0.0
2025-02-22,75,BW-202,Bramblewick Trail Bars Berry 6ct,Bars,ThriftLane,881.2,3.49,3.49,3075.34,3.49,0,0.0,0,0,0,1,0,0,120,0.814,0,856.7,1.23,-1.4,-2.1,1.34,1.21,1.12,881.2,0.0
2025-03-01,76,BW-202,Bramblewick Trail Bars Berry 6ct,Bars,ThriftLane,829.0,3.49,3.49,2893.34,3.49,0,0.0,0,0,0,0,0,0,120,0.814,0,869.4,1.23,-1.4,-2.1,1.34,1.21,1.12,829.0,0.0
2025-03-08,77,BW-202,Bramblewick Trail Bars Berry 6ct,Bars,ThriftLane,823.8,3.49,3.49,2875.13,3.49,0,0.0,0,0,0,0,0,0,120,0.814,0,881.6,1.23,-1.4,-2.1,1.34,1.21,1.12,823.8,0.0
2025-03-15,78,BW-202,Bramblewick Trail Bars Berry 6ct,Bars,ThriftLane,1047.9,3.49,3.49,3657.21,3.49,0,0.0,0,0,0,0,0,0,123,0.834,0,915.9,1.23,-1.4,-2.1,1.34,1.21,1.12,1047.9,0.0
2025-03-22,79,BW-202,Bramblewick Trail Bars Berry 6ct,Bars,ThriftLane,875.5,3.49,3.49,3055.56,3.49,0,0.0,0,0,0,1,0,0,122,0.827,0,920.4,1.23,-1.4,-2.1,1.34,1.21,1.12,875.5,0.0
2025-03-29,80,BW-202,Bramblewick Trail Bars Berry 6ct,Bars,ThriftLane,992.5,3.49,3.49,3463.75,3.49,0,0.0,0,0,0,0,0,0,123,0.834,0,940.2,1.23,-1.4,-2.1,1.34,1.21,1.12,992.5,0.0
2025-04-05,81,BW-202,Bramblewick Trail Bars Berry 6ct,Bars,ThriftLane,981.5,3.49,3.49,3425.31,3.49,0,0.0,0,0,0,0,1,0,124,0.841,0,960.7,1.23,-1.4,-2.1,1.34,1.21,1.12,981.5,0.0
2025-04-12,82,BW-202,Bramblewick Trail Bars Berry 6ct,Bars,ThriftLane,2808.3,3.49,2.62,7610.56,2.71,1,0.25,1,1,0,0,0,0,122,0.827,0,958.7,1.23,-1.4,-2.1,1.34,1.21,1.12,878.4,1930.0
2025-04-19,83,BW-202,Bramblewick Trail Bars Berry 6ct,Bars,ThriftLane,2268.3,3.49,2.62,6351.17,2.8,1,0.25,1,1,0,1,0,0,122,0.827,0,973.4,1.23,-1.4,-2.1,1.34,1.21,1.12,878.4,1390.0
2025-04-26,84,BW-202,Bramblewick Trail Bars Berry 6ct,Bars,ThriftLane,3412.0,3.49,2.62,9212.38,2.7,1,0.25,1,1,0,0,0,0,122,0.827,0,989.4,1.23,-1.4,-2.1,1.34,1.21,1.12,878.4,2533.6
2025-05-03,85,BW-202,Bramblewick Trail Bars Berry 6ct,Bars,ThriftLane,959.1,3.49,3.49,3347.24,3.49,0,0.0,0,0,0,0,0,1,122,0.827,0,1007.2,1.23,-1.4,-2.1,1.34,1.21,1.12,959.1,0.0
2025-05-10,86,BW-202,Bramblewick Trail Bars Berry 6ct,Bars,ThriftLane,950.5,3.49,3.49,3317.33,3.49,0,0.0,0,0,0,0,0,0,123,0.834,0,1035.0,1.23,-1.4,-2.1,1.34,1.21,1.12,950.5,0.0
2025-05-17,87,BW-202,Bramblewick Trail Bars Berry 6ct,Bars,ThriftLane,848.7,3.49,3.49,2961.82,3.49,0,0.0,0,0,0,1,1,0,124,0.841,0,1064.8,1.23,-1.4,-2.1,1.34,1.21,1.12,848.7,0.0
2025-05-24,88,BW-202,Bramblewick Trail Bars Berry 6ct,Bars,ThriftLane,4079.9,3.49,2.79,11913.35,2.92,1,0.2,1,1,1,0,0,0,124,0.841,0,1251.2,1.23,-1.4,-2.1,1.34,1.21,1.12,954.8,3125.1
2025-05-31,89,BW-202,Bramblewick Trail Bars Berry 6ct,Bars,ThriftLane,3614.1,3.49,2.79,10300.21,2.85,1,0.2,1,1,1,1,0,0,124,0.841,0,1371.5,1.23,-1.4,-2.1,1.34,1.21,1.12,954.8,2659.3
2025-06-07,90,BW-202,Bramblewick Trail Bars Berry 6ct,Bars,ThriftLane,2757.4,3.49,2.79,8134.33,2.95,1,0.2,1,1,1,1,0,0,122,0.827,0,1117.9,1.23,-1.4,-2.1,1.34,1.21,1.12,954.8,1802.6
2025-06-14,91,BW-202,Bramblewick Trail Bars Berry 6ct,Bars,ThriftLane,1130.9,3.49,3.49,3946.74,3.49,0,0.0,0,0,0,0,0,1,125,0.848,0,1169.9,1.23,-1.4,-2.1,1.34,1.21,1.12,1130.9,0.0
2025-06-21,92,BW-202,Bramblewick Trail Bars Berry 6ct,Bars,ThriftLane,1325.8,3.49,3.49,4627.14,3.49,0,0.0,0,0,0,0,0,0,127,0.861,0,1212.4,1.23,-1.4,-2.1,1.34,1.21,1.12,1325.8,0.0
2025-06-28,93,BW-202,Bramblewick Trail Bars Berry 6ct,Bars,ThriftLane,1703.6,3.49,3.49,5945.61,3.49,0,0.0,0,0,0,0,0,0,125,0.848,0,1544.0,1.23,-1.4,-2.1,1.34,1.21,1.12,1703.6,0.0
2025-07-05,94,BW-202,Bramblewick Trail Bars Berry 6ct,Bars,ThriftLane,1896.0,3.49,3.49,6617.07,3.49,0,0.0,0,0,0,0,1,0,126,0.854,0,1807.7,1.23,-1.4,-2.1,1.34,1.21,1.12,1896.0,0.0
2025-07-12,95,BW-202,Bramblewick Trail Bars Berry 6ct,Bars,ThriftLane,1831.4,3.49,2.97,5567.6,3.04,1,0.15,0,0,0,1,0,0,126,0.854,0,1256.4,1.23,-1.4,-2.1,1.34,1.21,1.12,1056.2,775.2
2025-07-19,96,BW-202,Bramblewick Trail Bars Berry 6ct,Bars,ThriftLane,901.2,3.79,3.79,3415.53,3.79,0,0.0,0,0,0,1,0,1,126,0.854,0,1127.1,1.23,-1.4,-2.1,1.34,1.21,1.12,901.2,0.0
2025-07-26,97,BW-202,Bramblewick Trail Bars Berry 6ct,Bars,ThriftLane,809.7,3.79,3.79,3068.86,3.79,0,0.0,0,0,0,1,0,0,127,0.861,0,1138.5,1.23,-1.4,-2.1,1.34,1.21,1.12,809.7,0.0
2025-08-02,98,BW-202,Bramblewick Trail Bars Berry 6ct,Bars,ThriftLane,1105.0,3.79,3.79,4187.92,3.79,0,0.0,0,0,0,0,0,0,126,0.854,0,1126.1,1.23,-1.4,-2.1,1.34,1.21,1.12,1105.0,0.0
2025-08-09,99,BW-202,Bramblewick Trail Bars Berry 6ct,Bars,ThriftLane,1033.0,3.79,3.79,3915.06,3.79,0,0.0,0,0,0,0,0,0,125,0.848,0,1108.0,1.23,-1.4,-2.1,1.34,1.21,1.12,1033.0,0.0
2025-08-16,100,BW-202,Bramblewick Trail Bars Berry 6ct,Bars,ThriftLane,1149.4,3.79,3.79,4356.33,3.79,0,0.0,0,0,0,1,0,0,125,0.848,0,1093.1,1.23,-1.4,-2.1,1.34,1.21,1.12,1149.4,0.0
2025-08-23,101,BW-202,Bramblewick Trail Bars Berry 6ct,Bars,ThriftLane,1058.2,3.79,3.79,4010.69,3.79,0,0.0,0,0,0,1,0,0,127,0.861,0,1274.1,1.23,-1.4,-2.1,1.34,1.21,1.12,1058.2,0.0
2025-08-30,102,BW-202,Bramblewick Trail Bars Berry 6ct,Bars,ThriftLane,1266.0,3.79,3.79,4798.09,3.79,0,0.0,0,0,0,0,0,0,125,0.848,0,1225.1,1.23,-1.4,-2.1,1.34,1.21,1.12,1266.0,0.0
2025-09-06,103,BW-202,Bramblewick Trail Bars Berry 6ct,Bars,ThriftLane,1110.9,3.79,3.79,4210.42,3.79,0,0.0,0,0,0,0,0,0,125,0.848,0,1019.9,1.23,-1.4,-2.1,1.34,1.21,1.12,1110.9,0.0
2025-09-13,104,BW-202,Bramblewick Trail Bars Berry 6ct,Bars,ThriftLane,906.6,3.79,3.79,3435.9,3.79,0,0.0,0,0,0,0,0,0,130,0.881,0,1028.7,1.23,-1.4,-2.1,1.34,1.21,1.12,906.6,0.0
2025-09-20,105,BW-202,Bramblewick Trail Bars Berry 6ct,Bars,ThriftLane,838.5,3.79,3.79,3177.92,3.79,0,0.0,0,0,0,0,1,0,130,0.881,0,995.3,1.23,-1.4,-2.1,1.34,1.21,1.12,838.5,0.0
2025-09-27,106,BW-202,Bramblewick Trail Bars Berry 6ct,Bars,ThriftLane,2969.5,3.79,3.03,9353.89,3.15,1,0.2,1,1,0,1,0,0,130,0.881,0,961.7,1.23,-1.4,-2.1,1.34,1.21,1.12,1081.6,1887.9
2025-10-04,107,BW-202,Bramblewick Trail Bars Berry 6ct,Bars,ThriftLane,2864.9,3.79,3.03,8967.28,3.13,1,0.2,1,1,0,1,0,0,131,0.888,0,936.0,1.23,-1.4,-2.1,1.34,1.21,1.12,1081.6,1783.3
2025-10-11,108,BW-202,Bramblewick Trail Bars Berry 6ct,Bars,ThriftLane,1823.4,3.79,3.03,5816.49,3.19,1,0.2,1,1,0,1,0,0,129,0.875,0,890.8,1.23,-1.4,-2.1,1.34,1.21,1.12,1081.6,741.8
2025-10-18,109,BW-202,Bramblewick Trail Bars Berry 6ct,Bars,ThriftLane,715.2,3.79,3.79,2710.72,3.79,0,0.0,0,0,0,1,0,1,130,0.881,0,869.2,1.23,-1.4,-2.1,1.34,1.21,1.12,715.2,0.0
2025-10-25,110,BW-202,Bramblewick Trail Bars Berry 6ct,Bars,ThriftLane,967.9,3.79,3.79,3668.48,3.79,0,0.0,0,0,0,0,0,0,129,0.875,0,837.2,1.23,-1.4,-2.1,1.34,1.21,1.12,967.9,0.0
2025-11-01,111,BW-202,Bramblewick Trail Bars Berry 6ct,Bars,ThriftLane,756.2,3.79,3.79,2865.83,3.79,0,0.0,0,0,0,0,0,0,131,0.888,0,828.1,1.23,-1.4,-2.1,1.34,1.21,1.12,756.2,0.0
2025-11-08,112,BW-202,Bramblewick Trail Bars Berry 6ct,Bars,ThriftLane,713.9,3.79,3.79,2705.62,3.79,0,0.0,0,0,0,1,0,0,131,0.888,0,809.9,1.23,-1.4,-2.1,1.34,1.21,1.12,713.9,0.0
2025-11-15,113,BW-202,Bramblewick Trail Bars Berry 6ct,Bars,ThriftLane,705.6,3.79,3.79,2674.34,3.79,0,0.0,0,0,0,1,0,0,131,0.888,0,795.7,1.23,-1.4,-2.1,1.34,1.21,1.12,705.6,0.0
2025-11-22,114,BW-202,Bramblewick Trail Bars Berry 6ct,Bars,ThriftLane,758.4,3.79,3.79,2874.39,3.79,0,0.0,0,0,0,0,1,0,130,0.881,0,824.4,1.23,-1.4,-2.1,1.34,1.21,1.12,758.4,0.0
2025-11-29,115,BW-202,Bramblewick Trail Bars Berry 6ct,Bars,ThriftLane,1924.6,3.79,2.84,5831.54,3.03,1,0.25,0,1,1,0,0,0,130,0.881,0,837.8,1.23,-1.4,-2.1,1.34,1.21,1.12,757.3,1167.3
2025-12-06,116,BW-202,Bramblewick Trail Bars Berry 6ct,Bars,ThriftLane,472.3,3.79,3.79,1789.83,3.79,0,0.0,0,0,0,1,0,1,131,0.888,0,776.8,1.23,-1.4,-2.1,1.34,1.21,1.12,472.3,0.0
2025-12-13,117,BW-202,Bramblewick Trail Bars Berry 6ct,Bars,ThriftLane,632.7,3.79,3.79,2397.86,3.79,0,0.0,0,0,0,1,0,0,133,0.902,0,818.7,1.23,-1.4,-2.1,1.34,1.21,1.12,632.7,0.0
2025-12-20,118,BW-202,Bramblewick Trail Bars Berry 6ct,Bars,ThriftLane,700.7,3.79,3.79,2655.8,3.79,0,0.0,0,0,0,1,1,0,134,0.909,0,867.5,1.23,-1.4,-2.1,1.34,1.21,1.12,700.7,0.0
2025-12-27,119,BW-202,Bramblewick Trail Bars Berry 6ct,Bars,ThriftLane,1067.5,3.79,3.41,3714.92,3.48,1,0.1,0,0,0,0,0,0,133,0.902,0,838.0,1.23,-1.4,-2.1,1.34,1.21,1.12,709.8,357.8
2026-01-03,120,BW-202,Bramblewick Trail Bars Berry 6ct,Bars,ThriftLane,1019.1,3.79,3.79,3862.34,3.79,0,0.0,0,0,0,0,0,1,132,0.895,0,907.2,1.23,-1.4,-2.1,1.34,1.21,1.12,1019.1,0.0
2026-01-10,121,BW-202,Bramblewick Trail Bars Berry 6ct,Bars,ThriftLane,1062.4,3.79,3.79,4026.54,3.79,0,0.0,0,0,0,1,0,0,133,0.902,0,927.0,1.23,-1.4,-2.1,1.34,1.21,1.12,1062.4,0.0
2026-01-17,122,BW-202,Bramblewick Trail Bars Berry 6ct,Bars,ThriftLane,816.2,3.79,3.79,3093.27,3.79,0,0.0,0,0,0,1,1,0,133,0.902,0,835.1,1.23,-1.4,-2.1,1.34,1.21,1.12,816.2,0.0
2026-01-24,123,BW-202,Bramblewick Trail Bars Berry 6ct,Bars,ThriftLane,1663.2,3.79,3.03,5238.93,3.15,1,0.2,0,1,0,0,0,0,132,0.895,0,842.6,1.23,-1.4,-2.1,1.34,1.21,1.12,732.0,931.2
2026-01-31,124,BW-202,Bramblewick Trail Bars Berry 6ct,Bars,ThriftLane,713.0,3.79,3.79,2702.32,3.79,0,0.0,0,0,0,0,0,1,134,0.909,0,869.9,1.23,-1.4,-2.1,1.34,1.21,1.12,713.0,0.0
2026-02-07,125,BW-202,Bramblewick Trail Bars Berry 6ct,Bars,ThriftLane,826.5,3.79,3.79,3132.41,3.79,0,0.0,0,0,0,0,1,0,134,0.909,0,884.5,1.23,-1.4,-2.1,1.34,1.21,1.12,826.5,0.0
2026-02-14,126,BW-202,Bramblewick Trail Bars Berry 6ct,Bars,ThriftLane,1021.8,3.79,3.41,3576.3,3.5,1,0.1,0,0,0,1,0,0,132,0.895,0,885.6,1.23,-1.4,-2.1,1.34,1.21,1.12,764.6,257.2
2026-02-21,127,BW-202,Bramblewick Trail Bars Berry 6ct,Bars,ThriftLane,731.7,3.79,3.79,2773.0,3.79,0,0.0,0,0,0,1,0,1,134,0.909,0,913.1,1.23,-1.4,-2.1,1.34,1.21,1.12,731.7,0.0
2026-02-28,128,BW-202,Bramblewick Trail Bars Berry 6ct,Bars,ThriftLane,800.5,3.79,3.79,3034.06,3.79,0,0.0,0,0,0,1,1,0,134,0.909,0,926.6,1.23,-1.4,-2.1,1.34,1.21,1.12,800.5,0.0
2026-03-07,129,BW-202,Bramblewick Trail Bars Berry 6ct,Bars,ThriftLane,1381.9,3.79,3.41,4725.99,3.42,1,0.1,0,0,0,0,0,0,133,0.902,0,932.7,1.23,-1.4,-2.1,1.34,1.21,1.12,808.4,573.6
2026-03-14,130,BW-202,Bramblewick Trail Bars Berry 6ct,Bars,ThriftLane,814.4,3.79,3.79,3086.47,3.79,0,0.0,0,0,0,0,0,1,137,0.929,0,973.7,1.23,-1.4,-2.1,1.34,1.21,1.12,814.4,0.0
2026-03-21,131,BW-202,Bramblewick Trail Bars Berry 6ct,Bars,ThriftLane,793.7,3.79,3.79,3008.22,3.79,0,0.0,0,0,0,1,0,0,136,0.922,0,979.4,1.23,-1.4,-2.1,1.34,1.21,1.12,793.7,0.0
2026-03-28,132,BW-202,Bramblewick Trail Bars Berry 6ct,Bars,ThriftLane,1031.9,3.79,3.79,3910.97,3.79,0,0.0,0,0,0,1,0,0,137,0.929,0,999.6,1.23,-1.4,-2.1,1.34,1.21,1.12,1031.9,0.0
2026-04-04,133,BW-202,Bramblewick Trail Bars Berry 6ct,Bars,ThriftLane,1057.7,3.79,3.79,4008.62,3.79,0,0.0,0,0,0,0,0,0,135,0.915,0,998.3,1.23,-1.4,-2.1,1.34,1.21,1.12,1057.7,0.0
2026-04-11,134,BW-202,Bramblewick Trail Bars Berry 6ct,Bars,ThriftLane,1050.8,3.99,3.99,4192.77,3.99,0,0.0,0,0,0,0,0,0,136,0.922,0,949.2,1.23,-1.4,-2.1,1.34,1.21,1.12,1050.8,0.0
2026-04-18,135,BW-202,Bramblewick Trail Bars Berry 6ct,Bars,ThriftLane,877.8,3.99,3.99,3502.5,3.99,0,0.0,0,0,0,1,0,0,137,0.929,0,970.8,1.23,-1.4,-2.1,1.34,1.21,1.12,877.8,0.0
2026-04-25,136,BW-202,Bramblewick Trail Bars Berry 6ct,Bars,ThriftLane,774.9,3.99,3.99,3091.81,3.99,0,0.0,0,0,0,1,0,0,137,0.929,0,986.9,1.23,-1.4,-2.1,1.34,1.21,1.12,774.9,0.0
2026-05-02,137,BW-202,Bramblewick Trail Bars Berry 6ct,Bars,ThriftLane,1020.4,3.99,3.99,4071.58,3.99,0,0.0,0,0,0,1,0,0,137,0.929,0,1004.5,1.23,-1.4,-2.1,1.34,1.21,1.12,1020.4,0.0
2026-05-09,138,BW-202,Bramblewick Trail Bars Berry 6ct,Bars,ThriftLane,963.9,3.99,3.99,3845.82,3.99,0,0.0,0,0,0,0,0,0,135,0.915,0,1009.0,1.23,-1.4,-2.1,1.34,1.21,1.12,963.9,0.0
2026-05-16,139,BW-202,Bramblewick Trail Bars Berry 6ct,Bars,ThriftLane,1094.6,3.99,3.99,4367.3,3.99,0,0.0,0,0,0,0,0,0,136,0.922,0,1037.3,1.23,-1.4,-2.1,1.34,1.21,1.12,1094.6,0.0
2026-05-23,140,BW-202,Bramblewick Trail Bars Berry 6ct,Bars,ThriftLane,1096.2,3.99,3.99,4373.96,3.99,0,0.0,0,0,0,1,1,0,136,0.922,0,1218.9,1.23,-1.4,-2.1,1.34,1.21,1.12,1096.2,0.0
2026-05-30,141,BW-202,Bramblewick Trail Bars Berry 6ct,Bars,ThriftLane,4200.5,3.99,2.99,12811.44,3.05,1,0.25,1,1,0,1,0,0,135,0.915,0,1326.3,1.23,-1.4,-2.1,1.34,1.21,1.12,1035.6,3164.9
2026-06-06,142,BW-202,Bramblewick Trail Bars Berry 6ct,Bars,ThriftLane,2781.4,3.99,2.99,8511.07,3.06,1,0.25,1,1,0,1,0,0,135,0.915,0,1098.7,1.23,-1.4,-2.1,1.34,1.21,1.12,1035.6,1745.8
2026-06-13,143,BW-202,Bramblewick Trail Bars Berry 6ct,Bars,ThriftLane,1133.8,3.99,3.99,4523.72,3.99,0,0.0,0,0,0,0,0,1,139,0.943,0,1155.5,1.23,-1.4,-2.1,1.34,1.21,1.12,1133.8,0.0
2026-06-20,144,BW-202,Bramblewick Trail Bars Berry 6ct,Bars,ThriftLane,988.6,3.99,3.99,3944.4,3.99,0,0.0,0,0,0,0,1,0,140,0.949,0,1187.1,1.23,-1.4,-2.1,1.34,1.21,1.12,988.6,0.0
2026-06-27,145,BW-202,Bramblewick Trail Bars Berry 6ct,Bars,ThriftLane,2262.0,3.99,3.39,7849.21,3.47,1,0.15,0,0,0,0,0,0,140,0.949,0,1535.9,1.23,-1.4,-2.1,1.34,1.21,1.12,1004.5,1257.5
2026-07-04,146,BW-202,Bramblewick Trail Bars Berry 6ct,Bars,ThriftLane,1406.2,3.99,3.99,5610.64,3.99,0,0.0,0,0,0,1,0,1,141,0.956,0,1796.8,1.23,-1.4,-2.1,1.34,1.21,1.12,1406.2,0.0
2026-07-11,147,BW-202,Bramblewick Trail Bars Berry 6ct,Bars,ThriftLane,1287.0,3.99,3.99,5135.21,3.99,0,0.0,0,0,0,1,0,0,140,0.949,0,1239.9,1.23,-1.4,-2.1,1.34,1.21,1.12,1287.0,0.0
2026-07-18,148,BW-202,Bramblewick Trail Bars Berry 6ct,Bars,ThriftLane,1160.5,3.99,3.99,4630.23,3.99,0,0.0,0,0,0,0,0,0,139,0.943,0,1239.5,1.23,-1.4,-2.1,1.34,1.21,1.12,1160.5,0.0
2026-07-25,149,BW-202,Bramblewick Trail Bars Berry 6ct,Bars,ThriftLane,1237.9,3.99,3.99,4939.28,3.99,0,0.0,0,0,0,0,0,0,141,0.956,0,1260.0,1.23,-1.4,-2.1,1.34,1.21,1.12,1237.9,0.0
2026-08-01,150,BW-202,Bramblewick Trail Bars Berry 6ct,Bars,ThriftLane,1231.9,3.99,3.99,4915.29,3.99,0,0.0,0,0,0,0,0,0,141,0.956,0,1256.3,1.23,-1.4,-2.1,1.34,1.21,1.12,1231.9,0.0
2026-08-08,151,BW-202,Bramblewick Trail Bars Berry 6ct,Bars,ThriftLane,873.0,3.99,3.99,3483.3,3.99,0,0.0,0,0,0,1,0,0,139,0.943,0,1228.2,1.23,-1.4,-2.1,1.34,1.21,1.12,873.0,0.0
2026-08-15,152,BW-202,Bramblewick Trail Bars Berry 6ct,Bars,ThriftLane,1036.3,3.99,3.99,4134.74,3.99,0,0.0,0,0,0,1,0,0,139,0.943,0,1211.7,1.23,-1.4,-2.1,1.34,1.21,1.12,1036.3,0.0
2026-08-22,153,BW-202,Bramblewick Trail Bars Berry 6ct,Bars,ThriftLane,1213.4,3.99,3.99,4841.3,3.99,0,0.0,0,0,0,1,0,0,139,0.943,0,1390.1,1.23,-1.4,-2.1,1.34,1.21,1.12,1213.4,0.0
2026-08-29,154,BW-202,Bramblewick Trail Bars Berry 6ct,Bars,ThriftLane,1242.3,3.99,3.99,4956.9,3.99,0,0.0,0,0,0,0,0,0,139,0.943,0,1358.1,1.23,-1.4,-2.1,1.34,1.21,1.12,1242.3,0.0
2026-09-05,155,BW-202,Bramblewick Trail Bars Berry 6ct,Bars,ThriftLane,1106.8,3.99,3.99,4416.0,3.99,0,0.0,0,0,0,0,0,0,139,0.943,0,1130.6,1.23,-1.4,-2.1,1.34,1.21,1.12,1106.8,0.0
2023-09-16,0,BW-203,Bramblewick Trail Bars Dark Choc 12ct,Bars,Fernhollow Market,204.8,7.99,7.99,1636.48,7.99,0,0.0,0,0,0,0,0,0,64,0.537,0,177.5,2.04,-1.0,-1.6,1.28,1.16,1.1,204.8,0.0
2023-09-23,1,BW-203,Bramblewick Trail Bars Dark Choc 12ct,Bars,Fernhollow Market,141.2,7.99,7.99,1128.2,7.99,0,0.0,0,0,0,0,0,0,64,0.537,0,146.8,2.04,-1.0,-1.6,1.28,1.16,1.1,141.2,0.0
2023-09-30,2,BW-203,Bramblewick Trail Bars Dark Choc 12ct,Bars,Fernhollow Market,122.3,7.99,7.99,977.57,7.99,0,0.0,0,0,0,0,0,0,62,0.52,0,137.3,2.04,-1.0,-1.6,1.28,1.16,1.1,122.3,0.0
2023-10-07,3,BW-203,Bramblewick Trail Bars Dark Choc 12ct,Bars,Fernhollow Market,147.6,7.99,7.99,1179.22,7.99,0,0.0,0,0,0,0,0,0,63,0.529,0,134.7,2.04,-1.0,-1.6,1.28,1.16,1.1,147.6,0.0
2023-10-14,4,BW-203,Bramblewick Trail Bars Dark Choc 12ct,Bars,Fernhollow Market,144.3,7.99,7.99,1153.16,7.99,0,0.0,0,0,0,0,0,0,64,0.537,0,132.1,2.04,-1.0,-1.6,1.28,1.16,1.1,144.3,0.0
2023-10-21,5,BW-203,Bramblewick Trail Bars Dark Choc 12ct,Bars,Fernhollow Market,108.1,7.99,7.99,864.01,7.99,0,0.0,0,0,0,1,0,0,63,0.529,0,125.8,2.04,-1.0,-1.6,1.28,1.16,1.1,108.1,0.0
2023-10-28,6,BW-203,Bramblewick Trail Bars Dark Choc 12ct,Bars,Fernhollow Market,99.8,7.99,7.99,797.46,7.99,0,0.0,0,0,0,1,0,0,64,0.537,0,124.0,2.04,-1.0,-1.6,1.28,1.16,1.1,99.8,0.0
2023-11-04,7,BW-203,Bramblewick Trail Bars Dark Choc 12ct,Bars,Fernhollow Market,139.9,7.99,7.99,1117.93,7.99,0,0.0,0,0,0,0,0,0,62,0.52,0,116.9,2.04,-1.0,-1.6,1.28,1.16,1.1,139.9,0.0
2023-11-11,8,BW-203,Bramblewick Trail Bars Dark Choc 12ct,Bars,Fernhollow Market,141.3,7.99,7.99,1128.66,7.99,0,0.0,0,0,0,0,0,0,63,0.529,0,116.1,2.04,-1.0,-1.6,1.28,1.16,1.1,141.3,0.0
2023-11-18,9,BW-203,Bramblewick Trail Bars Dark Choc 12ct,Bars,Fernhollow Market,142.0,7.99,7.99,1134.83,7.99,0,0.0,0,0,0,0,0,0,64,0.537,0,122.4,2.04,-1.0,-1.6,1.28,1.16,1.1,142.0,0.0
2023-11-25,10,BW-203,Bramblewick Trail Bars Dark Choc 12ct,Bars,Fernhollow Market,134.2,7.99,7.99,1072.56,7.99,0,0.0,0,0,0,0,0,0,63,0.529,0,121.8,2.04,-1.0,-1.6,1.28,1.16,1.1,134.2,0.0
2023-12-02,11,BW-203,Bramblewick Trail Bars Dark Choc 12ct,Bars,Fernhollow Market,108.9,7.99,7.99,870.3,7.99,0,0.0,0,0,0,0,0,0,64,0.537,0,113.2,2.04,-1.0,-1.6,1.28,1.16,1.1,108.9,0.0
2023-12-09,12,BW-203,Bramblewick Trail Bars Dark Choc 12ct,Bars,Fernhollow Market,113.5,7.99,7.99,906.84,7.99,0,0.0,0,0,0,0,0,0,62,0.52,0,109.2,2.04,-1.0,-1.6,1.28,1.16,1.1,113.5,0.0
2023-12-16,13,BW-203,Bramblewick Trail Bars Dark Choc 12ct,Bars,Fernhollow Market,109.1,7.99,7.99,871.99,7.99,0,0.0,0,0,0,0,0,0,67,0.562,0,122.4,2.04,-1.0,-1.6,1.28,1.16,1.1,109.1,0.0
2023-12-23,14,BW-203,Bramblewick Trail Bars Dark Choc 12ct,Bars,Fernhollow Market,156.4,7.99,7.99,1249.94,7.99,0,0.0,0,0,0,0,0,0,68,0.57,0,130.6,2.04,-1.0,-1.6,1.28,1.16,1.1,156.4,0.0
2023-12-30,15,BW-203,Bramblewick Trail Bars Dark Choc 12ct,Bars,Fernhollow Market,105.6,7.99,7.99,843.35,7.99,0,0.0,0,0,0,0,1,0,66,0.554,0,123.2,2.04,-1.0,-1.6,1.28,1.16,1.1,105.6,0.0
2024-01-06,16,BW-203,Bramblewick Trail Bars Dark Choc 12ct,Bars,Fernhollow Market,207.3,7.99,6.39,1351.77,6.52,1,0.2,0,1,0,0,0,0,68,0.57,0,138.4,2.04,-1.0,-1.6,1.28,1.16,1.1,123.8,83.5
2024-01-13,17,BW-203,Bramblewick Trail Bars Dark Choc 12ct,Bars,Fernhollow Market,221.7,7.99,6.39,1450.02,6.54,1,0.2,0,1,0,0,0,0,67,0.562,0,138.2,2.04,-1.0,-1.6,1.28,1.16,1.1,123.8,97.8
2024-01-20,18,BW-203,Bramblewick Trail Bars Dark Choc 12ct,Bars,Fernhollow Market,115.9,7.99,7.99,925.67,7.99,0,0.0,0,0,0,0,0,1,68,0.57,0,126.2,2.04,-1.0,-1.6,1.28,1.16,1.1,115.9,0.0
2024-01-27,19,BW-203,Bramblewick Trail Bars Dark Choc 12ct,Bars,Fernhollow Market,151.8,7.99,7.99,1212.76,7.99,0,0.0,0,0,0,0,0,0,68,0.57,0,128.2,2.04,-1.0,-1.6,1.28,1.16,1.1,151.8,0.0
2024-02-03,20,BW-203,Bramblewick Trail Bars Dark Choc 12ct,Bars,Fernhollow Market,141.5,7.99,7.99,1130.95,7.99,0,0.0,0,0,0,0,0,0,67,0.562,0,128.4,2.04,-1.0,-1.6,1.28,1.16,1.1,141.5,0.0
2024-02-10,21,BW-203,Bramblewick Trail Bars Dark Choc 12ct,Bars,Fernhollow Market,107.4,7.99,7.99,857.9,7.99,0,0.0,0,0,0,1,0,0,68,0.57,0,132.4,2.04,-1.0,-1.6,1.28,1.16,1.1,107.4,0.0
2024-02-17,22,BW-203,Bramblewick Trail Bars Dark Choc 12ct,Bars,Fernhollow Market,116.2,8.49,8.49,986.21,8.49,0,0.0,0,0,0,1,0,0,68,0.57,0,126.5,2.04,-1.0,-1.6,1.28,1.16,1.1,116.2,0.0
2024-02-24,23,BW-203,Bramblewick Trail Bars Dark Choc 12ct,Bars,Fernhollow Market,129.5,8.49,8.49,1099.14,8.49,0,0.0,0,0,0,0,0,0,66,0.554,0,124.6,2.04,-1.0,-1.6,1.28,1.16,1.1,129.5,0.0
2024-03-02,24,BW-203,Bramblewick Trail Bars Dark Choc 12ct,Bars,Fernhollow Market,150.3,8.49,8.49,1275.9,8.49,0,0.0,0,0,0,0,0,0,66,0.554,0,126.4,2.04,-1.0,-1.6,1.28,1.16,1.1,150.3,0.0
2024-03-09,25,BW-203,Bramblewick Trail Bars Dark Choc 12ct,Bars,Fernhollow Market,109.1,8.49,8.49,925.88,8.49,0,0.0,0,0,0,0,0,0,67,0.562,0,130.0,2.04,-1.0,-1.6,1.28,1.16,1.1,109.1,0.0
2024-03-16,26,BW-203,Bramblewick Trail Bars Dark Choc 12ct,Bars,Fernhollow Market,130.0,8.49,8.49,1103.98,8.49,0,0.0,0,0,0,0,0,0,70,0.587,0,137.5,2.04,-1.0,-1.6,1.28,1.16,1.1,130.0,0.0
2024-03-23,27,BW-203,Bramblewick Trail Bars Dark Choc 12ct,Bars,Fernhollow Market,113.0,8.49,8.49,959.2,8.49,0,0.0,0,0,0,1,0,0,72,0.604,0,143.2,2.04,-1.0,-1.6,1.28,1.16,1.1,113.0,0.0
2024-03-30,28,BW-203,Bramblewick Trail Bars Dark Choc 12ct,Bars,Fernhollow Market,129.3,8.49,8.49,1098.05,8.49,0,0.0,0,0,0,1,0,0,71,0.596,0,143.0,2.04,-1.0,-1.6,1.28,1.16,1.1,129.3,0.0
2024-04-06,29,BW-203,Bramblewick Trail Bars Dark Choc 12ct,Bars,Fernhollow Market,161.2,8.49,8.49,1368.24,8.49,0,0.0,0,0,0,0,0,0,71,0.596,0,144.8,2.04,-1.0,-1.6,1.28,1.16,1.1,161.2,0.0
2024-04-13,30,BW-203,Bramblewick Trail Bars Dark Choc 12ct,Bars,Fernhollow Market,144.5,8.49,8.49,1226.6,8.49,0,0.0,0,0,0,0,0,0,71,0.596,0,146.8,2.04,-1.0,-1.6,1.28,1.16,1.1,144.5,0.0
2024-04-20,31,BW-203,Bramblewick Trail Bars Dark Choc 12ct,Bars,Fernhollow Market,193.9,8.49,8.49,1646.12,8.49,0,0.0,0,0,0,0,0,0,72,0.604,0,151.0,2.04,-1.0,-1.6,1.28,1.16,1.1,193.9,0.0
2024-04-27,32,BW-203,Bramblewick Trail Bars Dark Choc 12ct,Bars,Fernhollow Market,136.8,8.49,8.49,1161.25,8.49,0,0.0,0,0,0,0,0,0,71,0.596,0,151.2,2.04,-1.0,-1.6,1.28,1.16,1.1,136.8,0.0
2024-05-04,33,BW-203,Bramblewick Trail Bars Dark Choc 12ct,Bars,Fernhollow Market,155.1,8.49,8.49,1316.94,8.49,0,0.0,0,0,0,0,0,0,70,0.587,0,151.6,2.04,-1.0,-1.6,1.28,1.16,1.1,155.1,0.0
2024-05-11,34,BW-203,Bramblewick Trail Bars Dark Choc 12ct,Bars,Fernhollow Market,144.2,8.49,8.49,1224.56,8.49,0,0.0,0,0,0,0,0,0,70,0.587,0,154.4,2.04,-1.0,-1.6,1.28,1.16,1.1,144.2,0.0
2024-05-18,35,BW-203,Bramblewick Trail Bars Dark Choc 12ct,Bars,Fernhollow Market,155.8,8.49,8.49,1323.09,8.49,0,0.0,0,0,0,0,0,0,70,0.587,0,181.2,2.04,-1.0,-1.6,1.28,1.16,1.1,155.8,0.0
2024-05-25,36,BW-203,Bramblewick Trail Bars Dark Choc 12ct,Bars,Fernhollow Market,190.1,8.49,8.49,1613.53,8.49,0,0.0,0,0,0,0,0,0,70,0.587,0,198.3,2.04,-1.0,-1.6,1.28,1.16,1.1,190.1,0.0
2024-06-01,37,BW-203,Bramblewick Trail Bars Dark Choc 12ct,Bars,Fernhollow Market,170.8,8.49,8.49,1450.02,8.49,0,0.0,0,0,0,0,0,0,72,0.604,0,168.9,2.04,-1.0,-1.6,1.28,1.16,1.1,170.8,0.0
2024-06-08,38,BW-203,Bramblewick Trail Bars Dark Choc 12ct,Bars,Fernhollow Market,158.3,8.49,8.49,1344.11,8.49,0,0.0,0,0,0,0,0,0,71,0.596,0,170.1,2.04,-1.0,-1.6,1.28,1.16,1.1,158.3,0.0
2024-06-15,39,BW-203,Bramblewick Trail Bars Dark Choc 12ct,Bars,Fernhollow Market,171.0,8.49,8.49,1451.91,8.49,0,0.0,0,0,0,0,0,0,75,0.629,0,183.3,2.04,-1.0,-1.6,1.28,1.16,1.1,171.0,0.0
2024-06-22,40,BW-203,Bramblewick Trail Bars Dark Choc 12ct,Bars,Fernhollow Market,186.6,8.49,8.49,1584.53,8.49,0,0.0,0,0,0,0,0,0,75,0.629,0,186.8,2.04,-1.0,-1.6,1.28,1.16,1.1,186.6,0.0
2024-06-29,41,BW-203,Bramblewick Trail Bars Dark Choc 12ct,Bars,Fernhollow Market,195.4,8.49,8.49,1658.53,8.49,0,0.0,0,0,0,1,0,0,74,0.621,0,238.3,2.04,-1.0,-1.6,1.28,1.16,1.1,195.4,0.0
2024-07-06,42,BW-203,Bramblewick Trail Bars Dark Choc 12ct,Bars,Fernhollow Market,278.9,8.49,8.49,2367.95,8.49,0,0.0,0,0,0,1,0,0,76,0.638,0,284.1,2.04,-1.0,-1.6,1.28,1.16,1.1,278.9,0.0
2024-07-13,43,BW-203,Bramblewick Trail Bars Dark Choc 12ct,Bars,Fernhollow Market,186.8,8.49,8.49,1586.05,8.49,0,0.0,0,0,0,1,0,0,76,0.638,0,197.3,2.04,-1.0,-1.6,1.28,1.16,1.1,186.8,0.0
2024-07-20,44,BW-203,Bramblewick Trail Bars Dark Choc 12ct,Bars,Fernhollow Market,201.0,8.49,8.49,1706.21,8.49,0,0.0,0,0,0,0,0,0,76,0.638,0,198.5,2.04,-1.0,-1.6,1.28,1.16,1.1,201.0,0.0
2024-07-27,45,BW-203,Bramblewick Trail Bars Dark Choc 12ct,Bars,Fernhollow Market,221.2,8.49,8.49,1877.75,8.49,0,0.0,0,0,0,0,0,0,75,0.629,0,196.1,2.04,-1.0,-1.6,1.28,1.16,1.1,221.2,0.0
2024-08-03,46,BW-203,Bramblewick Trail Bars Dark Choc 12ct,Bars,Fernhollow Market,134.8,8.49,8.49,1144.59,8.49,0,0.0,0,0,0,1,0,0,75,0.629,0,195.4,2.04,-1.0,-1.6,1.28,1.16,1.1,134.8,0.0
2024-08-10,47,BW-203,Bramblewick Trail Bars Dark Choc 12ct,Bars,Fernhollow Market,151.8,8.49,8.49,1289.08,8.49,0,0.0,0,0,0,1,0,0,74,0.621,0,191.1,2.04,-1.0,-1.6,1.28,1.16,1.1,151.8,0.0
2024-08-17,48,BW-203,Bramblewick Trail Bars Dark Choc 12ct,Bars,Fernhollow Market,221.4,8.49,8.49,1879.39,8.49,0,0.0,0,0,0,0,0,0,75,0.629,0,190.9,2.04,-1.0,-1.6,1.28,1.16,1.1,221.4,0.0
2024-08-24,49,BW-203,Bramblewick Trail Bars Dark Choc 12ct,Bars,Fernhollow Market,193.7,8.49,8.49,1644.21,8.49,0,0.0,0,0,0,0,1,0,76,0.638,0,221.7,2.04,-1.0,-1.6,1.28,1.16,1.1,193.7,0.0
2024-08-31,50,BW-203,Bramblewick Trail Bars Dark Choc 12ct,Bars,Fernhollow Market,516.2,8.49,6.79,3654.36,7.08,1,0.2,1,1,0,0,0,0,74,0.621,0,210.7,2.04,-1.0,-1.6,1.28,1.16,1.1,197.4,318.8
2024-09-07,51,BW-203,Bramblewick Trail Bars Dark Choc 12ct,Bars,Fernhollow Market,399.0,8.49,6.79,2788.83,6.99,1,0.2,1,1,0,0,0,0,74,0.621,0,175.3,2.04,-1.0,-1.6,1.28,1.16,1.1,197.4,201.6
2024-09-14,52,BW-203,Bramblewick Trail Bars Dark Choc 12ct,Bars,Fernhollow Market,171.8,8.49,8.49,1458.83,8.49,0,0.0,0,0,0,0,0,1,79,0.663,0,181.4,2.04,-1.0,-1.6,1.28,1.16,1.1,171.8,0.0
2024-09-21,53,BW-203,Bramblewick Trail Bars Dark Choc 12ct,Bars,Fernhollow Market,177.0,8.49,8.49,1502.51,8.49,0,0.0,0,0,0,0,0,0,81,0.68,0,179.8,2.04,-1.0,-1.6,1.28,1.16,1.1,177.0,0.0
2024-09-28,54,BW-203,Bramblewick Trail Bars Dark Choc 12ct,Bars,Fernhollow Market,133.0,8.49,8.49,1128.77,8.49,0,0.0,0,0,0,1,0,0,80,0.671,0,171.4,2.04,-1.0,-1.6,1.28,1.16,1.1,133.0,0.0
2024-10-05,55,BW-203,Bramblewick Trail Bars Dark Choc 12ct,Bars,Fernhollow Market,142.3,8.49,8.49,1207.95,8.49,0,0.0,0,0,0,0,0,0,81,0.68,0,167.5,2.04,-1.0,-1.6,1.28,1.16,1.1,142.3,0.0
2024-10-12,56,BW-203,Bramblewick Trail Bars Dark Choc 12ct,Bars,Fernhollow Market,132.4,8.49,8.49,1124.13,8.49,0,0.0,0,0,0,0,0,0,80,0.671,0,159.8,2.04,-1.0,-1.6,1.28,1.16,1.1,132.4,0.0
2024-10-19,57,BW-203,Bramblewick Trail Bars Dark Choc 12ct,Bars,Fernhollow Market,163.0,8.49,8.49,1383.91,8.49,0,0.0,0,0,0,0,0,0,80,0.671,0,154.6,2.04,-1.0,-1.6,1.28,1.16,1.1,163.0,0.0
2024-10-26,58,BW-203,Bramblewick Trail Bars Dark Choc 12ct,Bars,Fernhollow Market,151.9,8.49,8.49,1289.27,8.49,0,0.0,0,0,0,0,0,0,81,0.68,0,151.8,2.04,-1.0,-1.6,1.28,1.16,1.1,151.9,0.0
2024-11-02,59,BW-203,Bramblewick Trail Bars Dark Choc 12ct,Bars,Fernhollow Market,153.6,8.49,8.49,1304.38,8.49,0,0.0,0,0,0,0,0,0,81,0.68,0,147.7,2.04,-1.0,-1.6,1.28,1.16,1.1,153.6,0.0
2024-11-09,60,BW-203,Bramblewick Trail Bars Dark Choc 12ct,Bars,Fernhollow Market,127.7,8.49,8.49,1084.4,8.49,0,0.0,0,0,0,0,0,0,81,0.68,0,144.4,2.04,-1.0,-1.6,1.28,1.16,1.1,127.7,0.0
2024-11-16,61,BW-203,Bramblewick Trail Bars Dark Choc 12ct,Bars,Fernhollow Market,139.4,8.49,8.49,1183.88,8.49,0,0.0,0,0,0,0,0,0,79,0.663,0,138.2,2.04,-1.0,-1.6,1.28,1.16,1.1,139.4,0.0
2024-11-23,62,BW-203,Bramblewick Trail Bars Dark Choc 12ct,Bars,Fernhollow Market,167.6,8.49,8.49,1423.05,8.49,0,0.0,0,0,0,0,0,0,81,0.68,0,147.8,2.04,-1.0,-1.6,1.28,1.16,1.1,167.6,0.0
2024-11-30,63,BW-203,Bramblewick Trail Bars Dark Choc 12ct,Bars,Fernhollow Market,138.4,8.49,8.49,1174.97,8.49,0,0.0,0,0,0,0,0,0,81,0.68,0,150.1,2.04,-1.0,-1.6,1.28,1.16,1.1,138.4,0.0
2024-12-07,64,BW-203,Bramblewick Trail Bars Dark Choc 12ct,Bars,Fernhollow Market,125.8,8.49,8.49,1068.05,8.49,0,0.0,0,0,0,0,1,0,81,0.68,0,138.0,2.04,-1.0,-1.6,1.28,1.16,1.1,125.8,0.0
2024-12-14,65,BW-203,Bramblewick Trail Bars Dark Choc 12ct,Bars,Fernhollow Market,181.2,8.49,7.22,1331.69,7.35,1,0.15,0,0,0,0,0,0,83,0.696,0,146.7,2.04,-1.0,-1.6,1.28,1.16,1.1,145.6,35.5
2024-12-21,66,BW-203,Bramblewick Trail Bars Dark Choc 12ct,Bars,Fernhollow Market,163.3,8.49,8.49,1386.19,8.49,0,0.0,0,0,0,1,0,1,85,0.713,0,157.9,2.04,-1.0,-1.6,1.28,1.16,1.1,163.3,0.0
2024-12-28,67,BW-203,Bramblewick Trail Bars Dark Choc 12ct,Bars,Fernhollow Market,153.8,8.49,8.49,1306.19,8.49,0,0.0,0,0,0,1,0,0,85,0.713,0,153.5,2.04,-1.0,-1.6,1.28,1.16,1.1,153.8,0.0
2025-01-04,68,BW-203,Bramblewick Trail Bars Dark Choc 12ct,Bars,Fernhollow Market,176.4,8.49,8.49,1497.37,8.49,0,0.0,0,0,0,1,1,0,85,0.713,0,167.3,2.04,-1.0,-1.6,1.28,1.16,1.1,176.4,0.0
2025-01-11,69,BW-203,Bramblewick Trail Bars Dark Choc 12ct,Bars,Fernhollow Market,242.4,8.49,7.22,1796.07,7.41,1,0.15,0,0,0,0,0,0,83,0.696,0,165.6,2.04,-1.0,-1.6,1.28,1.16,1.1,146.6,95.8
2025-01-18,70,BW-203,Bramblewick Trail Bars Dark Choc 12ct,Bars,Fernhollow Market,135.4,8.49,8.49,1149.66,8.49,0,0.0,0,0,0,0,0,1,83,0.696,0,149.0,2.04,-1.0,-1.6,1.28,1.16,1.1,135.4,0.0
2025-01-25,71,BW-203,Bramblewick Trail Bars Dark Choc 12ct,Bars,Fernhollow Market,157.5,8.49,8.49,1336.91,8.49,0,0.0,0,0,0,0,0,0,83,0.696,0,151.4,2.04,-1.0,-1.6,1.28,1.16,1.1,157.5,0.0
2025-02-01,72,BW-203,Bramblewick Trail Bars Dark Choc 12ct,Bars,Fernhollow Market,104.2,8.49,8.49,884.38,8.49,0,0.0,0,0,0,1,0,0,83,0.696,0,153.8,2.04,-1.0,-1.6,1.28,1.16,1.1,104.2,0.0
2025-02-08,73,BW-203,Bramblewick Trail Bars Dark Choc 12ct,Bars,Fernhollow Market,135.7,8.49,8.49,1152.27,8.49,0,0.0,0,0,0,1,1,0,84,0.705,0,158.2,2.04,-1.0,-1.6,1.28,1.16,1.1,135.7,0.0
2025-02-15,74,BW-203,Bramblewick Trail Bars Dark Choc 12ct,Bars,Fernhollow Market,192.0,8.49,7.22,1395.49,7.27,1,0.15,0,0,0,0,0,0,83,0.696,0,158.7,2.04,-1.0,-1.6,1.28,1.16,1.1,144.8,47.2
2025-02-22,75,BW-203,Bramblewick Trail Bars Dark Choc 12ct,Bars,Fernhollow Market,210.9,8.49,7.22,1539.76,7.3,1,0.15,0,0,0,0,0,0,83,0.696,0,161.1,2.04,-1.0,-1.6,1.28,1.16,1.1,144.8,66.2
2025-03-01,76,BW-203,Bramblewick Trail Bars Dark Choc 12ct,Bars,Fernhollow Market,158.1,8.49,8.49,1342.04,8.49,0,0.0,0,0,0,0,0,1,85,0.713,0,167.3,2.04,-1.0,-1.6,1.28,1.16,1.1,158.1,0.0
2025-03-08,77,BW-203,Bramblewick Trail Bars Dark Choc 12ct,Bars,Fernhollow Market,133.3,8.49,8.49,1131.53,8.49,0,0.0,0,0,0,0,0,0,85,0.713,0,169.5,2.04,-1.0,-1.6,1.28,1.16,1.1,133.3,0.0
2025-03-15,78,BW-203,Bramblewick Trail Bars Dark Choc 12ct,Bars,Fernhollow Market,174.3,8.99,8.99,1567.21,8.99,0,0.0,0,0,0,0,0,0,88,0.738,0,167.8,2.04,-1.0,-1.6,1.28,1.16,1.1,174.3,0.0
2025-03-22,79,BW-203,Bramblewick Trail Bars Dark Choc 12ct,Bars,Fernhollow Market,163.5,8.99,8.99,1469.92,8.99,0,0.0,0,0,0,0,0,0,89,0.747,0,171.9,2.04,-1.0,-1.6,1.28,1.16,1.1,163.5,0.0
2025-03-29,80,BW-203,Bramblewick Trail Bars Dark Choc 12ct,Bars,Fernhollow Market,150.8,8.99,8.99,1355.79,8.99,0,0.0,0,0,0,0,0,0,89,0.747,0,174.0,2.04,-1.0,-1.6,1.28,1.16,1.1,150.8,0.0
2025-04-05,81,BW-203,Bramblewick Trail Bars Dark Choc 12ct,Bars,Fernhollow Market,164.4,8.99,8.99,1477.93,8.99,0,0.0,0,0,0,0,0,0,89,0.747,0,176.2,2.04,-1.0,-1.6,1.28,1.16,1.1,164.4,0.0
2025-04-12,82,BW-203,Bramblewick Trail Bars Dark Choc 12ct,Bars,Fernhollow Market,53.8,8.99,8.99,484.09,8.99,0,0.0,0,0,0,0,0,0,88,0.738,1,176.6,2.04,-1.0,-1.6,1.28,1.16,1.1,53.8,0.0
2025-04-19,83,BW-203,Bramblewick Trail Bars Dark Choc 12ct,Bars,Fernhollow Market,164.0,8.99,8.99,1473.92,8.99,0,0.0,0,0,0,0,0,0,87,0.73,0,177.1,2.04,-1.0,-1.6,1.28,1.16,1.1,164.0,0.0
2025-04-26,84,BW-203,Bramblewick Trail Bars Dark Choc 12ct,Bars,Fernhollow Market,201.4,8.99,8.99,1810.28,8.99,0,0.0,0,0,0,0,1,0,87,0.73,0,179.9,2.04,-1.0,-1.6,1.28,1.16,1.1,201.4,0.0
2025-05-03,85,BW-203,Bramblewick Trail Bars Dark Choc 12ct,Bars,Fernhollow Market,198.3,8.99,6.74,1358.32,6.85,1,0.25,0,1,1,1,0,0,88,0.738,0,185.1,2.04,-1.0,-1.6,1.28,1.16,1.1,163.8,34.6
2025-05-10,86,BW-203,Bramblewick Trail Bars Dark Choc 12ct,Bars,Fernhollow Market,184.7,8.99,6.74,1304.16,7.06,1,0.25,0,1,1,0,0,0,87,0.73,0,186.3,2.04,-1.0,-1.6,1.28,1.16,1.1,163.8,20.9
2025-05-17,87,BW-203,Bramblewick Trail Bars Dark Choc 12ct,Bars,Fernhollow Market,159.7,8.99,8.99,1435.93,8.99,0,0.0,0,0,0,0,0,1,88,0.738,0,192.2,2.04,-1.0,-1.6,1.28,1.16,1.1,159.7,0.0
2025-05-24,88,BW-203,Bramblewick Trail Bars Dark Choc 12ct,Bars,Fernhollow Market,203.3,8.99,8.99,1827.81,8.99,0,0.0,0,0,0,0,0,0,88,0.738,0,225.6,2.04,-1.0,-1.6,1.28,1.16,1.1,203.3,0.0
2025-05-31,89,BW-203,Bramblewick Trail Bars Dark Choc 12ct,Bars,Fernhollow Market,275.1,8.99,8.99,2473.17,8.99,0,0.0,0,0,0,0,0,0,87,0.73,0,244.3,2.04,-1.0,-1.6,1.28,1.16,1.1,275.1,0.0
2025-06-07,90,BW-203,Bramblewick Trail Bars Dark Choc 12ct,Bars,Fernhollow Market,176.4,8.99,8.99,1585.76,8.99,0,0.0,0,0,0,1,0,0,87,0.73,0,202.3,2.04,-1.0,-1.6,1.28,1.16,1.1,176.4,0.0
2025-06-14,91,BW-203,Bramblewick Trail Bars Dark Choc 12ct,Bars,Fernhollow Market,197.9,8.99,8.99,1778.73,8.99,0,0.0,0,0,0,1,0,0,93,0.78,0,220.7,2.04,-1.0,-1.6,1.28,1.16,1.1,197.9,0.0
2025-06-21,92,BW-203,Bramblewick Trail Bars Dark Choc 12ct,Bars,Fernhollow Market,227.3,8.99,8.99,2043.3,8.99,0,0.0,0,0,0,0,0,0,92,0.772,0,222.5,2.04,-1.0,-1.6,1.28,1.16,1.1,227.3,0.0
2025-06-28,93,BW-203,Bramblewick Trail Bars Dark Choc 12ct,Bars,Fernhollow Market,317.0,8.99,8.99,2849.51,8.99,0,0.0,0,0,0,0,0,0,93,0.78,0,290.8,2.04,-1.0,-1.6,1.28,1.16,1.1,317.0,0.0
2025-07-05,94,BW-203,Bramblewick Trail Bars Dark Choc 12ct,Bars,Fernhollow Market,313.2,8.99,8.99,2815.88,8.99,0,0.0,0,0,0,1,0,0,91,0.763,0,330.2,2.04,-1.0,-1.6,1.28,1.16,1.1,313.2,0.0
2025-07-12,95,BW-203,Bramblewick Trail Bars Dark Choc 12ct,Bars,Fernhollow Market,212.0,8.99,8.99,1905.6,8.99,0,0.0,0,0,0,0,1,0,92,0.772,0,231.8,2.04,-1.0,-1.6,1.28,1.16,1.1,212.0,0.0
2025-07-19,96,BW-203,Bramblewick Trail Bars Dark Choc 12ct,Bars,Fernhollow Market,309.3,8.99,7.64,2397.3,7.75,1,0.15,0,0,0,0,0,0,91,0.763,0,230.7,2.04,-1.0,-1.6,1.28,1.16,1.1,219.6,89.6
2025-07-26,97,BW-203,Bramblewick Trail Bars Dark Choc 12ct,Bars,Fernhollow Market,208.7,8.99,8.99,1876.41,8.99,0,0.0,0,0,0,0,0,1,91,0.763,0,231.0,2.04,-1.0,-1.6,1.28,1.16,1.1,208.7,0.0
2025-08-02,98,BW-203,Bramblewick Trail Bars Dark Choc 12ct,Bars,Fernhollow Market,242.2,8.99,8.99,2177.07,8.99,0,0.0,0,0,0,0,0,0,91,0.763,0,230.1,2.04,-1.0,-1.6,1.28,1.16,1.1,242.2,0.0
2025-08-09,99,BW-203,Bramblewick Trail Bars Dark Choc 12ct,Bars,Fernhollow Market,190.8,8.99,8.99,1715.24,8.99,0,0.0,0,0,0,0,0,0,91,0.763,0,228.1,2.04,-1.0,-1.6,1.28,1.16,1.1,190.8,0.0
2025-08-16,100,BW-203,Bramblewick Trail Bars Dark Choc 12ct,Bars,Fernhollow Market,208.8,8.99,8.99,1876.98,8.99,0,0.0,0,0,0,0,1,0,91,0.763,0,224.8,2.04,-1.0,-1.6,1.28,1.16,1.1,208.8,0.0
2025-08-23,101,BW-203,Bramblewick Trail Bars Dark Choc 12ct,Bars,Fernhollow Market,666.0,8.99,7.19,5041.94,7.57,1,0.2,1,1,0,0,0,0,93,0.78,0,263.4,2.04,-1.0,-1.6,1.28,1.16,1.1,219.6,446.4
2025-08-30,102,BW-203,Bramblewick Trail Bars Dark Choc 12ct,Bars,Fernhollow Market,180.9,8.99,8.99,1625.94,8.99,0,0.0,0,0,0,1,0,1,93,0.78,0,257.1,2.04,-1.0,-1.6,1.28,1.16,1.1,180.9,0.0
2025-09-06,103,BW-203,Bramblewick Trail Bars Dark Choc 12ct,Bars,Fernhollow Market,162.2,8.99,8.99,1458.24,8.99,0,0.0,0,0,0,1,1,0,91,0.763,0,209.3,2.04,-1.0,-1.6,1.28,1.16,1.1,162.2,0.0
2025-09-13,104,BW-203,Bramblewick Trail Bars Dark Choc 12ct,Bars,Fernhollow Market,260.5,8.99,8.09,2151.42,8.26,1,0.1,0,0,0,0,0,0,97,0.814,0,216.2,2.04,-1.0,-1.6,1.28,1.16,1.1,208.8,51.8
2025-09-20,105,BW-203,Bramblewick Trail Bars Dark Choc 12ct,Bars,Fernhollow Market,169.4,8.99,8.99,1522.65,8.99,0,0.0,0,0,0,0,0,1,98,0.822,0,211.1,2.04,-1.0,-1.6,1.28,1.16,1.1,169.4,0.0
2025-09-27,106,BW-203,Bramblewick Trail Bars Dark Choc 12ct,Bars,Fernhollow Market,203.2,8.99,8.99,1826.64,8.99,0,0.0,0,0,0,0,0,0,98,0.822,0,203.8,2.04,-1.0,-1.6,1.28,1.16,1.1,203.2,0.0
2025-10-04,107,BW-203,Bramblewick Trail Bars Dark Choc 12ct,Bars,Fernhollow Market,199.1,8.99,8.99,1790.18,8.99,0,0.0,0,0,0,0,0,0,97,0.814,0,194.7,2.04,-1.0,-1.6,1.28,1.16,1.1,199.1,0.0
2025-10-11,108,BW-203,Bramblewick Trail Bars Dark Choc 12ct,Bars,Fernhollow Market,176.4,8.99,8.99,1586.27,8.99,0,0.0,0,0,0,1,0,0,96,0.805,0,186.1,2.04,-1.0,-1.6,1.28,1.16,1.1,176.4,0.0
2025-10-18,109,BW-203,Bramblewick Trail Bars Dark Choc 12ct,Bars,Fernhollow Market,181.6,8.99,8.99,1632.4,8.99,0,0.0,0,0,0,0,0,0,96,0.805,0,180.0,2.04,-1.0,-1.6,1.28,1.16,1.1,181.6,0.0
2025-10-25,110,BW-203,Bramblewick Trail Bars Dark Choc 12ct,Bars,Fernhollow Market,178.4,8.99,8.99,1603.87,8.99,0,0.0,0,0,0,0,0,0,96,0.805,0,174.6,2.04,-1.0,-1.6,1.28,1.16,1.1,178.4,0.0
2025-11-01,111,BW-203,Bramblewick Trail Bars Dark Choc 12ct,Bars,Fernhollow Market,143.8,8.99,8.99,1292.54,8.99,0,0.0,0,0,0,1,0,0,98,0.822,0,173.5,2.04,-1.0,-1.6,1.28,1.16,1.1,143.8,0.0
2025-11-08,112,BW-203,Bramblewick Trail Bars Dark Choc 12ct,Bars,Fernhollow Market,148.6,8.99,8.99,1336.18,8.99,0,0.0,0,0,0,1,0,0,96,0.805,0,166.1,2.04,-1.0,-1.6,1.28,1.16,1.1,148.6,0.0
2025-11-15,113,BW-203,Bramblewick Trail Bars Dark Choc 12ct,Bars,Fernhollow Market,166.1,8.99,8.99,1493.19,8.99,0,0.0,0,0,0,0,0,0,96,0.805,0,163.0,2.04,-1.0,-1.6,1.28,1.16,1.1,166.1,0.0
2025-11-22,114,BW-203,Bramblewick Trail Bars Dark Choc 12ct,Bars,Fernhollow Market,177.4,8.99,8.99,1594.98,8.99,0,0.0,0,0,0,0,0,0,96,0.805,0,170.1,2.04,-1.0,-1.6,1.28,1.16,1.1,177.4,0.0
2025-11-29,115,BW-203,Bramblewick Trail Bars Dark Choc 12ct,Bars,Fernhollow Market,178.3,8.99,8.99,1602.87,8.99,0,0.0,0,0,0,0,1,0,96,0.805,0,172.7,2.04,-1.0,-1.6,1.28,1.16,1.1,178.3,0.0
2025-12-06,116,BW-203,Bramblewick Trail Bars Dark Choc 12ct,Bars,Fernhollow Market,458.6,8.99,6.29,2971.81,6.48,1,0.3,1,1,0,0,0,0,96,0.805,0,158.8,2.04,-1.0,-1.6,1.28,1.16,1.1,176.9,281.7
2025-12-13,117,BW-203,Bramblewick Trail Bars Dark Choc 12ct,Bars,Fernhollow Market,491.3,8.99,6.29,3257.37,6.63,1,0.3,1,1,0,1,0,0,100,0.839,0,171.6,2.04,-1.0,-1.6,1.28,1.16,1.1,176.9,314.4
2025-12-20,118,BW-203,Bramblewick Trail Bars Dark Choc 12ct,Bars,Fernhollow Market,465.1,9.49,6.64,3176.74,6.83,1,0.3,1,1,0,1,0,0,101,0.847,0,172.5,2.04,-1.0,-1.6,1.28,1.16,1.1,176.9,288.2
2025-12-27,119,BW-203,Bramblewick Trail Bars Dark Choc 12ct,Bars,Fernhollow Market,137.3,9.49,9.49,1302.62,9.49,0,0.0,0,0,0,1,0,1,101,0.847,0,167.8,2.04,-1.0,-1.6,1.28,1.16,1.1,137.3,0.0
2026-01-03,120,BW-203,Bramblewick Trail Bars Dark Choc 12ct,Bars,Fernhollow Market,143.2,9.49,9.49,1359.12,9.49,0,0.0,0,0,0,1,1,0,100,0.839,0,181.0,2.04,-1.0,-1.6,1.28,1.16,1.1,143.2,0.0
2026-01-10,121,BW-203,Bramblewick Trail Bars Dark Choc 12ct,Bars,Fernhollow Market,520.7,9.49,7.12,3910.29,7.51,1,0.25,1,1,1,0,0,0,101,0.847,0,185.3,2.04,-1.0,-1.6,1.28,1.16,1.1,157.4,363.4
2026-01-17,122,BW-203,Bramblewick Trail Bars Dark Choc 12ct,Bars,Fernhollow Market,503.5,9.49,7.12,3700.68,7.35,1,0.25,1,1,1,0,0,0,100,0.839,0,165.1,2.04,-1.0,-1.6,1.28,1.16,1.1,157.4,346.2
2026-01-24,123,BW-203,Bramblewick Trail Bars Dark Choc 12ct,Bars,Fernhollow Market,146.6,9.49,9.49,1391.12,9.49,0,0.0,0,0,0,0,0,1,100,0.839,0,167.7,2.04,-1.0,-1.6,1.28,1.16,1.1,146.6,0.0
2026-01-31,124,BW-203,Bramblewick Trail Bars Dark Choc 12ct,Bars,Fernhollow Market,183.2,9.49,9.49,1738.69,9.49,0,0.0,0,0,0,0,0,0,101,0.847,0,172.2,2.04,-1.0,-1.6,1.28,1.16,1.1,183.2,0.0
2026-02-07,125,BW-203,Bramblewick Trail Bars Dark Choc 12ct,Bars,Fernhollow Market,172.8,9.49,9.49,1639.82,9.49,0,0.0,0,0,0,0,0,0,102,0.856,0,176.6,2.04,-1.0,-1.6,1.28,1.16,1.1,172.8,0.0
2026-02-14,126,BW-203,Bramblewick Trail Bars Dark Choc 12ct,Bars,Fernhollow Market,171.0,9.49,9.49,1622.78,9.49,0,0.0,0,0,0,0,0,0,100,0.839,0,175.9,2.04,-1.0,-1.6,1.28,1.16,1.1,171.0,0.0
2026-02-21,127,BW-203,Bramblewick Trail Bars Dark Choc 12ct,Bars,Fernhollow Market,158.0,9.49,9.49,1499.66,9.49,0,0.0,0,0,0,0,0,0,100,0.839,0,178.5,2.04,-1.0,-1.6,1.28,1.16,1.1,158.0,0.0
2026-02-28,128,BW-203,Bramblewick Trail Bars Dark Choc 12ct,Bars,Fernhollow Market,156.4,9.49,9.49,1484.1,9.49,0,0.0,0,0,0,1,0,0,102,0.856,0,184.6,2.04,-1.0,-1.6,1.28,1.16,1.1,156.4,0.0
2026-03-07,129,BW-203,Bramblewick Trail Bars Dark Choc 12ct,Bars,Fernhollow Market,199.0,9.49,9.49,1888.11,9.49,0,0.0,0,0,0,0,0,0,102,0.856,0,187.1,2.04,-1.0,-1.6,1.28,1.16,1.1,199.0,0.0
2026-03-14,130,BW-203,Bramblewick Trail Bars Dark Choc 12ct,Bars,Fernhollow Market,91.2,9.49,9.49,865.4,9.49,0,0.0,0,0,0,0,0,0,105,0.881,1,195.0,2.04,-1.0,-1.6,1.28,1.16,1.1,91.2,0.0
2026-03-21,131,BW-203,Bramblewick Trail Bars Dark Choc 12ct,Bars,Fernhollow Market,215.0,9.49,9.49,2040.67,9.49,0,0.0,0,0,0,0,0,0,105,0.881,0,197.4,2.04,-1.0,-1.6,1.28,1.16,1.1,215.0,0.0
2026-03-28,132,BW-203,Bramblewick Trail Bars Dark Choc 12ct,Bars,Fernhollow Market,183.8,9.49,9.49,1744.19,9.49,0,0.0,0,0,0,0,0,0,105,0.881,0,199.9,2.04,-1.0,-1.6,1.28,1.16,1.1,183.8,0.0
2026-04-04,133,BW-203,Bramblewick Trail Bars Dark Choc 12ct,Bars,Fernhollow Market,158.2,9.49,9.49,1501.3,9.49,0,0.0,0,0,0,0,0,0,106,0.889,0,204.3,2.04,-1.0,-1.6,1.28,1.16,1.1,158.2,0.0
2026-04-11,134,BW-203,Bramblewick Trail Bars Dark Choc 12ct,Bars,Fernhollow Market,211.5,9.49,9.49,2007.03,9.49,0,0.0,0,0,0,0,1,0,105,0.881,0,205.1,2.04,-1.0,-1.6,1.28,1.16,1.1,211.5,0.0
2026-04-18,135,BW-203,Bramblewick Trail Bars Dark Choc 12ct,Bars,Fernhollow Market,239.8,9.49,8.54,2098.16,8.75,1,0.1,0,0,0,0,0,0,104,0.872,0,206.1,2.04,-1.0,-1.6,1.28,1.16,1.1,177.4,62.4
2026-04-25,136,BW-203,Bramblewick Trail Bars Dark Choc 12ct,Bars,Fernhollow Market,272.5,9.49,8.54,2376.32,8.72,1,0.1,0,0,0,0,0,0,105,0.881,0,211.4,2.04,-1.0,-1.6,1.28,1.16,1.1,177.4,95.1
2026-05-02,137,BW-203,Bramblewick Trail Bars Dark Choc 12ct,Bars,Fernhollow Market,246.1,9.49,9.49,2335.32,9.49,0,0.0,0,0,0,0,0,1,106,0.889,0,217.0,2.04,-1.0,-1.6,1.28,1.16,1.1,246.1,0.0
2026-05-09,138,BW-203,Bramblewick Trail Bars Dark Choc 12ct,Bars,Fernhollow Market,247.0,9.49,9.49,2344.42,9.49,0,0.0,0,0,0,0,0,0,106,0.889,0,221.1,2.04,-1.0,-1.6,1.28,1.16,1.1,247.0,0.0
2026-05-16,139,BW-203,Bramblewick Trail Bars Dark Choc 12ct,Bars,Fernhollow Market,153.6,9.49,9.49,1457.23,9.49,0,0.0,0,0,0,1,0,0,105,0.881,0,223.3,2.04,-1.0,-1.6,1.28,1.16,1.1,153.6,0.0
2026-05-23,140,BW-203,Bramblewick Trail Bars Dark Choc 12ct,Bars,Fernhollow Market,216.2,9.49,9.49,2052.09,9.49,0,0.0,0,0,0,1,0,0,105,0.881,0,262.2,2.04,-1.0,-1.6,1.28,1.16,1.1,216.2,0.0
2026-05-30,141,BW-203,Bramblewick Trail Bars Dark Choc 12ct,Bars,Fernhollow Market,241.1,9.49,9.49,2288.32,9.49,0,0.0,0,0,0,1,0,0,105,0.881,0,287.1,2.04,-1.0,-1.6,1.28,1.16,1.1,241.1,0.0
2026-06-06,142,BW-203,Bramblewick Trail Bars Dark Choc 12ct,Bars,Fernhollow Market,281.8,9.49,9.49,2674.75,9.49,0,0.0,0,0,0,0,0,0,105,0.881,0,237.7,2.04,-1.0,-1.6,1.28,1.16,1.1,281.8,0.0
2026-06-13,143,BW-203,Bramblewick Trail Bars Dark Choc 12ct,Bars,Fernhollow Market,231.2,9.49,9.49,2193.64,9.49,0,0.0,0,0,0,0,0,0,110,0.923,0,254.1,2.04,-1.0,-1.6,1.28,1.16,1.1,231.2,0.0
2026-06-20,144,BW-203,Bramblewick Trail Bars Dark Choc 12ct,Bars,Fernhollow Market,244.7,9.49,9.49,2322.4,9.49,0,0.0,0,0,0,0,0,0,109,0.914,0,256.7,2.04,-1.0,-1.6,1.28,1.16,1.1,244.7,0.0
2026-06-27,145,BW-203,Bramblewick Trail Bars Dark Choc 12ct,Bars,Fernhollow Market,332.7,9.49,9.49,3157.35,9.49,0,0.0,0,0,0,1,0,0,111,0.931,0,337.9,2.04,-1.0,-1.6,1.28,1.16,1.1,332.7,0.0
2026-07-04,146,BW-203,Bramblewick Trail Bars Dark Choc 12ct,Bars,Fernhollow Market,265.5,9.49,9.49,2519.22,9.49,0,0.0,0,0,0,1,1,0,110,0.923,0,388.6,2.04,-1.0,-1.6,1.28,1.16,1.1,265.5,0.0
2026-07-11,147,BW-203,Bramblewick Trail Bars Dark Choc 12ct,Bars,Fernhollow Market,572.3,9.49,7.12,4229.44,7.39,1,0.25,1,1,0,0,0,0,109,0.914,0,267.4,2.04,-1.0,-1.6,1.28,1.16,1.1,242.9,329.4
2026-07-18,148,BW-203,Bramblewick Trail Bars Dark Choc 12ct,Bars,Fernhollow Market,511.2,9.49,7.12,3798.08,7.43,1,0.25,1,1,0,0,0,0,109,0.914,0,269.1,2.04,-1.0,-1.6,1.28,1.16,1.1,242.9,268.3
2026-07-25,149,BW-203,Bramblewick Trail Bars Dark Choc 12ct,Bars,Fernhollow Market,196.4,9.49,9.49,1863.55,9.49,0,0.0,0,0,0,1,0,1,111,0.931,0,274.4,2.04,-1.0,-1.6,1.28,1.16,1.1,196.4,0.0
2026-08-01,150,BW-203,Bramblewick Trail Bars Dark Choc 12ct,Bars,Fernhollow Market,250.4,9.49,9.49,2375.93,9.49,0,0.0,0,0,0,1,0,0,111,0.931,0,273.3,2.04,-1.0,-1.6,1.28,1.16,1.1,250.4,0.0
2026-08-08,151,BW-203,Bramblewick Trail Bars Dark Choc 12ct,Bars,Fernhollow Market,268.8,9.49,9.49,2551.17,9.49,0,0.0,0,0,0,0,0,0,111,0.931,0,270.9,2.04,-1.0,-1.6,1.28,1.16,1.1,268.8,0.0
2026-08-15,152,BW-203,Bramblewick Trail Bars Dark Choc 12ct,Bars,Fernhollow Market,259.7,9.49,9.49,2464.53,9.49,0,0.0,0,0,0,0,0,0,111,0.931,0,267.0,2.04,-1.0,-1.6,1.28,1.16,1.1,259.7,0.0
2026-08-22,153,BW-203,Bramblewick Trail Bars Dark Choc 12ct,Bars,Fernhollow Market,297.7,9.49,9.49,2824.87,9.49,0,0.0,0,0,0,0,0,0,110,0.923,0,303.3,2.04,-1.0,-1.6,1.28,1.16,1.1,297.7,0.0
2026-08-29,154,BW-203,Bramblewick Trail Bars Dark Choc 12ct,Bars,Fernhollow Market,281.0,9.49,9.49,2666.86,9.49,0,0.0,0,0,0,0,0,0,111,0.931,0,298.8,2.04,-1.0,-1.6,1.28,1.16,1.1,281.0,0.0
2026-09-05,155,BW-203,Bramblewick Trail Bars Dark Choc 12ct,Bars,Fernhollow Market,243.7,9.49,9.49,2312.6,9.49,0,0.0,0,0,0,0,0,0,111,0.931,0,248.5,2.04,-1.0,-1.6,1.28,1.16,1.1,243.7,0.0
2023-09-16,0,BW-203,Bramblewick Trail Bars Dark Choc 12ct,Bars,Granite Peak Grocers,199.0,7.29,7.29,1451.01,7.29,0,0.0,0,0,0,0,0,0,65,0.659,0,200.3,2.04,-1.0,-1.6,1.28,1.16,1.1,199.0,0.0
2023-09-23,1,BW-203,Bramblewick Trail Bars Dark Choc 12ct,Bars,Granite Peak Grocers,146.4,7.29,7.29,1067.23,7.29,0,0.0,0,0,0,0,0,0,63,0.638,0,160.6,2.04,-1.0,-1.6,1.28,1.16,1.1,146.4,0.0
2023-09-30,2,BW-203,Bramblewick Trail Bars Dark Choc 12ct,Bars,Granite Peak Grocers,162.7,7.29,7.29,1186.27,7.29,0,0.0,0,0,0,0,0,0,63,0.638,0,155.1,2.04,-1.0,-1.6,1.28,1.16,1.1,162.7,0.0
2023-10-07,3,BW-203,Bramblewick Trail Bars Dark Choc 12ct,Bars,Granite Peak Grocers,144.4,7.29,7.29,1052.37,7.29,0,0.0,0,0,0,0,0,0,65,0.659,0,154.4,2.04,-1.0,-1.6,1.28,1.16,1.1,144.4,0.0
2023-10-14,4,BW-203,Bramblewick Trail Bars Dark Choc 12ct,Bars,Granite Peak Grocers,116.1,7.29,7.29,846.61,7.29,0,0.0,0,0,0,0,1,0,64,0.648,0,146.8,2.04,-1.0,-1.6,1.28,1.16,1.1,116.1,0.0
2023-10-21,5,BW-203,Bramblewick Trail Bars Dark Choc 12ct,Bars,Granite Peak Grocers,390.0,7.29,5.47,2227.15,5.71,1,0.25,1,1,1,0,0,0,65,0.659,0,144.3,2.04,-1.0,-1.6,1.28,1.16,1.1,146.4,243.6
2023-10-28,6,BW-203,Bramblewick Trail Bars Dark Choc 12ct,Bars,Granite Peak Grocers,452.7,7.29,5.47,2539.78,5.61,1,0.25,1,1,1,0,0,0,63,0.638,0,135.6,2.04,-1.0,-1.6,1.28,1.16,1.1,146.4,306.3
2023-11-04,7,BW-203,Bramblewick Trail Bars Dark Choc 12ct,Bars,Granite Peak Grocers,142.8,7.29,7.29,1040.79,7.29,0,0.0,0,0,0,0,0,1,65,0.659,0,136.2,2.04,-1.0,-1.6,1.28,1.16,1.1,142.8,0.0
2023-11-11,8,BW-203,Bramblewick Trail Bars Dark Choc 12ct,Bars,Granite Peak Grocers,107.0,7.29,7.29,779.88,7.29,0,0.0,0,0,0,1,1,0,63,0.638,0,129.0,2.04,-1.0,-1.6,1.28,1.16,1.1,107.0,0.0
2023-11-18,9,BW-203,Bramblewick Trail Bars Dark Choc 12ct,Bars,Granite Peak Grocers,161.3,7.29,6.2,1015.97,6.3,1,0.15,0,0,0,1,0,0,65,0.659,0,138.2,2.04,-1.0,-1.6,1.28,1.16,1.1,144.4,16.9
2023-11-25,10,BW-203,Bramblewick Trail Bars Dark Choc 12ct,Bars,Granite Peak Grocers,118.9,7.29,7.29,866.58,7.29,0,0.0,0,0,0,0,0,1,63,0.638,0,135.3,2.04,-1.0,-1.6,1.28,1.16,1.1,118.9,0.0
2023-12-02,11,BW-203,Bramblewick Trail Bars Dark Choc 12ct,Bars,Granite Peak Grocers,146.4,7.29,7.29,1066.92,7.29,0,0.0,0,0,0,0,0,0,64,0.648,0,125.8,2.04,-1.0,-1.6,1.28,1.16,1.1,146.4,0.0
2023-12-09,12,BW-203,Bramblewick Trail Bars Dark Choc 12ct,Bars,Granite Peak Grocers,136.6,7.29,7.29,995.92,7.29,0,0.0,0,0,0,0,0,0,64,0.648,0,125.3,2.04,-1.0,-1.6,1.28,1.16,1.1,136.6,0.0
2023-12-16,13,BW-203,Bramblewick Trail Bars Dark Choc 12ct,Bars,Granite Peak Grocers,120.0,7.29,7.29,874.96,7.29,0,0.0,0,0,0,0,0,0,65,0.659,0,132.0,2.04,-1.0,-1.6,1.28,1.16,1.1,120.0,0.0
2023-12-23,14,BW-203,Bramblewick Trail Bars Dark Choc 12ct,Bars,Granite Peak Grocers,125.5,7.29,7.29,915.11,7.29,0,0.0,0,0,0,1,0,0,65,0.659,0,138.7,2.04,-1.0,-1.6,1.28,1.16,1.1,125.5,0.0
2023-12-30,15,BW-203,Bramblewick Trail Bars Dark Choc 12ct,Bars,Granite Peak Grocers,135.1,7.29,7.29,984.75,7.29,0,0.0,0,0,0,1,1,0,65,0.659,0,134.9,2.04,-1.0,-1.6,1.28,1.16,1.1,135.1,0.0
2024-01-06,16,BW-203,Bramblewick Trail Bars Dark Choc 12ct,Bars,Granite Peak Grocers,398.2,7.29,5.1,2241.9,5.63,1,0.3,1,1,0,0,0,0,66,0.669,0,149.3,2.04,-1.0,-1.6,1.28,1.16,1.1,130.3,267.9
2024-01-13,17,BW-203,Bramblewick Trail Bars Dark Choc 12ct,Bars,Granite Peak Grocers,412.5,7.29,5.1,2161.55,5.24,1,0.3,1,1,0,0,0,0,67,0.679,0,153.6,2.04,-1.0,-1.6,1.28,1.16,1.1,130.3,282.2
2024-01-20,18,BW-203,Bramblewick Trail Bars Dark Choc 12ct,Bars,Granite Peak Grocers,119.3,7.29,7.29,869.49,7.29,0,0.0,0,0,0,0,0,1,66,0.669,0,136.2,2.04,-1.0,-1.6,1.28,1.16,1.1,119.3,0.0
2024-01-27,19,BW-203,Bramblewick Trail Bars Dark Choc 12ct,Bars,Granite Peak Grocers,99.6,7.29,7.29,726.19,7.29,0,0.0,0,0,0,1,0,0,65,0.659,0,136.3,2.04,-1.0,-1.6,1.28,1.16,1.1,99.6,0.0
2024-02-03,20,BW-203,Bramblewick Trail Bars Dark Choc 12ct,Bars,Granite Peak Grocers,139.0,7.29,7.29,1013.24,7.29,0,0.0,0,0,0,1,0,0,67,0.679,0,142.8,2.04,-1.0,-1.6,1.28,1.16,1.1,139.0,0.0
2024-02-10,21,BW-203,Bramblewick Trail Bars Dark Choc 12ct,Bars,Granite Peak Grocers,156.4,7.29,7.29,1139.81,7.29,0,0.0,0,0,0,0,0,0,67,0.679,0,145.1,2.04,-1.0,-1.6,1.28,1.16,1.1,156.4,0.0
2024-02-17,22,BW-203,Bramblewick Trail Bars Dark Choc 12ct,Bars,Granite Peak Grocers,153.9,7.29,7.29,1121.68,7.29,0,0.0,0,0,0,0,1,0,67,0.679,0,147.3,2.04,-1.0,-1.6,1.28,1.16,1.1,153.9,0.0
2024-02-24,23,BW-203,Bramblewick Trail Bars Dark Choc 12ct,Bars,Granite Peak Grocers,229.5,7.29,6.2,1462.13,6.37,1,0.15,0,0,0,1,0,0,66,0.669,0,147.3,2.04,-1.0,-1.6,1.28,1.16,1.1,130.3,99.2
2024-03-02,24,BW-203,Bramblewick Trail Bars Dark Choc 12ct,Bars,Granite Peak Grocers,121.5,7.29,7.29,885.91,7.29,0,0.0,0,0,0,1,0,1,66,0.669,0,149.3,2.04,-1.0,-1.6,1.28,1.16,1.1,121.5,0.0
2024-03-09,25,BW-203,Bramblewick Trail Bars Dark Choc 12ct,Bars,Granite Peak Grocers,142.9,7.29,7.29,1041.45,7.29,0,0.0,0,0,0,0,0,0,65,0.659,0,149.0,2.04,-1.0,-1.6,1.28,1.16,1.1,142.9,0.0
2024-03-16,26,BW-203,Bramblewick Trail Bars Dark Choc 12ct,Bars,Granite Peak Grocers,171.3,7.29,7.29,1249.04,7.29,0,0.0,0,0,0,0,0,0,70,0.709,0,162.6,2.04,-1.0,-1.6,1.28,1.16,1.1,171.3,0.0
2024-03-23,27,BW-203,Bramblewick Trail Bars Dark Choc 12ct,Bars,Granite Peak Grocers,142.0,7.29,7.29,1034.83,7.29,0,0.0,0,0,0,0,0,0,69,0.699,0,162.2,2.04,-1.0,-1.6,1.28,1.16,1.1,142.0,0.0
2024-03-30,28,BW-203,Bramblewick Trail Bars Dark Choc 12ct,Bars,Granite Peak Grocers,122.1,7.79,7.79,951.19,7.79,0,0.0,0,0,0,0,0,0,68,0.689,0,151.5,2.04,-1.0,-1.6,1.28,1.16,1.1,122.1,0.0
2024-04-06,29,BW-203,Bramblewick Trail Bars Dark Choc 12ct,Bars,Granite Peak Grocers,149.9,7.79,7.79,1168.08,7.79,0,0.0,0,0,0,0,0,0,69,0.699,0,155.7,2.04,-1.0,-1.6,1.28,1.16,1.1,149.9,0.0
2024-04-13,30,BW-203,Bramblewick Trail Bars Dark Choc 12ct,Bars,Granite Peak Grocers,147.4,7.79,7.79,1148.14,7.79,0,0.0,0,0,0,0,0,0,69,0.699,0,157.8,2.04,-1.0,-1.6,1.28,1.16,1.1,147.4,0.0
2024-04-20,31,BW-203,Bramblewick Trail Bars Dark Choc 12ct,Bars,Granite Peak Grocers,128.0,7.79,7.79,996.97,7.79,0,0.0,0,0,0,1,0,0,69,0.699,0,160.1,2.04,-1.0,-1.6,1.28,1.16,1.1,128.0,0.0
2024-04-27,32,BW-203,Bramblewick Trail Bars Dark Choc 12ct,Bars,Granite Peak Grocers,162.4,7.79,7.79,1265.21,7.79,0,0.0,0,0,0,0,0,0,68,0.689,0,160.2,2.04,-1.0,-1.6,1.28,1.16,1.1,162.4,0.0
2024-05-04,33,BW-203,Bramblewick Trail Bars Dark Choc 12ct,Bars,Granite Peak Grocers,182.4,7.79,7.79,1421.1,7.79,0,0.0,0,0,0,0,0,0,70,0.709,0,167.8,2.04,-1.0,-1.6,1.28,1.16,1.1,182.4,0.0
2024-05-11,34,BW-203,Bramblewick Trail Bars Dark Choc 12ct,Bars,Granite Peak Grocers,150.9,7.79,7.79,1175.46,7.79,0,0.0,0,0,0,0,1,0,69,0.699,0,168.4,2.04,-1.0,-1.6,1.28,1.16,1.1,150.9,0.0
2024-05-18,35,BW-203,Bramblewick Trail Bars Dark Choc 12ct,Bars,Granite Peak Grocers,269.9,7.79,5.84,1662.71,6.16,1,0.25,0,1,0,0,0,0,68,0.689,0,194.7,2.04,-1.0,-1.6,1.28,1.16,1.1,148.6,121.2
2024-05-25,36,BW-203,Bramblewick Trail Bars Dark Choc 12ct,Bars,Granite Peak Grocers,308.6,7.79,5.84,1845.41,5.98,1,0.25,0,1,0,1,0,0,68,0.689,0,213.2,2.04,-1.0,-1.6,1.28,1.16,1.1,148.6,160.0
2024-06-01,37,BW-203,Bramblewick Trail Bars Dark Choc 12ct,Bars,Granite Peak Grocers,134.5,7.79,7.79,1048.05,7.79,0,0.0,0,0,0,1,0,1,70,0.709,0,181.6,2.04,-1.0,-1.6,1.28,1.16,1.1,134.5,0.0
2024-06-08,38,BW-203,Bramblewick Trail Bars Dark Choc 12ct,Bars,Granite Peak Grocers,159.7,7.79,7.79,1243.77,7.79,0,0.0,0,0,0,1,0,0,70,0.709,0,185.5,2.04,-1.0,-1.6,1.28,1.16,1.1,159.7,0.0
2024-06-15,39,BW-203,Bramblewick Trail Bars Dark Choc 12ct,Bars,Granite Peak Grocers,197.5,7.79,7.79,1538.34,7.79,0,0.0,0,0,0,0,0,0,73,0.74,0,197.5,2.04,-1.0,-1.6,1.28,1.16,1.1,197.5,0.0
2024-06-22,40,BW-203,Bramblewick Trail Bars Dark Choc 12ct,Bars,Granite Peak Grocers,207.3,7.79,7.79,1614.87,7.79,0,0.0,0,0,0,0,0,0,71,0.719,0,195.7,2.04,-1.0,-1.6,1.28,1.16,1.1,207.3,0.0
2024-06-29,41,BW-203,Bramblewick Trail Bars Dark Choc 12ct,Bars,Granite Peak Grocers,323.3,7.79,7.79,2518.22,7.79,0,0.0,0,0,0,0,0,0,72,0.729,0,256.6,2.04,-1.0,-1.6,1.28,1.16,1.1,323.3,0.0
2024-07-06,42,BW-203,Bramblewick Trail Bars Dark Choc 12ct,Bars,Granite Peak Grocers,238.4,7.79,7.79,1856.78,7.79,0,0.0,0,0,0,1,0,0,73,0.74,0,302.0,2.04,-1.0,-1.6,1.28,1.16,1.1,238.4,0.0
2024-07-13,43,BW-203,Bramblewick Trail Bars Dark Choc 12ct,Bars,Granite Peak Grocers,232.6,7.79,7.79,1812.22,7.79,0,0.0,0,0,0,0,0,0,72,0.729,0,206.8,2.04,-1.0,-1.6,1.28,1.16,1.1,232.6,0.0
2024-07-20,44,BW-203,Bramblewick Trail Bars Dark Choc 12ct,Bars,Granite Peak Grocers,207.4,7.79,7.79,1615.37,7.79,0,0.0,0,0,0,0,0,0,73,0.74,0,211.0,2.04,-1.0,-1.6,1.28,1.16,1.1,207.4,0.0
2024-07-27,45,BW-203,Bramblewick Trail Bars Dark Choc 12ct,Bars,Granite Peak Grocers,190.1,7.79,7.79,1481.1,7.79,0,0.0,0,0,0,1,0,0,73,0.74,0,211.3,2.04,-1.0,-1.6,1.28,1.16,1.1,190.1,0.0
2024-08-03,46,BW-203,Bramblewick Trail Bars Dark Choc 12ct,Bars,Granite Peak Grocers,200.8,7.79,7.79,1564.09,7.79,0,0.0,0,0,0,0,0,0,72,0.729,0,207.6,2.04,-1.0,-1.6,1.28,1.16,1.1,200.8,0.0
2024-08-10,47,BW-203,Bramblewick Trail Bars Dark Choc 12ct,Bars,Granite Peak Grocers,205.1,7.79,7.79,1597.86,7.79,0,0.0,0,0,0,1,0,0,72,0.729,0,205.8,2.04,-1.0,-1.6,1.28,1.16,1.1,205.1,0.0
2024-08-17,48,BW-203,Bramblewick Trail Bars Dark Choc 12ct,Bars,Granite Peak Grocers,220.9,7.79,7.79,1720.42,7.79,0,0.0,0,0,0,0,0,0,71,0.719,0,200.0,2.04,-1.0,-1.6,1.28,1.16,1.1,220.9,0.0
2024-08-24,49,BW-203,Bramblewick Trail Bars Dark Choc 12ct,Bars,Granite Peak Grocers,236.5,7.79,7.79,1841.98,7.79,0,0.0,0,0,0,1,1,0,73,0.74,0,235.8,2.04,-1.0,-1.6,1.28,1.16,1.1,236.5,0.0
2024-08-31,50,BW-203,Bramblewick Trail Bars Dark Choc 12ct,Bars,Granite Peak Grocers,558.2,7.79,5.84,3382.78,6.06,1,0.25,0,1,0,1,0,0,71,0.719,0,223.8,2.04,-1.0,-1.6,1.28,1.16,1.1,214.2,344.1
2024-09-07,51,BW-203,Bramblewick Trail Bars Dark Choc 12ct,Bars,Granite Peak Grocers,152.4,7.79,7.79,1186.95,7.79,0,0.0,0,0,0,0,0,1,72,0.729,0,188.8,2.04,-1.0,-1.6,1.28,1.16,1.1,152.4,0.0
2024-09-14,52,BW-203,Bramblewick Trail Bars Dark Choc 12ct,Bars,Granite Peak Grocers,189.9,7.79,7.79,1479.33,7.79,0,0.0,0,0,0,0,0,0,75,0.76,0,190.6,2.04,-1.0,-1.6,1.28,1.16,1.1,189.9,0.0
2024-09-21,53,BW-203,Bramblewick Trail Bars Dark Choc 12ct,Bars,Granite Peak Grocers,202.8,7.79,7.79,1579.75,7.79,0,0.0,0,0,0,0,0,0,74,0.75,0,181.8,2.04,-1.0,-1.6,1.28,1.16,1.1,202.8,0.0
2024-09-28,54,BW-203,Bramblewick Trail Bars Dark Choc 12ct,Bars,Granite Peak Grocers,203.7,7.79,7.79,1586.77,7.79,0,0.0,0,0,0,0,0,0,76,0.77,0,180.3,2.04,-1.0,-1.6,1.28,1.16,1.1,203.7,0.0
2024-10-05,55,BW-203,Bramblewick Trail Bars Dark Choc 12ct,Bars,Granite Peak Grocers,160.1,7.79,7.79,1247.48,7.79,0,0.0,0,0,0,1,0,0,74,0.75,0,169.4,2.04,-1.0,-1.6,1.28,1.16,1.1,160.1,0.0
2024-10-12,56,BW-203,Bramblewick Trail Bars Dark Choc 12ct,Bars,Granite Peak Grocers,148.9,7.79,7.79,1160.07,7.79,0,0.0,0,0,0,0,1,0,75,0.76,0,165.8,2.04,-1.0,-1.6,1.28,1.16,1.1,148.9,0.0
2024-10-19,57,BW-203,Bramblewick Trail Bars Dark Choc 12ct,Bars,Granite Peak Grocers,254.4,7.79,7.01,1808.54,7.11,1,0.1,0,0,0,1,0,0,74,0.75,0,158.3,2.04,-1.0,-1.6,1.28,1.16,1.1,196.4,58.0
2024-10-26,58,BW-203,Bramblewick Trail Bars Dark Choc 12ct,Bars,Granite Peak Grocers,118.0,7.79,7.79,918.97,7.79,0,0.0,0,0,0,1,0,1,76,0.77,0,157.7,2.04,-1.0,-1.6,1.28,1.16,1.1,118.0,0.0
2024-11-02,59,BW-203,Bramblewick Trail Bars Dark Choc 12ct,Bars,Granite Peak Grocers,150.0,7.79,7.79,1168.54,7.79,0,0.0,0,0,0,1,0,0,75,0.76,0,151.5,2.04,-1.0,-1.6,1.28,1.16,1.1,150.0,0.0
2024-11-09,60,BW-203,Bramblewick Trail Bars Dark Choc 12ct,Bars,Granite Peak Grocers,127.4,7.79,7.79,992.79,7.79,0,0.0,0,0,0,1,0,0,76,0.77,0,150.0,2.04,-1.0,-1.6,1.28,1.16,1.1,127.4,0.0
2024-11-16,61,BW-203,Bramblewick Trail Bars Dark Choc 12ct,Bars,Granite Peak Grocers,144.5,7.79,7.79,1125.77,7.79,0,0.0,0,0,0,0,0,0,76,0.77,0,147.3,2.04,-1.0,-1.6,1.28,1.16,1.1,144.5,0.0
2024-11-23,62,BW-203,Bramblewick Trail Bars Dark Choc 12ct,Bars,Granite Peak Grocers,167.2,7.79,7.79,1302.14,7.79,0,0.0,0,0,0,0,0,0,74,0.75,0,149.6,2.04,-1.0,-1.6,1.28,1.16,1.1,167.2,0.0
2024-11-30,63,BW-203,Bramblewick Trail Bars Dark Choc 12ct,Bars,Granite Peak Grocers,142.0,7.79,7.79,1106.11,7.79,0,0.0,0,0,0,0,0,0,75,0.76,0,154.0,2.04,-1.0,-1.6,1.28,1.16,1.1,142.0,0.0
2024-12-07,64,BW-203,Bramblewick Trail Bars Dark Choc 12ct,Bars,Granite Peak Grocers,139.6,7.79,7.79,1087.27,7.79,0,0.0,0,0,0,1,0,0,76,0.77,0,143.4,2.04,-1.0,-1.6,1.28,1.16,1.1,139.6,0.0
2024-12-14,65,BW-203,Bramblewick Trail Bars Dark Choc 12ct,Bars,Granite Peak Grocers,137.5,7.79,7.79,1071.19,7.79,0,0.0,0,0,0,1,0,0,78,0.79,0,152.7,2.04,-1.0,-1.6,1.28,1.16,1.1,137.5,0.0
2024-12-21,66,BW-203,Bramblewick Trail Bars Dark Choc 12ct,Bars,Granite Peak Grocers,144.6,7.79,7.79,1126.51,7.79,0,0.0,0,0,0,0,0,0,78,0.79,0,160.5,2.04,-1.0,-1.6,1.28,1.16,1.1,144.6,0.0
2024-12-28,67,BW-203,Bramblewick Trail Bars Dark Choc 12ct,Bars,Granite Peak Grocers,134.0,7.79,7.79,1044.14,7.79,0,0.0,0,0,0,1,1,0,79,0.8,0,158.1,2.04,-1.0,-1.6,1.28,1.16,1.1,134.0,0.0
2025-01-04,68,BW-203,Bramblewick Trail Bars Dark Choc 12ct,Bars,Granite Peak Grocers,356.7,7.79,5.84,2104.36,5.9,1,0.25,0,1,1,0,0,0,77,0.78,0,167.9,2.04,-1.0,-1.6,1.28,1.16,1.1,140.8,215.9
2025-01-11,69,BW-203,Bramblewick Trail Bars Dark Choc 12ct,Bars,Granite Peak Grocers,394.5,7.79,5.84,2426.21,6.15,1,0.25,0,1,1,0,0,0,79,0.8,0,174.6,2.04,-1.0,-1.6,1.28,1.16,1.1,140.8,253.7
2025-01-18,70,BW-203,Bramblewick Trail Bars Dark Choc 12ct,Bars,Granite Peak Grocers,162.9,7.79,7.79,1268.99,7.79,0,0.0,0,0,0,0,0,1,77,0.78,0,153.2,2.04,-1.0,-1.6,1.28,1.16,1.1,162.9,0.0
2025-01-25,71,BW-203,Bramblewick Trail Bars Dark Choc 12ct,Bars,Granite Peak Grocers,132.7,7.79,7.79,1034.02,7.79,0,0.0,0,0,0,0,1,0,79,0.8,0,159.7,2.04,-1.0,-1.6,1.28,1.16,1.1,132.7,0.0
2025-02-01,72,BW-203,Bramblewick Trail Bars Dark Choc 12ct,Bars,Granite Peak Grocers,188.3,7.79,6.62,1291.43,6.86,1,0.15,0,0,0,0,0,0,78,0.79,0,160.2,2.04,-1.0,-1.6,1.28,1.16,1.1,140.8,47.5
2025-02-08,73,BW-203,Bramblewick Trail Bars Dark Choc 12ct,Bars,Granite Peak Grocers,140.6,7.79,7.79,1095.14,7.79,0,0.0,0,0,0,0,0,1,78,0.79,0,162.8,2.04,-1.0,-1.6,1.28,1.16,1.1,140.6,0.0
2025-02-15,74,BW-203,Bramblewick Trail Bars Dark Choc 12ct,Bars,Granite Peak Grocers,142.4,7.79,7.79,1109.21,7.79,0,0.0,0,0,0,0,0,0,78,0.79,0,165.3,2.04,-1.0,-1.6,1.28,1.16,1.1,142.4,0.0
2025-02-22,75,BW-203,Bramblewick Trail Bars Dark Choc 12ct,Bars,Granite Peak Grocers,207.8,7.79,7.79,1618.75,7.79,0,0.0,0,0,0,0,0,0,77,0.78,0,165.6,2.04,-1.0,-1.6,1.28,1.16,1.1,207.8,0.0
2025-03-01,76,BW-203,Bramblewick Trail Bars Dark Choc 12ct,Bars,Granite Peak Grocers,160.8,7.79,7.79,1252.68,7.79,0,0.0,0,0,0,0,0,0,77,0.78,0,167.9,2.04,-1.0,-1.6,1.28,1.16,1.1,160.8,0.0
2025-03-08,77,BW-203,Bramblewick Trail Bars Dark Choc 12ct,Bars,Granite Peak Grocers,168.0,7.79,7.79,1308.92,7.79,0,0.0,0,0,0,0,0,0,78,0.79,0,172.4,2.04,-1.0,-1.6,1.28,1.16,1.1,168.0,0.0
2025-03-15,78,BW-203,Bramblewick Trail Bars Dark Choc 12ct,Bars,Granite Peak Grocers,174.5,7.79,7.79,1359.06,7.79,0,0.0,0,0,0,0,0,0,81,0.821,0,181.3,2.04,-1.0,-1.6,1.28,1.16,1.1,174.5,0.0
2025-03-22,79,BW-203,Bramblewick Trail Bars Dark Choc 12ct,Bars,Granite Peak Grocers,165.5,7.79,7.79,1288.93,7.79,0,0.0,0,0,0,0,0,0,80,0.811,0,181.3,2.04,-1.0,-1.6,1.28,1.16,1.1,165.5,0.0
2025-03-29,80,BW-203,Bramblewick Trail Bars Dark Choc 12ct,Bars,Granite Peak Grocers,202.1,7.79,7.79,1574.43,7.79,0,0.0,0,0,0,0,0,0,79,0.8,0,181.3,2.04,-1.0,-1.6,1.28,1.16,1.1,202.1,0.0
2025-04-05,81,BW-203,Bramblewick Trail Bars Dark Choc 12ct,Bars,Granite Peak Grocers,167.4,7.79,7.79,1304.33,7.79,0,0.0,0,0,0,1,0,0,80,0.811,0,185.9,2.04,-1.0,-1.6,1.28,1.16,1.1,167.4,0.0
2025-04-12,82,BW-203,Bramblewick Trail Bars Dark Choc 12ct,Bars,Granite Peak Grocers,178.1,7.79,7.79,1387.73,7.79,0,0.0,0,0,0,0,0,0,81,0.821,0,190.8,2.04,-1.0,-1.6,1.28,1.16,1.1,178.1,0.0
2025-04-19,83,BW-203,Bramblewick Trail Bars Dark Choc 12ct,Bars,Granite Peak Grocers,185.7,7.79,7.79,1446.92,7.79,0,0.0,0,0,0,0,0,0,80,0.811,0,191.1,2.04,-1.0,-1.6,1.28,1.16,1.1,185.7,0.0
2025-04-26,84,BW-203,Bramblewick Trail Bars Dark Choc 12ct,Bars,Granite Peak Grocers,201.8,7.79,7.79,1572.11,7.79,0,0.0,0,0,0,0,0,0,79,0.8,0,191.7,2.04,-1.0,-1.6,1.28,1.16,1.1,201.8,0.0
2025-05-03,85,BW-203,Bramblewick Trail Bars Dark Choc 12ct,Bars,Granite Peak Grocers,203.0,7.79,7.79,1581.69,7.79,0,0.0,0,0,0,0,0,0,79,0.8,0,195.0,2.04,-1.0,-1.6,1.28,1.16,1.1,203.0,0.0
2025-05-10,86,BW-203,Bramblewick Trail Bars Dark Choc 12ct,Bars,Granite Peak Grocers,200.9,8.29,8.29,1665.84,8.29,0,0.0,0,0,0,0,1,0,80,0.811,0,189.0,2.04,-1.0,-1.6,1.28,1.16,1.1,200.9,0.0
2025-05-17,87,BW-203,Bramblewick Trail Bars Dark Choc 12ct,Bars,Granite Peak Grocers,297.7,8.29,7.05,2140.43,7.19,1,0.15,0,0,0,1,0,0,79,0.8,0,190.3,2.04,-1.0,-1.6,1.28,1.16,1.1,193.3,104.4
2025-05-24,88,BW-203,Bramblewick Trail Bars Dark Choc 12ct,Bars,Granite Peak Grocers,275.4,8.29,7.05,1974.88,7.17,1,0.15,0,0,0,1,0,0,80,0.811,0,226.3,2.04,-1.0,-1.6,1.28,1.16,1.1,193.3,82.1
2025-05-31,89,BW-203,Bramblewick Trail Bars Dark Choc 12ct,Bars,Granite Peak Grocers,182.9,8.29,8.29,1516.63,8.29,0,0.0,0,0,0,1,0,1,80,0.811,0,247.9,2.04,-1.0,-1.6,1.28,1.16,1.1,182.9,0.0
2025-06-07,90,BW-203,Bramblewick Trail Bars Dark Choc 12ct,Bars,Granite Peak Grocers,174.4,8.29,8.29,1446.18,8.29,0,0.0,0,0,0,1,0,0,81,0.821,0,207.8,2.04,-1.0,-1.6,1.28,1.16,1.1,174.4,0.0
2025-06-14,91,BW-203,Bramblewick Trail Bars Dark Choc 12ct,Bars,Granite Peak Grocers,219.0,8.29,8.29,1815.35,8.29,0,0.0,0,0,0,0,0,0,82,0.831,0,214.7,2.04,-1.0,-1.6,1.28,1.16,1.1,219.0,0.0
2025-06-21,92,BW-203,Bramblewick Trail Bars Dark Choc 12ct,Bars,Granite Peak Grocers,199.7,8.29,8.29,1655.58,8.29,0,0.0,0,0,0,0,1,0,83,0.841,0,221.5,2.04,-1.0,-1.6,1.28,1.16,1.1,199.7,0.0
2025-06-28,93,BW-203,Bramblewick Trail Bars Dark Choc 12ct,Bars,Granite Peak Grocers,708.2,8.29,6.22,4490.14,6.34,1,0.25,1,1,0,0,0,0,83,0.841,0,286.3,2.04,-1.0,-1.6,1.28,1.16,1.1,200.3,507.9
2025-07-05,94,BW-203,Bramblewick Trail Bars Dark Choc 12ct,Bars,Granite Peak Grocers,653.6,8.29,6.22,4372.28,6.69,1,0.25,1,1,0,0,0,0,82,0.831,0,328.3,2.04,-1.0,-1.6,1.28,1.16,1.1,200.3,453.3
2025-07-12,95,BW-203,Bramblewick Trail Bars Dark Choc 12ct,Bars,Granite Peak Grocers,549.4,8.29,6.22,3494.41,6.36,1,0.25,1,1,0,0,0,0,84,0.851,0,233.6,2.04,-1.0,-1.6,1.28,1.16,1.1,200.3,349.1
2025-07-19,96,BW-203,Bramblewick Trail Bars Dark Choc 12ct,Bars,Granite Peak Grocers,227.7,8.29,8.29,1887.87,8.29,0,0.0,0,0,0,0,0,1,84,0.851,0,235.0,2.04,-1.0,-1.6,1.28,1.16,1.1,227.7,0.0
2025-07-26,97,BW-203,Bramblewick Trail Bars Dark Choc 12ct,Bars,Granite Peak Grocers,212.7,8.29,8.29,1763.02,8.29,0,0.0,0,0,0,0,0,0,83,0.841,0,232.5,2.04,-1.0,-1.6,1.28,1.16,1.1,212.7,0.0
2025-08-02,98,BW-203,Bramblewick Trail Bars Dark Choc 12ct,Bars,Granite Peak Grocers,222.7,8.29,8.29,1845.98,8.29,0,0.0,0,0,0,1,0,0,83,0.841,0,231.7,2.04,-1.0,-1.6,1.28,1.16,1.1,222.7,0.0
2025-08-09,99,BW-203,Bramblewick Trail Bars Dark Choc 12ct,Bars,Granite Peak Grocers,276.7,8.29,8.29,2293.66,8.29,0,0.0,0,0,0,0,0,0,83,0.841,0,229.6,2.04,-1.0,-1.6,1.28,1.16,1.1,276.7,0.0
2025-08-16,100,BW-203,Bramblewick Trail Bars Dark Choc 12ct,Bars,Granite Peak Grocers,159.8,8.29,8.29,1324.48,8.29,0,0.0,0,0,0,0,0,0,82,0.831,0,223.6,2.04,-1.0,-1.6,1.28,1.16,1.1,159.8,0.0
2025-08-23,101,BW-203,Bramblewick Trail Bars Dark Choc 12ct,Bars,Granite Peak Grocers,201.5,8.29,8.29,1670.29,8.29,0,0.0,0,0,0,1,1,0,83,0.841,0,259.4,2.04,-1.0,-1.6,1.28,1.16,1.1,201.5,0.0
2025-08-30,102,BW-203,Bramblewick Trail Bars Dark Choc 12ct,Bars,Granite Peak Grocers,317.1,8.29,7.05,2302.18,7.26,1,0.15,0,0,0,0,0,0,82,0.831,0,250.2,2.04,-1.0,-1.6,1.28,1.16,1.1,215.8,101.3
2025-09-06,103,BW-203,Bramblewick Trail Bars Dark Choc 12ct,Bars,Granite Peak Grocers,190.6,8.29,8.29,1580.08,8.29,0,0.0,0,0,0,1,0,1,84,0.851,0,213.2,2.04,-1.0,-1.6,1.28,1.16,1.1,190.6,0.0
2025-09-13,104,BW-203,Bramblewick Trail Bars Dark Choc 12ct,Bars,Granite Peak Grocers,165.0,8.29,8.29,1368.22,8.29,0,0.0,0,0,0,1,0,0,85,0.861,0,209.1,2.04,-1.0,-1.6,1.28,1.16,1.1,165.0,0.0
2025-09-20,105,BW-203,Bramblewick Trail Bars Dark Choc 12ct,Bars,Granite Peak Grocers,202.9,8.29,8.29,1681.86,8.29,0,0.0,0,0,0,0,1,0,87,0.881,0,206.9,2.04,-1.0,-1.6,1.28,1.16,1.1,202.9,0.0
2025-09-27,106,BW-203,Bramblewick Trail Bars Dark Choc 12ct,Bars,Granite Peak Grocers,495.2,8.29,6.22,3208.93,6.48,1,0.25,0,1,1,0,0,0,87,0.881,0,199.8,2.04,-1.0,-1.6,1.28,1.16,1.1,202.2,293.0
2025-10-04,107,BW-203,Bramblewick Trail Bars Dark Choc 12ct,Bars,Granite Peak Grocers,185.8,8.29,8.29,1540.56,8.29,0,0.0,0,0,0,0,0,1,87,0.881,0,192.8,2.04,-1.0,-1.6,1.28,1.16,1.1,185.8,0.0
2025-10-11,108,BW-203,Bramblewick Trail Bars Dark Choc 12ct,Bars,Granite Peak Grocers,173.6,8.29,8.29,1439.21,8.29,0,0.0,0,0,0,0,0,0,86,0.871,0,184.1,2.04,-1.0,-1.6,1.28,1.16,1.1,173.6,0.0
2025-10-18,109,BW-203,Bramblewick Trail Bars Dark Choc 12ct,Bars,Granite Peak Grocers,169.4,8.29,8.29,1404.05,8.29,0,0.0,0,0,0,0,0,0,87,0.881,0,180.1,2.04,-1.0,-1.6,1.28,1.16,1.1,169.4,0.0
2025-10-25,110,BW-203,Bramblewick Trail Bars Dark Choc 12ct,Bars,Granite Peak Grocers,180.0,8.29,8.29,1492.16,8.29,0,0.0,0,0,0,0,0,0,87,0.881,0,174.7,2.04,-1.0,-1.6,1.28,1.16,1.1,180.0,0.0
2025-11-01,111,BW-203,Bramblewick Trail Bars Dark Choc 12ct,Bars,Granite Peak Grocers,157.8,8.29,8.29,1308.03,8.29,0,0.0,0,0,0,1,0,0,87,0.881,0,170.1,2.04,-1.0,-1.6,1.28,1.16,1.1,157.8,0.0
2025-11-08,112,BW-203,Bramblewick Trail Bars Dark Choc 12ct,Bars,Granite Peak Grocers,171.8,8.29,8.29,1424.35,8.29,0,0.0,0,0,0,0,0,0,86,0.871,0,164.3,2.04,-1.0,-1.6,1.28,1.16,1.1,171.8,0.0
2025-11-15,113,BW-203,Bramblewick Trail Bars Dark Choc 12ct,Bars,Granite Peak Grocers,163.8,8.29,8.29,1358.3,8.29,0,0.0,0,0,0,0,0,0,87,0.881,0,163.2,2.04,-1.0,-1.6,1.28,1.16,1.1,163.8,0.0
2025-11-22,114,BW-203,Bramblewick Trail Bars Dark Choc 12ct,Bars,Granite Peak Grocers,128.9,8.29,8.29,1068.68,8.29,0,0.0,0,0,0,0,1,0,87,0.881,0,170.2,2.04,-1.0,-1.6,1.28,1.16,1.1,128.9,0.0
2025-11-29,115,BW-203,Bramblewick Trail Bars Dark Choc 12ct,Bars,Granite Peak Grocers,154.2,8.29,6.22,976.12,6.33,1,0.25,0,1,0,0,0,0,87,0.881,0,172.8,2.04,-1.0,-1.6,1.28,1.16,1.1,170.6,0.0
2025-12-06,116,BW-203,Bramblewick Trail Bars Dark Choc 12ct,Bars,Granite Peak Grocers,143.1,8.29,8.29,1185.96,8.29,0,0.0,0,0,0,0,0,1,87,0.881,0,158.9,2.04,-1.0,-1.6,1.28,1.16,1.1,143.1,0.0
2025-12-13,117,BW-203,Bramblewick Trail Bars Dark Choc 12ct,Bars,Granite Peak Grocers,174.0,8.29,8.29,1442.84,8.29,0,0.0,0,0,0,0,0,0,90,0.912,0,170.5,2.04,-1.0,-1.6,1.28,1.16,1.1,174.0,0.0
2025-12-20,118,BW-203,Bramblewick Trail Bars Dark Choc 12ct,Bars,Granite Peak Grocers,159.2,8.29,8.29,1319.96,8.29,0,0.0,0,0,0,1,1,0,89,0.902,0,177.2,2.04,-1.0,-1.6,1.28,1.16,1.1,159.2,0.0
2025-12-27,119,BW-203,Bramblewick Trail Bars Dark Choc 12ct,Bars,Granite Peak Grocers,287.1,8.29,6.22,1822.92,6.35,1,0.25,0,1,0,1,0,0,88,0.892,0,170.4,2.04,-1.0,-1.6,1.28,1.16,1.1,161.5,125.6
2026-01-03,120,BW-203,Bramblewick Trail Bars Dark Choc 12ct,Bars,Granite Peak Grocers,377.5,8.29,6.22,2488.04,6.59,1,0.25,0,1,0,1,0,0,88,0.892,0,185.7,2.04,-1.0,-1.6,1.28,1.16,1.1,161.5,216.0
2026-01-10,121,BW-203,Bramblewick Trail Bars Dark Choc 12ct,Bars,Granite Peak Grocers,208.5,8.29,8.29,1728.17,8.29,0,0.0,0,0,0,0,0,1,88,0.892,0,188.2,2.04,-1.0,-1.6,1.28,1.16,1.1,208.5,0.0
2026-01-17,122,BW-203,Bramblewick Trail Bars Dark Choc 12ct,Bars,Granite Peak Grocers,159.7,8.29,8.29,1324.27,8.29,0,0.0,0,0,0,1,0,0,89,0.902,0,171.4,2.04,-1.0,-1.6,1.28,1.16,1.1,159.7,0.0
2026-01-24,123,BW-203,Bramblewick Trail Bars Dark Choc 12ct,Bars,Granite Peak Grocers,169.3,8.29,8.29,1403.18,8.29,0,0.0,0,0,0,1,0,0,90,0.912,0,176.0,2.04,-1.0,-1.6,1.28,1.16,1.1,169.3,0.0
2026-01-31,124,BW-203,Bramblewick Trail Bars Dark Choc 12ct,Bars,Granite Peak Grocers,162.3,8.29,8.29,1345.79,8.29,0,0.0,0,0,0,0,1,0,89,0.902,0,176.9,2.04,-1.0,-1.6,1.28,1.16,1.1,162.3,0.0
2026-02-07,125,BW-203,Bramblewick Trail Bars Dark Choc 12ct,Bars,Granite Peak Grocers,185.2,8.29,7.46,1409.07,7.61,1,0.1,0,0,0,0,0,0,89,0.902,0,179.7,2.04,-1.0,-1.6,1.28,1.16,1.1,161.0,24.2
2026-02-14,126,BW-203,Bramblewick Trail Bars Dark Choc 12ct,Bars,Granite Peak Grocers,221.0,8.79,7.91,1754.59,7.94,1,0.1,0,0,0,0,0,0,90,0.912,0,174.1,2.04,-1.0,-1.6,1.28,1.16,1.1,161.0,60.0
2026-02-21,127,BW-203,Bramblewick Trail Bars Dark Choc 12ct,Bars,Granite Peak Grocers,151.0,8.79,8.79,1327.43,8.79,0,0.0,0,0,0,1,0,1,90,0.912,0,176.7,2.04,-1.0,-1.6,1.28,1.16,1.1,151.0,0.0
2026-02-28,128,BW-203,Bramblewick Trail Bars Dark Choc 12ct,Bars,Granite Peak Grocers,173.5,8.79,8.79,1524.69,8.79,0,0.0,0,0,0,1,0,0,88,0.892,0,175.2,2.04,-1.0,-1.6,1.28,1.16,1.1,173.5,0.0
2026-03-07,129,BW-203,Bramblewick Trail Bars Dark Choc 12ct,Bars,Granite Peak Grocers,147.8,8.79,8.79,1299.45,8.79,0,0.0,0,0,0,1,1,0,90,0.912,0,181.6,2.04,-1.0,-1.6,1.28,1.16,1.1,147.8,0.0
2026-03-14,130,BW-203,Bramblewick Trail Bars Dark Choc 12ct,Bars,Granite Peak Grocers,213.3,8.79,7.47,1648.45,7.73,1,0.15,0,0,0,1,0,0,93,0.942,0,190.0,2.04,-1.0,-1.6,1.28,1.16,1.1,161.0,52.3
2026-03-21,131,BW-203,Bramblewick Trail Bars Dark Choc 12ct,Bars,Granite Peak Grocers,159.9,8.79,8.79,1405.11,8.79,0,0.0,0,0,0,0,0,1,93,0.942,0,192.4,2.04,-1.0,-1.6,1.28,1.16,1.1,159.9,0.0
2026-03-28,132,BW-203,Bramblewick Trail Bars Dark Choc 12ct,Bars,Granite Peak Grocers,195.4,8.79,8.79,1717.8,8.79,0,0.0,0,0,0,0,0,0,91,0.922,0,190.6,2.04,-1.0,-1.6,1.28,1.16,1.1,195.4,0.0
2026-04-04,133,BW-203,Bramblewick Trail Bars Dark Choc 12ct,Bars,Granite Peak Grocers,139.2,8.79,8.79,1223.72,8.79,0,0.0,0,0,0,1,0,0,93,0.942,0,197.3,2.04,-1.0,-1.6,1.28,1.16,1.1,139.2,0.0
2026-04-11,134,BW-203,Bramblewick Trail Bars Dark Choc 12ct,Bars,Granite Peak Grocers,200.6,8.79,8.79,1763.49,8.79,0,0.0,0,0,0,1,0,0,92,0.932,0,197.8,2.04,-1.0,-1.6,1.28,1.16,1.1,200.6,0.0
2026-04-18,135,BW-203,Bramblewick Trail Bars Dark Choc 12ct,Bars,Granite Peak Grocers,188.8,8.79,8.79,1659.31,8.79,0,0.0,0,0,0,0,0,0,91,0.922,0,198.5,2.04,-1.0,-1.6,1.28,1.16,1.1,188.8,0.0
2026-04-25,136,BW-203,Bramblewick Trail Bars Dark Choc 12ct,Bars,Granite Peak Grocers,205.1,8.79,8.79,1802.48,8.79,0,0.0,0,0,0,0,0,0,93,0.942,0,206.0,2.04,-1.0,-1.6,1.28,1.16,1.1,205.1,0.0
2026-05-02,137,BW-203,Bramblewick Trail Bars Dark Choc 12ct,Bars,Granite Peak Grocers,198.0,8.79,8.79,1740.74,8.79,0,0.0,0,0,0,0,0,0,91,0.922,0,205.0,2.04,-1.0,-1.6,1.28,1.16,1.1,198.0,0.0
2026-05-09,138,BW-203,Bramblewick Trail Bars Dark Choc 12ct,Bars,Granite Peak Grocers,208.9,8.79,8.79,1836.34,8.79,0,0.0,0,0,0,1,1,0,91,0.922,0,208.8,2.04,-1.0,-1.6,1.28,1.16,1.1,208.9,0.0
2026-05-16,139,BW-203,Bramblewick Trail Bars Dark Choc 12ct,Bars,Granite Peak Grocers,359.4,8.79,6.59,2447.29,6.81,1,0.25,0,1,1,1,0,0,92,0.932,0,215.3,2.04,-1.0,-1.6,1.28,1.16,1.1,196.7,162.7
2026-05-23,140,BW-203,Bramblewick Trail Bars Dark Choc 12ct,Bars,Granite Peak Grocers,225.3,8.79,8.79,1980.77,8.79,0,0.0,0,0,0,1,0,1,93,0.942,0,255.5,2.04,-1.0,-1.6,1.28,1.16,1.1,225.3,0.0
2026-05-30,141,BW-203,Bramblewick Trail Bars Dark Choc 12ct,Bars,Granite Peak Grocers,80.9,8.79,8.79,711.29,8.79,0,0.0,0,0,0,0,0,0,93,0.942,1,279.9,2.04,-1.0,-1.6,1.28,1.16,1.1,80.9,0.0
2026-06-06,142,BW-203,Bramblewick Trail Bars Dark Choc 12ct,Bars,Granite Peak Grocers,262.9,8.79,8.79,2310.96,8.79,0,0.0,0,0,0,0,0,0,93,0.942,0,231.7,2.04,-1.0,-1.6,1.28,1.16,1.1,262.9,0.0
2026-06-13,143,BW-203,Bramblewick Trail Bars Dark Choc 12ct,Bars,Granite Peak Grocers,267.3,8.79,8.79,2349.62,8.79,0,0.0,0,0,0,0,0,0,96,0.973,0,244.1,2.04,-1.0,-1.6,1.28,1.16,1.1,267.3,0.0
2026-06-20,144,BW-203,Bramblewick Trail Bars Dark Choc 12ct,Bars,Granite Peak Grocers,194.0,8.79,8.79,1705.17,8.79,0,0.0,0,0,0,1,0,0,96,0.973,0,248.8,2.04,-1.0,-1.6,1.28,1.16,1.1,194.0,0.0
2026-06-27,145,BW-203,Bramblewick Trail Bars Dark Choc 12ct,Bars,Granite Peak Grocers,223.6,8.79,8.79,1965.75,8.79,0,0.0,0,0,0,1,1,0,95,0.962,0,318.3,2.04,-1.0,-1.6,1.28,1.16,1.1,223.6,0.0
2026-07-04,146,BW-203,Bramblewick Trail Bars Dark Choc 12ct,Bars,Granite Peak Grocers,643.5,8.79,6.59,4343.64,6.75,1,0.25,1,1,0,1,0,0,96,0.973,0,373.4,2.04,-1.0,-1.6,1.28,1.16,1.1,216.2,427.2
2026-07-11,147,BW-203,Bramblewick Trail Bars Dark Choc 12ct,Bars,Granite Peak Grocers,567.0,8.79,6.59,3985.89,7.03,1,0.25,1,1,0,0,0,0,94,0.952,0,253.9,2.04,-1.0,-1.6,1.28,1.16,1.1,216.2,350.8
2026-07-18,148,BW-203,Bramblewick Trail Bars Dark Choc 12ct,Bars,Granite Peak Grocers,644.8,8.79,6.59,4365.15,6.77,1,0.25,1,1,0,1,0,0,95,0.962,0,258.2,2.04,-1.0,-1.6,1.28,1.16,1.1,216.2,428.6
2026-07-25,149,BW-203,Bramblewick Trail Bars Dark Choc 12ct,Bars,Granite Peak Grocers,242.9,8.79,8.79,2134.8,8.79,0,0.0,0,0,0,0,0,1,95,0.962,0,258.5,2.04,-1.0,-1.6,1.28,1.16,1.1,242.9,0.0
2026-08-01,150,BW-203,Bramblewick Trail Bars Dark Choc 12ct,Bars,Granite Peak Grocers,241.9,8.79,8.79,2126.12,8.79,0,0.0,0,0,0,0,0,0,94,0.952,0,254.8,2.04,-1.0,-1.6,1.28,1.16,1.1,241.9,0.0
2026-08-08,151,BW-203,Bramblewick Trail Bars Dark Choc 12ct,Bars,Granite Peak Grocers,265.0,8.79,8.79,2329.59,8.79,0,0.0,0,0,0,0,0,0,94,0.952,0,252.5,2.04,-1.0,-1.6,1.28,1.16,1.1,265.0,0.0
2026-08-15,152,BW-203,Bramblewick Trail Bars Dark Choc 12ct,Bars,Granite Peak Grocers,213.1,8.79,8.79,1873.5,8.79,0,0.0,0,0,0,0,0,0,95,0.962,0,251.6,2.04,-1.0,-1.6,1.28,1.16,1.1,213.1,0.0
2026-08-22,153,BW-203,Bramblewick Trail Bars Dark Choc 12ct,Bars,Granite Peak Grocers,292.8,8.79,8.79,2573.63,8.79,0,0.0,0,0,0,1,0,0,96,0.973,0,291.5,2.04,-1.0,-1.6,1.28,1.16,1.1,292.8,0.0
2026-08-29,154,BW-203,Bramblewick Trail Bars Dark Choc 12ct,Bars,Granite Peak Grocers,332.7,8.79,8.79,2924.85,8.79,0,0.0,0,0,0,0,0,0,96,0.973,0,284.5,2.04,-1.0,-1.6,1.28,1.16,1.1,332.7,0.0
2026-09-05,155,BW-203,Bramblewick Trail Bars Dark Choc 12ct,Bars,Granite Peak Grocers,263.4,8.79,8.79,2315.62,8.79,0,0.0,0,0,0,0,0,0,94,0.952,0,231.8,2.04,-1.0,-1.6,1.28,1.16,1.1,263.4,0.0
2024-06-22,40,BW-203,Bramblewick Trail Bars Dark Choc 12ct,Bars,Hollybrook Foods,60.6,8.49,8.49,514.62,8.49,0,0.0,0,0,0,0,0,0,30,0.642,0,65.5,2.04,-1.0,-1.6,1.28,1.16,1.1,60.6,0.0
2024-06-29,41,BW-203,Bramblewick Trail Bars Dark Choc 12ct,Bars,Hollybrook Foods,77.2,8.49,8.49,655.18,8.49,0,0.0,0,0,0,0,1,0,32,0.685,0,90.3,2.04,-1.0,-1.6,1.28,1.16,1.1,77.2,0.0
2024-07-06,42,BW-203,Bramblewick Trail Bars Dark Choc 12ct,Bars,Hollybrook Foods,237.5,8.49,6.79,1628.96,6.86,1,0.2,1,1,0,0,0,0,31,0.663,0,101.5,2.04,-1.0,-1.6,1.28,1.16,1.1,237.5,0.0
2024-07-13,43,BW-203,Bramblewick Trail Bars Dark Choc 12ct,Bars,Hollybrook Foods,184.0,8.49,6.79,1317.34,7.16,1,0.2,1,1,0,0,0,0,32,0.685,0,72.7,2.04,-1.0,-1.6,1.28,1.16,1.1,184.0,0.0
2024-07-20,44,BW-203,Bramblewick Trail Bars Dark Choc 12ct,Bars,Hollybrook Foods,60.4,8.49,8.49,512.68,8.49,0,0.0,0,0,0,0,0,1,31,0.663,0,70.9,2.04,-1.0,-1.6,1.28,1.16,1.1,60.4,0.0
2024-07-27,45,BW-203,Bramblewick Trail Bars Dark Choc 12ct,Bars,Hollybrook Foods,56.4,8.49,8.49,479.2,8.49,0,0.0,0,0,0,1,0,0,31,0.663,0,70.9,2.04,-1.0,-1.6,1.28,1.16,1.1,56.4,0.0
2024-08-03,46,BW-203,Bramblewick Trail Bars Dark Choc 12ct,Bars,Hollybrook Foods,59.1,8.49,8.49,502.0,8.49,0,0.0,0,0,0,1,0,0,30,0.642,0,68.4,2.04,-1.0,-1.6,1.28,1.16,1.1,59.1,0.0
2024-08-10,47,BW-203,Bramblewick Trail Bars Dark Choc 12ct,Bars,Hollybrook Foods,55.4,8.49,8.49,469.94,8.49,0,0.0,0,0,0,1,1,0,31,0.663,0,70.0,2.04,-1.0,-1.6,1.28,1.16,1.1,55.4,0.0
2024-08-17,48,BW-203,Bramblewick Trail Bars Dark Choc 12ct,Bars,Hollybrook Foods,191.4,8.49,6.37,1265.07,6.61,1,0.25,1,1,0,0,0,0,32,0.685,0,71.2,2.04,-1.0,-1.6,1.28,1.16,1.1,59.8,131.6
2024-08-24,49,BW-203,Bramblewick Trail Bars Dark Choc 12ct,Bars,Hollybrook Foods,208.2,8.49,6.37,1413.88,6.79,1,0.25,1,1,0,0,0,0,30,0.642,0,76.5,2.04,-1.0,-1.6,1.28,1.16,1.1,59.8,148.4
2024-08-31,50,BW-203,Bramblewick Trail Bars Dark Choc 12ct,Bars,Hollybrook Foods,209.9,8.49,6.37,1435.52,6.84,1,0.25,1,1,0,0,0,0,32,0.685,0,79.6,2.04,-1.0,-1.6,1.28,1.16,1.1,59.8,150.2
2024-09-07,51,BW-203,Bramblewick Trail Bars Dark Choc 12ct,Bars,Hollybrook Foods,57.3,8.49,8.49,486.85,8.49,0,0.0,0,0,0,0,0,1,32,0.685,0,66.2,2.04,-1.0,-1.6,1.28,1.16,1.1,57.3,0.0
2024-09-14,52,BW-203,Bramblewick Trail Bars Dark Choc 12ct,Bars,Hollybrook Foods,58.0,8.49,8.49,492.0,8.49,0,0.0,0,0,0,0,0,0,32,0.685,0,64.1,2.04,-1.0,-1.6,1.28,1.16,1.1,58.0,0.0
2024-09-21,53,BW-203,Bramblewick Trail Bars Dark Choc 12ct,Bars,Hollybrook Foods,61.5,8.49,8.49,521.92,8.49,0,0.0,0,0,0,0,0,0,33,0.706,0,63.9,2.04,-1.0,-1.6,1.28,1.16,1.1,61.5,0.0
2024-09-28,54,BW-203,Bramblewick Trail Bars Dark Choc 12ct,Bars,Hollybrook Foods,60.6,8.49,8.49,514.07,8.49,0,0.0,0,0,0,0,0,0,32,0.685,0,59.8,2.04,-1.0,-1.6,1.28,1.16,1.1,60.6,0.0
2024-10-05,55,BW-203,Bramblewick Trail Bars Dark Choc 12ct,Bars,Hollybrook Foods,30.2,8.49,8.49,256.03,8.49,0,0.0,0,0,0,0,0,0,31,0.663,1,55.9,2.04,-1.0,-1.6,1.28,1.16,1.1,30.2,0.0
2024-10-12,56,BW-203,Bramblewick Trail Bars Dark Choc 12ct,Bars,Hollybrook Foods,60.2,8.49,8.49,510.7,8.49,0,0.0,0,0,0,0,0,0,33,0.706,0,57.5,2.04,-1.0,-1.6,1.28,1.16,1.1,60.2,0.0
2024-10-19,57,BW-203,Bramblewick Trail Bars Dark Choc 12ct,Bars,Hollybrook Foods,45.1,8.49,8.49,382.95,8.49,0,0.0,0,0,0,1,1,0,33,0.706,0,55.6,2.04,-1.0,-1.6,1.28,1.16,1.1,45.1,0.0
2024-10-26,58,BW-203,Bramblewick Trail Bars Dark Choc 12ct,Bars,Hollybrook Foods,65.0,8.49,7.64,500.13,7.7,1,0.1,0,0,0,1,0,0,31,0.663,0,50.6,2.04,-1.0,-1.6,1.28,1.16,1.1,58.6,6.5
2024-11-02,59,BW-203,Bramblewick Trail Bars Dark Choc 12ct,Bars,Hollybrook Foods,51.6,8.49,8.49,438.43,8.49,0,0.0,0,0,0,0,0,1,32,0.685,0,50.8,2.04,-1.0,-1.6,1.28,1.16,1.1,51.6,0.0
2024-11-09,60,BW-203,Bramblewick Trail Bars Dark Choc 12ct,Bars,Hollybrook Foods,50.5,8.49,8.49,428.52,8.49,0,0.0,0,0,0,0,0,0,33,0.706,0,51.2,2.04,-1.0,-1.6,1.28,1.16,1.1,50.5,0.0
2024-11-16,61,BW-203,Bramblewick Trail Bars Dark Choc 12ct,Bars,Hollybrook Foods,45.1,8.49,8.49,382.49,8.49,0,0.0,0,0,0,0,0,0,33,0.706,0,50.2,2.04,-1.0,-1.6,1.28,1.16,1.1,45.1,0.0
2024-11-23,62,BW-203,Bramblewick Trail Bars Dark Choc 12ct,Bars,Hollybrook Foods,53.1,8.49,8.49,450.43,8.49,0,0.0,0,0,0,0,1,0,33,0.706,0,52.4,2.04,-1.0,-1.6,1.28,1.16,1.1,53.1,0.0
2024-11-30,63,BW-203,Bramblewick Trail Bars Dark Choc 12ct,Bars,Hollybrook Foods,143.6,8.49,6.37,928.89,6.47,1,0.25,1,1,0,0,0,0,33,0.706,0,53.2,2.04,-1.0,-1.6,1.28,1.16,1.1,52.4,91.2
2024-12-07,64,BW-203,Bramblewick Trail Bars Dark Choc 12ct,Bars,Hollybrook Foods,49.2,8.49,8.49,417.33,8.49,0,0.0,0,0,0,0,0,1,33,0.706,0,48.9,2.04,-1.0,-1.6,1.28,1.16,1.1,49.2,0.0
2024-12-14,65,BW-203,Bramblewick Trail Bars Dark Choc 12ct,Bars,Hollybrook Foods,44.7,8.49,8.49,379.64,8.49,0,0.0,0,0,0,0,1,0,34,0.727,0,52.2,2.04,-1.0,-1.6,1.28,1.16,1.1,44.7,0.0
2024-12-21,66,BW-203,Bramblewick Trail Bars Dark Choc 12ct,Bars,Hollybrook Foods,168.9,8.49,5.94,1082.94,6.41,1,0.3,1,1,1,0,0,0,34,0.727,0,54.9,2.04,-1.0,-1.6,1.28,1.16,1.1,49.8,119.0
2024-12-28,67,BW-203,Bramblewick Trail Bars Dark Choc 12ct,Bars,Hollybrook Foods,152.1,8.49,5.94,1000.85,6.58,1,0.3,1,1,1,0,0,0,33,0.706,0,51.8,2.04,-1.0,-1.6,1.28,1.16,1.1,49.8,102.2
2025-01-04,68,BW-203,Bramblewick Trail Bars Dark Choc 12ct,Bars,Hollybrook Foods,167.7,8.49,5.94,1066.71,6.36,1,0.3,1,1,1,1,0,0,35,0.749,0,59.8,2.04,-1.0,-1.6,1.28,1.16,1.1,49.8,117.8
2025-01-11,69,BW-203,Bramblewick Trail Bars Dark Choc 12ct,Bars,Hollybrook Foods,47.5,8.49,8.49,402.95,8.49,0,0.0,0,0,0,1,0,1,34,0.727,0,58.9,2.04,-1.0,-1.6,1.28,1.16,1.1,47.5,0.0
2025-01-18,70,BW-203,Bramblewick Trail Bars Dark Choc 12ct,Bars,Hollybrook Foods,44.0,8.49,8.49,373.24,8.49,0,0.0,0,0,0,1,0,0,34,0.727,0,53.0,2.04,-1.0,-1.6,1.28,1.16,1.1,44.0,0.0
2025-01-25,71,BW-203,Bramblewick Trail Bars Dark Choc 12ct,Bars,Hollybrook Foods,48.0,8.49,8.49,407.71,8.49,0,0.0,0,0,0,0,1,0,34,0.727,0,53.8,2.04,-1.0,-1.6,1.28,1.16,1.1,48.0,0.0
2025-02-01,72,BW-203,Bramblewick Trail Bars Dark Choc 12ct,Bars,Hollybrook Foods,94.8,8.49,6.79,674.28,7.11,1,0.2,0,1,0,0,0,0,34,0.727,0,54.6,2.04,-1.0,-1.6,1.28,1.16,1.1,47.8,47.0
2025-02-08,73,BW-203,Bramblewick Trail Bars Dark Choc 12ct,Bars,Hollybrook Foods,89.5,8.49,6.79,621.73,6.95,1,0.2,0,1,0,0,0,0,33,0.706,0,53.9,2.04,-1.0,-1.6,1.28,1.16,1.1,47.8,41.8
2025-02-15,74,BW-203,Bramblewick Trail Bars Dark Choc 12ct,Bars,Hollybrook Foods,53.2,8.49,8.49,451.76,8.49,0,0.0,0,0,0,0,0,1,34,0.727,0,56.3,2.04,-1.0,-1.6,1.28,1.16,1.1,53.2,0.0
2025-02-22,75,BW-203,Bramblewick Trail Bars Dark Choc 12ct,Bars,Hollybrook Foods,48.9,8.49,8.49,414.81,8.49,0,0.0,0,0,0,0,0,0,33,0.706,0,55.5,2.04,-1.0,-1.6,1.28,1.16,1.1,48.9,0.0
2025-03-01,76,BW-203,Bramblewick Trail Bars Dark Choc 12ct,Bars,Hollybrook Foods,57.8,8.49,8.49,490.46,8.49,0,0.0,0,0,0,0,0,0,33,0.706,0,56.2,2.04,-1.0,-1.6,1.28,1.16,1.1,57.8,0.0
2025-03-08,77,BW-203,Bramblewick Trail Bars Dark Choc 12ct,Bars,Hollybrook Foods,65.4,8.49,8.49,554.95,8.49,0,0.0,0,0,0,0,1,0,33,0.706,0,57.0,2.04,-1.0,-1.6,1.28,1.16,1.1,65.4,0.0
2025-03-15,78,BW-203,Bramblewick Trail Bars Dark Choc 12ct,Bars,Hollybrook Foods,68.3,8.49,7.22,505.6,7.4,1,0.15,0,0,0,0,0,0,35,0.749,0,61.2,2.04,-1.0,-1.6,1.28,1.16,1.1,48.4,19.8
2025-03-22,79,BW-203,Bramblewick Trail Bars Dark Choc 12ct,Bars,Hollybrook Foods,59.9,8.49,8.49,508.92,8.49,0,0.0,0,0,0,0,0,1,36,0.77,0,63.7,2.04,-1.0,-1.6,1.28,1.16,1.1,59.9,0.0
2025-03-29,80,BW-203,Bramblewick Trail Bars Dark Choc 12ct,Bars,Hollybrook Foods,64.5,8.49,8.49,547.5,8.49,0,0.0,0,0,0,0,0,0,36,0.77,0,64.4,2.04,-1.0,-1.6,1.28,1.16,1.1,64.5,0.0
2025-04-05,81,BW-203,Bramblewick Trail Bars Dark Choc 12ct,Bars,Hollybrook Foods,69.3,8.49,8.49,588.26,8.49,0,0.0,0,0,0,0,0,0,37,0.792,0,67.0,2.04,-1.0,-1.6,1.28,1.16,1.1,69.3,0.0
2025-04-12,82,BW-203,Bramblewick Trail Bars Dark Choc 12ct,Bars,Hollybrook Foods,67.8,8.99,8.99,609.96,8.99,0,0.0,0,0,0,0,0,0,36,0.77,0,62.4,2.04,-1.0,-1.6,1.28,1.16,1.1,67.8,0.0
2025-04-19,83,BW-203,Bramblewick Trail Bars Dark Choc 12ct,Bars,Hollybrook Foods,61.0,8.99,8.99,548.5,8.99,0,0.0,0,0,0,0,0,0,37,0.792,0,65.1,2.04,-1.0,-1.6,1.28,1.16,1.1,61.0,0.0
2025-04-26,84,BW-203,Bramblewick Trail Bars Dark Choc 12ct,Bars,Hollybrook Foods,69.1,8.99,8.99,621.16,8.99,0,0.0,0,0,0,0,0,0,35,0.749,0,62.5,2.04,-1.0,-1.6,1.28,1.16,1.1,69.1,0.0
2025-05-03,85,BW-203,Bramblewick Trail Bars Dark Choc 12ct,Bars,Hollybrook Foods,70.5,8.99,8.99,634.1,8.99,0,0.0,0,0,0,0,0,0,36,0.77,0,65.3,2.04,-1.0,-1.6,1.28,1.16,1.1,70.5,0.0
2025-05-10,86,BW-203,Bramblewick Trail Bars Dark Choc 12ct,Bars,Hollybrook Foods,63.7,8.99,8.99,572.63,8.99,0,0.0,0,0,0,0,1,0,37,0.792,0,68.4,2.04,-1.0,-1.6,1.28,1.16,1.1,63.7,0.0
2025-05-17,87,BW-203,Bramblewick Trail Bars Dark Choc 12ct,Bars,Hollybrook Foods,140.9,8.99,6.74,1012.74,7.19,1,0.25,0,1,0,0,0,0,37,0.792,0,69.7,2.04,-1.0,-1.6,1.28,1.16,1.1,66.2,74.8
2025-05-24,88,BW-203,Bramblewick Trail Bars Dark Choc 12ct,Bars,Hollybrook Foods,169.9,8.99,6.74,1175.62,6.92,1,0.25,0,1,0,0,0,0,35,0.749,0,77.4,2.04,-1.0,-1.6,1.28,1.16,1.1,66.2,103.8
2025-05-31,89,BW-203,Bramblewick Trail Bars Dark Choc 12ct,Bars,Hollybrook Foods,98.1,8.99,8.99,881.65,8.99,0,0.0,0,0,0,0,0,1,37,0.792,0,89.6,2.04,-1.0,-1.6,1.28,1.16,1.1,98.1,0.0
2025-06-07,90,BW-203,Bramblewick Trail Bars Dark Choc 12ct,Bars,Hollybrook Foods,68.9,8.99,8.99,619.84,8.99,0,0.0,0,0,0,0,0,0,35,0.749,0,70.1,2.04,-1.0,-1.6,1.28,1.16,1.1,68.9,0.0
2025-06-14,91,BW-203,Bramblewick Trail Bars Dark Choc 12ct,Bars,Hollybrook Foods,83.5,8.99,8.99,750.68,8.99,0,0.0,0,0,0,0,0,0,37,0.792,0,75.6,2.04,-1.0,-1.6,1.28,1.16,1.1,83.5,0.0
2025-06-21,92,BW-203,Bramblewick Trail Bars Dark Choc 12ct,Bars,Hollybrook Foods,79.6,8.99,8.99,715.65,8.99,0,0.0,0,0,0,0,0,0,38,0.813,0,79.1,2.04,-1.0,-1.6,1.28,1.16,1.1,79.6,0.0
2025-06-28,93,BW-203,Bramblewick Trail Bars Dark Choc 12ct,Bars,Hollybrook Foods,92.0,8.99,8.99,827.19,8.99,0,0.0,0,0,0,0,0,0,37,0.792,0,99.6,2.04,-1.0,-1.6,1.28,1.16,1.1,92.0,0.0
2025-07-05,94,BW-203,Bramblewick Trail Bars Dark Choc 12ct,Bars,Hollybrook Foods,160.1,8.99,8.99,1439.71,8.99,0,0.0,0,0,0,0,0,0,39,0.834,0,121.8,2.04,-1.0,-1.6,1.28,1.16,1.1,160.1,0.0
2025-07-12,95,BW-203,Bramblewick Trail Bars Dark Choc 12ct,Bars,Hollybrook Foods,91.0,8.99,8.99,818.27,8.99,0,0.0,0,0,0,0,0,0,37,0.792,0,80.2,2.04,-1.0,-1.6,1.28,1.16,1.1,91.0,0.0
2025-07-19,96,BW-203,Bramblewick Trail Bars Dark Choc 12ct,Bars,Hollybrook Foods,91.3,8.99,8.99,820.69,8.99,0,0.0,0,0,0,0,0,0,38,0.813,0,82.8,2.04,-1.0,-1.6,1.28,1.16,1.1,91.3,0.0
2025-07-26,97,BW-203,Bramblewick Trail Bars Dark Choc 12ct,Bars,Hollybrook Foods,83.5,8.99,8.99,750.86,8.99,0,0.0,0,0,0,0,0,0,39,0.834,0,85.1,2.04,-1.0,-1.6,1.28,1.16,1.1,83.5,0.0
2025-08-02,98,BW-203,Bramblewick Trail Bars Dark Choc 12ct,Bars,Hollybrook Foods,87.9,8.99,8.99,789.92,8.99,0,0.0,0,0,0,0,0,0,39,0.834,0,84.7,2.04,-1.0,-1.6,1.28,1.16,1.1,87.9,0.0
2025-08-09,99,BW-203,Bramblewick Trail Bars Dark Choc 12ct,Bars,Hollybrook Foods,80.8,8.99,8.99,726.76,8.99,0,0.0,0,0,0,0,0,0,39,0.834,0,84.0,2.04,-1.0,-1.6,1.28,1.16,1.1,80.8,0.0
2025-08-16,100,BW-203,Bramblewick Trail Bars Dark Choc 12ct,Bars,Hollybrook Foods,103.5,8.99,8.99,930.65,8.99,0,0.0,0,0,0,0,0,0,39,0.834,0,82.7,2.04,-1.0,-1.6,1.28,1.16,1.1,103.5,0.0
2025-08-23,101,BW-203,Bramblewick Trail Bars Dark Choc 12ct,Bars,Hollybrook Foods,77.4,8.99,8.99,696.17,8.99,0,0.0,0,0,0,1,0,0,38,0.813,0,92.4,2.04,-1.0,-1.6,1.28,1.16,1.1,77.4,0.0
2025-08-30,102,BW-203,Bramblewick Trail Bars Dark Choc 12ct,Bars,Hollybrook Foods,91.8,8.99,8.99,825.42,8.99,0,0.0,0,0,0,0,0,0,38,0.813,0,90.1,2.04,-1.0,-1.6,1.28,1.16,1.1,91.8,0.0
2025-09-06,103,BW-203,Bramblewick Trail Bars Dark Choc 12ct,Bars,Hollybrook Foods,83.7,8.99,8.99,752.65,8.99,0,0.0,0,0,0,0,0,0,38,0.813,0,75.0,2.04,-1.0,-1.6,1.28,1.16,1.1,83.7,0.0
2025-09-13,104,BW-203,Bramblewick Trail Bars Dark Choc 12ct,Bars,Hollybrook Foods,67.2,8.99,8.99,603.92,8.99,0,0.0,0,0,0,1,0,0,40,0.856,0,76.4,2.04,-1.0,-1.6,1.28,1.16,1.1,67.2,0.0
2025-09-20,105,BW-203,Bramblewick Trail Bars Dark Choc 12ct,Bars,Hollybrook Foods,69.2,8.99,8.99,622.55,8.99,0,0.0,0,0,0,1,0,0,38,0.813,0,70.2,2.04,-1.0,-1.6,1.28,1.16,1.1,69.2,0.0
2025-09-27,106,BW-203,Bramblewick Trail Bars Dark Choc 12ct,Bars,Hollybrook Foods,72.5,8.99,8.99,651.69,8.99,0,0.0,0,0,0,0,0,0,39,0.834,0,69.5,2.04,-1.0,-1.6,1.28,1.16,1.1,72.5,0.0
2025-10-04,107,BW-203,Bramblewick Trail Bars Dark Choc 12ct,Bars,Hollybrook Foods,69.0,8.99,8.99,620.6,8.99,0,0.0,0,0,0,0,0,0,40,0.856,0,68.8,2.04,-1.0,-1.6,1.28,1.16,1.1,69.0,0.0
2025-10-11,108,BW-203,Bramblewick Trail Bars Dark Choc 12ct,Bars,Hollybrook Foods,65.5,8.99,8.99,589.03,8.99,0,0.0,0,0,0,0,0,0,39,0.834,0,64.7,2.04,-1.0,-1.6,1.28,1.16,1.1,65.5,0.0
2025-10-18,109,BW-203,Bramblewick Trail Bars Dark Choc 12ct,Bars,Hollybrook Foods,50.7,8.99,8.99,456.14,8.99,0,0.0,0,0,0,0,0,0,39,0.834,0,62.6,2.04,-1.0,-1.6,1.28,1.16,1.1,50.7,0.0
2025-10-25,110,BW-203,Bramblewick Trail Bars Dark Choc 12ct,Bars,Hollybrook Foods,60.0,8.99,8.99,538.98,8.99,0,0.0,0,0,0,1,0,0,39,0.834,0,60.7,2.04,-1.0,-1.6,1.28,1.16,1.1,60.0,0.0
2025-11-01,111,BW-203,Bramblewick Trail Bars Dark Choc 12ct,Bars,Hollybrook Foods,57.6,8.99,8.99,517.72,8.99,0,0.0,0,0,0,1,0,0,40,0.856,0,60.6,2.04,-1.0,-1.6,1.28,1.16,1.1,57.6,0.0
2025-11-08,112,BW-203,Bramblewick Trail Bars Dark Choc 12ct,Bars,Hollybrook Foods,56.1,9.49,9.49,532.48,9.49,0,0.0,0,0,0,0,0,0,38,0.813,0,53.3,2.04,-1.0,-1.6,1.28,1.16,1.1,56.1,0.0
2025-11-15,113,BW-203,Bramblewick Trail Bars Dark Choc 12ct,Bars,Hollybrook Foods,56.7,9.49,9.49,537.93,9.49,0,0.0,0,0,0,0,0,0,40,0.856,0,55.0,2.04,-1.0,-1.6,1.28,1.16,1.1,56.7,0.0
2025-11-22,114,BW-203,Bramblewick Trail Bars Dark Choc 12ct,Bars,Hollybrook Foods,49.1,9.49,9.49,466.11,9.49,0,0.0,0,0,0,0,0,0,38,0.813,0,54.5,2.04,-1.0,-1.6,1.28,1.16,1.1,49.1,0.0
2025-11-29,115,BW-203,Bramblewick Trail Bars Dark Choc 12ct,Bars,Hollybrook Foods,56.2,9.49,9.49,533.72,9.49,0,0.0,0,0,0,0,0,0,38,0.813,0,55.3,2.04,-1.0,-1.6,1.28,1.16,1.1,56.2,0.0
2025-12-06,116,BW-203,Bramblewick Trail Bars Dark Choc 12ct,Bars,Hollybrook Foods,48.7,9.49,9.49,462.33,9.49,0,0.0,0,0,0,0,0,0,40,0.856,0,53.5,2.04,-1.0,-1.6,1.28,1.16,1.1,48.7,0.0
2025-12-13,117,BW-203,Bramblewick Trail Bars Dark Choc 12ct,Bars,Hollybrook Foods,55.1,9.49,9.49,522.88,9.49,0,0.0,0,0,0,0,0,0,42,0.899,0,58.3,2.04,-1.0,-1.6,1.28,1.16,1.1,55.1,0.0
2025-12-20,118,BW-203,Bramblewick Trail Bars Dark Choc 12ct,Bars,Hollybrook Foods,51.5,9.49,9.49,488.29,9.49,0,0.0,0,0,0,0,0,0,40,0.856,0,58.3,2.04,-1.0,-1.6,1.28,1.16,1.1,51.5,0.0
2025-12-27,119,BW-203,Bramblewick Trail Bars Dark Choc 12ct,Bars,Hollybrook Foods,48.1,9.49,9.49,456.88,9.49,0,0.0,0,0,0,1,0,0,40,0.856,0,56.7,2.04,-1.0,-1.6,1.28,1.16,1.1,48.1,0.0
2026-01-03,120,BW-203,Bramblewick Trail Bars Dark Choc 12ct,Bars,Hollybrook Foods,61.7,9.49,9.49,585.6,9.49,0,0.0,0,0,0,1,1,0,42,0.899,0,64.8,2.04,-1.0,-1.6,1.28,1.16,1.1,61.7,0.0
2026-01-10,121,BW-203,Bramblewick Trail Bars Dark Choc 12ct,Bars,Hollybrook Foods,113.9,9.49,7.59,878.34,7.71,1,0.2,0,1,0,0,0,0,41,0.877,0,64.1,2.04,-1.0,-1.6,1.28,1.16,1.1,53.3,60.6
2026-01-17,122,BW-203,Bramblewick Trail Bars Dark Choc 12ct,Bars,Hollybrook Foods,47.5,9.49,9.49,450.57,9.49,0,0.0,0,0,0,0,0,1,40,0.856,0,56.3,2.04,-1.0,-1.6,1.28,1.16,1.1,47.5,0.0
2026-01-24,123,BW-203,Bramblewick Trail Bars Dark Choc 12ct,Bars,Hollybrook Foods,45.8,9.49,9.49,435.12,9.49,0,0.0,0,0,0,1,0,0,40,0.856,0,57.2,2.04,-1.0,-1.6,1.28,1.16,1.1,45.8,0.0
2026-01-31,124,BW-203,Bramblewick Trail Bars Dark Choc 12ct,Bars,Hollybrook Foods,65.8,9.49,9.49,624.01,9.49,0,0.0,0,0,0,0,0,0,40,0.856,0,58.1,2.04,-1.0,-1.6,1.28,1.16,1.1,65.8,0.0
2026-02-07,125,BW-203,Bramblewick Trail Bars Dark Choc 12ct,Bars,Hollybrook Foods,53.2,9.49,9.49,505.32,9.49,0,0.0,0,0,0,1,0,0,42,0.899,0,61.9,2.04,-1.0,-1.6,1.28,1.16,1.1,53.2,0.0
2026-02-14,126,BW-203,Bramblewick Trail Bars Dark Choc 12ct,Bars,Hollybrook Foods,58.2,9.49,9.49,552.09,9.49,0,0.0,0,0,0,1,0,0,40,0.856,0,59.9,2.04,-1.0,-1.6,1.28,1.16,1.1,58.2,0.0
2026-02-21,127,BW-203,Bramblewick Trail Bars Dark Choc 12ct,Bars,Hollybrook Foods,66.0,9.49,9.49,626.76,9.49,0,0.0,0,0,0,1,0,0,41,0.877,0,62.2,2.04,-1.0,-1.6,1.28,1.16,1.1,66.0,0.0
2026-02-28,128,BW-203,Bramblewick Trail Bars Dark Choc 12ct,Bars,Hollybrook Foods,60.9,9.49,9.49,577.64,9.49,0,0.0,0,0,0,1,0,0,40,0.856,0,61.6,2.04,-1.0,-1.6,1.28,1.16,1.1,60.9,0.0
2026-03-07,129,BW-203,Bramblewick Trail Bars Dark Choc 12ct,Bars,Hollybrook Foods,57.0,9.49,9.49,541.09,9.49,0,0.0,0,0,0,0,0,0,41,0.877,0,63.9,2.04,-1.0,-1.6,1.28,1.16,1.1,57.0,0.0
2026-03-14,130,BW-203,Bramblewick Trail Bars Dark Choc 12ct,Bars,Hollybrook Foods,54.2,9.49,9.49,514.73,9.49,0,0.0,0,0,0,0,0,0,44,0.941,0,69.4,2.04,-1.0,-1.6,1.28,1.16,1.1,54.2,0.0
2026-03-21,131,BW-203,Bramblewick Trail Bars Dark Choc 12ct,Bars,Hollybrook Foods,82.3,9.49,9.49,780.62,9.49,0,0.0,0,0,0,0,0,0,43,0.92,0,68.7,2.04,-1.0,-1.6,1.28,1.16,1.1,82.3,0.0
2026-03-28,132,BW-203,Bramblewick Trail Bars Dark Choc 12ct,Bars,Hollybrook Foods,58.5,9.49,9.49,555.6,9.49,0,0.0,0,0,0,0,0,0,42,0.899,0,67.9,2.04,-1.0,-1.6,1.28,1.16,1.1,58.5,0.0
2026-04-04,133,BW-203,Bramblewick Trail Bars Dark Choc 12ct,Bars,Hollybrook Foods,61.7,9.49,9.49,585.49,9.49,0,0.0,0,0,0,0,0,0,44,0.941,0,72.0,2.04,-1.0,-1.6,1.28,1.16,1.1,61.7,0.0
2026-04-11,134,BW-203,Bramblewick Trail Bars Dark Choc 12ct,Bars,Hollybrook Foods,67.3,9.49,9.49,638.82,9.49,0,0.0,0,0,0,0,0,0,43,0.92,0,71.3,2.04,-1.0,-1.6,1.28,1.16,1.1,67.3,0.0
2026-04-18,135,BW-203,Bramblewick Trail Bars Dark Choc 12ct,Bars,Hollybrook Foods,71.4,9.49,9.49,677.28,9.49,0,0.0,0,0,0,0,0,0,44,0.941,0,74.0,2.04,-1.0,-1.6,1.28,1.16,1.1,71.4,0.0
2026-04-25,136,BW-203,Bramblewick Trail Bars Dark Choc 12ct,Bars,Hollybrook Foods,76.8,9.49,9.49,728.76,9.49,0,0.0,0,0,0,0,0,0,42,0.899,0,71.7,2.04,-1.0,-1.6,1.28,1.16,1.1,76.8,0.0
2026-05-02,137,BW-203,Bramblewick Trail Bars Dark Choc 12ct,Bars,Hollybrook Foods,67.8,9.49,9.49,643.5,9.49,0,0.0,0,0,0,0,0,0,42,0.899,0,72.9,2.04,-1.0,-1.6,1.28,1.16,1.1,67.8,0.0
2026-05-09,138,BW-203,Bramblewick Trail Bars Dark Choc 12ct,Bars,Hollybrook Foods,66.3,9.49,9.49,629.14,9.49,0,0.0,0,0,0,0,1,0,43,0.92,0,76.0,2.04,-1.0,-1.6,1.28,1.16,1.1,66.3,0.0
2026-05-16,139,BW-203,Bramblewick Trail Bars Dark Choc 12ct,Bars,Hollybrook Foods,101.1,9.49,8.54,885.94,8.76,1,0.1,0,0,0,0,0,0,42,0.899,0,75.7,2.04,-1.0,-1.6,1.28,1.16,1.1,67.6,33.6
2026-05-23,140,BW-203,Bramblewick Trail Bars Dark Choc 12ct,Bars,Hollybrook Foods,94.3,9.49,8.54,824.3,8.74,1,0.1,0,0,0,0,0,0,43,0.92,0,90.9,2.04,-1.0,-1.6,1.28,1.16,1.1,67.6,26.8
2026-05-30,141,BW-203,Bramblewick Trail Bars Dark Choc 12ct,Bars,Hollybrook Foods,122.5,9.49,9.49,1162.86,9.49,0,0.0,0,0,0,0,0,1,42,0.899,0,97.2,2.04,-1.0,-1.6,1.28,1.16,1.1,122.5,0.0
2026-06-06,142,BW-203,Bramblewick Trail Bars Dark Choc 12ct,Bars,Hollybrook Foods,70.8,9.49,9.49,671.66,9.49,0,0.0,0,0,0,0,0,0,43,0.92,0,82.4,2.04,-1.0,-1.6,1.28,1.16,1.1,70.8,0.0
2026-06-13,143,BW-203,Bramblewick Trail Bars Dark Choc 12ct,Bars,Hollybrook Foods,88.9,9.49,9.49,843.62,9.49,0,0.0,0,0,0,0,0,0,45,0.963,0,88.0,2.04,-1.0,-1.6,1.28,1.16,1.1,88.9,0.0
2026-06-20,144,BW-203,Bramblewick Trail Bars Dark Choc 12ct,Bars,Hollybrook Foods,104.6,9.49,9.49,992.42,9.49,0,0.0,0,0,0,0,0,0,46,0.984,0,91.6,2.04,-1.0,-1.6,1.28,1.16,1.1,104.6,0.0
2026-06-27,145,BW-203,Bramblewick Trail Bars Dark Choc 12ct,Bars,Hollybrook Foods,119.1,9.49,9.49,1130.37,9.49,0,0.0,0,0,0,0,0,0,46,0.984,0,118.4,2.04,-1.0,-1.6,1.28,1.16,1.1,119.1,0.0
2026-07-04,146,BW-203,Bramblewick Trail Bars Dark Choc 12ct,Bars,Hollybrook Foods,95.2,9.49,9.49,903.16,9.49,0,0.0,0,0,0,1,1,0,45,0.963,0,134.4,2.04,-1.0,-1.6,1.28,1.16,1.1,95.2,0.0
2026-07-11,147,BW-203,Bramblewick Trail Bars Dark Choc 12ct,Bars,Hollybrook Foods,112.9,9.49,8.54,980.92,8.69,1,0.1,0,0,0,0,0,0,46,0.984,0,95.3,2.04,-1.0,-1.6,1.28,1.16,1.1,92.1,20.8
2026-07-18,148,BW-203,Bramblewick Trail Bars Dark Choc 12ct,Bars,Hollybrook Foods,100.9,9.49,9.49,957.34,9.49,0,0.0,0,0,0,0,0,1,46,0.984,0,95.9,2.04,-1.0,-1.6,1.28,1.16,1.1,100.9,0.0
2026-07-25,149,BW-203,Bramblewick Trail Bars Dark Choc 12ct,Bars,Hollybrook Foods,88.9,9.49,9.49,843.55,9.49,0,0.0,0,0,0,0,0,0,46,0.984,0,96.0,2.04,-1.0,-1.6,1.28,1.16,1.1,88.9,0.0
2026-08-01,150,BW-203,Bramblewick Trail Bars Dark Choc 12ct,Bars,Hollybrook Foods,80.2,9.49,9.49,760.95,9.49,0,0.0,0,0,0,0,0,0,46,0.984,0,95.6,2.04,-1.0,-1.6,1.28,1.16,1.1,80.2,0.0
2026-08-08,151,BW-203,Bramblewick Trail Bars Dark Choc 12ct,Bars,Hollybrook Foods,79.6,9.49,9.49,755.34,9.49,0,0.0,0,0,0,1,0,0,44,0.941,0,90.6,2.04,-1.0,-1.6,1.28,1.16,1.1,79.6,0.0
2026-08-15,152,BW-203,Bramblewick Trail Bars Dark Choc 12ct,Bars,Hollybrook Foods,62.3,9.49,9.49,590.79,9.49,0,0.0,0,0,0,1,0,0,44,0.941,0,89.3,2.04,-1.0,-1.6,1.28,1.16,1.1,62.3,0.0
2026-08-22,153,BW-203,Bramblewick Trail Bars Dark Choc 12ct,Bars,Hollybrook Foods,99.6,9.49,9.49,945.58,9.49,0,0.0,0,0,0,1,0,0,46,0.984,0,106.9,2.04,-1.0,-1.6,1.28,1.16,1.1,99.6,0.0
2026-08-29,154,BW-203,Bramblewick Trail Bars Dark Choc 12ct,Bars,Hollybrook Foods,108.7,9.49,9.49,1031.69,9.49,0,0.0,0,0,0,0,0,0,44,0.941,0,99.8,2.04,-1.0,-1.6,1.28,1.16,1.1,108.7,0.0
2026-09-05,155,BW-203,Bramblewick Trail Bars Dark Choc 12ct,Bars,Hollybrook Foods,86.6,9.49,9.49,821.87,9.49,0,0.0,0,0,0,0,0,0,45,0.963,0,84.9,2.04,-1.0,-1.6,1.28,1.16,1.1,86.6,0.0
2023-09-16,0,BW-203,Bramblewick Trail Bars Dark Choc 12ct,Bars,ThriftLane,261.0,6.49,6.49,1693.62,6.49,0,0.0,0,0,0,0,0,0,78,0.511,0,360.6,2.04,-1.0,-1.6,1.28,1.16,1.1,261.0,0.0
2023-09-23,1,BW-203,Bramblewick Trail Bars Dark Choc 12ct,Bars,ThriftLane,342.2,6.49,6.49,2220.82,6.49,0,0.0,0,0,0,0,0,0,78,0.511,0,298.2,2.04,-1.0,-1.6,1.28,1.16,1.1,342.2,0.0
2023-09-30,2,BW-203,Bramblewick Trail Bars Dark Choc 12ct,Bars,ThriftLane,218.2,6.49,6.49,1416.07,6.49,0,0.0,0,0,0,0,1,0,76,0.498,0,280.4,2.04,-1.0,-1.6,1.28,1.16,1.1,218.2,0.0
2023-10-07,3,BW-203,Bramblewick Trail Bars Dark Choc 12ct,Bars,ThriftLane,335.4,6.49,5.52,1901.77,5.67,1,0.15,0,0,0,0,0,0,78,0.511,0,277.6,2.04,-1.0,-1.6,1.28,1.16,1.1,335.4,0.0
2023-10-14,4,BW-203,Bramblewick Trail Bars Dark Choc 12ct,Bars,ThriftLane,428.1,6.49,5.52,2466.04,5.76,1,0.15,0,0,0,0,0,0,77,0.504,0,264.5,2.04,-1.0,-1.6,1.28,1.16,1.1,428.1,0.0
2023-10-21,5,BW-203,Bramblewick Trail Bars Dark Choc 12ct,Bars,ThriftLane,219.2,6.49,6.49,1422.44,6.49,0,0.0,0,0,0,0,0,1,78,0.511,0,259.1,2.04,-1.0,-1.6,1.28,1.16,1.1,219.2,0.0
2023-10-28,6,BW-203,Bramblewick Trail Bars Dark Choc 12ct,Bars,ThriftLane,211.3,6.49,6.49,1371.22,6.49,0,0.0,0,0,0,0,0,0,78,0.511,0,251.3,2.04,-1.0,-1.6,1.28,1.16,1.1,211.3,0.0
2023-11-04,7,BW-203,Bramblewick Trail Bars Dark Choc 12ct,Bars,ThriftLane,234.1,6.49,6.49,1519.04,6.49,0,0.0,0,0,0,0,0,0,76,0.498,0,238.2,2.04,-1.0,-1.6,1.28,1.16,1.1,234.1,0.0
2023-11-11,8,BW-203,Bramblewick Trail Bars Dark Choc 12ct,Bars,ThriftLane,226.9,6.49,6.49,1472.88,6.49,0,0.0,0,0,0,0,0,0,77,0.504,0,235.7,2.04,-1.0,-1.6,1.28,1.16,1.1,226.9,0.0
2023-11-18,9,BW-203,Bramblewick Trail Bars Dark Choc 12ct,Bars,ThriftLane,163.7,6.49,6.49,1062.35,6.49,0,0.0,0,0,0,1,1,0,78,0.511,0,247.8,2.04,-1.0,-1.6,1.28,1.16,1.1,163.7,0.0
2023-11-25,10,BW-203,Bramblewick Trail Bars Dark Choc 12ct,Bars,ThriftLane,642.8,6.49,5.19,3535.49,5.5,1,0.2,1,1,0,1,0,0,77,0.504,0,247.1,2.04,-1.0,-1.6,1.28,1.16,1.1,223.0,419.7
2023-12-02,11,BW-203,Bramblewick Trail Bars Dark Choc 12ct,Bars,ThriftLane,467.6,6.49,5.19,2496.93,5.34,1,0.2,1,1,0,1,0,0,76,0.498,0,223.1,2.04,-1.0,-1.6,1.28,1.16,1.1,223.0,244.6
2023-12-09,12,BW-203,Bramblewick Trail Bars Dark Choc 12ct,Bars,ThriftLane,177.3,6.49,6.49,1150.75,6.49,0,0.0,0,0,0,1,0,1,76,0.498,0,222.1,2.04,-1.0,-1.6,1.28,1.16,1.1,177.3,0.0
2023-12-16,13,BW-203,Bramblewick Trail Bars Dark Choc 12ct,Bars,ThriftLane,245.4,6.49,6.49,1592.72,6.49,0,0.0,0,0,0,0,0,0,81,0.53,0,245.5,2.04,-1.0,-1.6,1.28,1.16,1.1,245.4,0.0
2023-12-23,14,BW-203,Bramblewick Trail Bars Dark Choc 12ct,Bars,ThriftLane,259.2,6.49,6.49,1682.0,6.49,0,0.0,0,0,0,0,0,0,81,0.53,0,257.8,2.04,-1.0,-1.6,1.28,1.16,1.1,259.2,0.0
2023-12-30,15,BW-203,Bramblewick Trail Bars Dark Choc 12ct,Bars,ThriftLane,296.5,6.49,6.49,1924.31,6.49,0,0.0,0,0,0,0,0,0,83,0.543,0,256.9,2.04,-1.0,-1.6,1.28,1.16,1.1,296.5,0.0
2024-01-06,16,BW-203,Bramblewick Trail Bars Dark Choc 12ct,Bars,ThriftLane,96.2,6.49,6.49,624.11,6.49,0,0.0,0,0,0,1,1,0,82,0.537,1,276.5,2.04,-1.0,-1.6,1.28,1.16,1.1,96.2,0.0
2024-01-13,17,BW-203,Bramblewick Trail Bars Dark Choc 12ct,Bars,ThriftLane,589.3,6.49,4.87,2963.96,5.03,1,0.25,1,1,0,1,0,0,81,0.53,0,276.6,2.04,-1.0,-1.6,1.28,1.16,1.1,230.5,358.8
2024-01-20,18,BW-203,Bramblewick Trail Bars Dark Choc 12ct,Bars,ThriftLane,619.4,6.49,4.87,3084.73,4.98,1,0.25,1,1,0,1,0,0,81,0.53,0,248.9,2.04,-1.0,-1.6,1.28,1.16,1.1,230.5,388.9
2024-01-27,19,BW-203,Bramblewick Trail Bars Dark Choc 12ct,Bars,ThriftLane,246.8,6.49,6.49,1601.69,6.49,0,0.0,0,0,0,0,0,1,83,0.543,0,259.0,2.04,-1.0,-1.6,1.28,1.16,1.1,246.8,0.0
2024-02-03,20,BW-203,Bramblewick Trail Bars Dark Choc 12ct,Bars,ThriftLane,278.4,6.49,6.49,1806.98,6.49,0,0.0,0,0,0,0,0,0,82,0.537,0,259.9,2.04,-1.0,-1.6,1.28,1.16,1.1,278.4,0.0
2024-02-10,21,BW-203,Bramblewick Trail Bars Dark Choc 12ct,Bars,ThriftLane,211.7,6.49,6.49,1373.71,6.49,0,0.0,0,0,0,1,0,0,83,0.543,0,267.2,2.04,-1.0,-1.6,1.28,1.16,1.1,211.7,0.0
2024-02-17,22,BW-203,Bramblewick Trail Bars Dark Choc 12ct,Bars,ThriftLane,234.0,6.49,6.49,1518.98,6.49,0,0.0,0,0,0,1,1,0,81,0.53,0,264.7,2.04,-1.0,-1.6,1.28,1.16,1.1,234.0,0.0
2024-02-24,23,BW-203,Bramblewick Trail Bars Dark Choc 12ct,Bars,ThriftLane,530.6,6.49,4.87,2748.39,5.18,1,0.25,0,1,0,1,0,0,81,0.53,0,268.5,2.04,-1.0,-1.6,1.28,1.16,1.1,246.1,284.5
2024-03-02,24,BW-203,Bramblewick Trail Bars Dark Choc 12ct,Bars,ThriftLane,226.8,6.49,6.49,1471.97,6.49,0,0.0,0,0,0,0,0,1,82,0.537,0,275.6,2.04,-1.0,-1.6,1.28,1.16,1.1,226.8,0.0
2024-03-09,25,BW-203,Bramblewick Trail Bars Dark Choc 12ct,Bars,ThriftLane,294.0,6.49,6.49,1908.26,6.49,0,0.0,0,0,0,0,0,0,82,0.537,0,279.1,2.04,-1.0,-1.6,1.28,1.16,1.1,294.0,0.0
2024-03-16,26,BW-203,Bramblewick Trail Bars Dark Choc 12ct,Bars,ThriftLane,288.1,6.49,6.49,1870.05,6.49,0,0.0,0,0,0,0,1,0,88,0.576,0,303.2,2.04,-1.0,-1.6,1.28,1.16,1.1,288.1,0.0
2024-03-23,27,BW-203,Bramblewick Trail Bars Dark Choc 12ct,Bars,ThriftLane,488.3,6.49,5.52,2744.33,5.62,1,0.15,0,0,0,0,0,0,89,0.583,0,310.4,2.04,-1.0,-1.6,1.28,1.16,1.1,262.6,225.7
2024-03-30,28,BW-203,Bramblewick Trail Bars Dark Choc 12ct,Bars,ThriftLane,301.2,6.49,6.49,1954.87,6.49,0,0.0,0,0,0,1,0,1,87,0.57,0,307.0,2.04,-1.0,-1.6,1.28,1.16,1.1,301.2,0.0
2024-04-06,29,BW-203,Bramblewick Trail Bars Dark Choc 12ct,Bars,ThriftLane,281.8,6.49,6.49,1829.06,6.49,0,0.0,0,0,0,1,0,0,87,0.57,0,310.8,2.04,-1.0,-1.6,1.28,1.16,1.1,281.8,0.0
2024-04-13,30,BW-203,Bramblewick Trail Bars Dark Choc 12ct,Bars,ThriftLane,281.9,6.49,6.49,1829.46,6.49,0,0.0,0,0,0,0,0,0,89,0.583,0,322.1,2.04,-1.0,-1.6,1.28,1.16,1.1,281.9,0.0
2024-04-20,31,BW-203,Bramblewick Trail Bars Dark Choc 12ct,Bars,ThriftLane,303.2,6.49,6.49,1967.71,6.49,0,0.0,0,0,0,0,1,0,87,0.57,0,319.3,2.04,-1.0,-1.6,1.28,1.16,1.1,303.2,0.0
2024-04-27,32,BW-203,Bramblewick Trail Bars Dark Choc 12ct,Bars,ThriftLane,375.5,6.49,5.52,2102.7,5.6,1,0.15,0,0,0,0,0,0,89,0.583,0,331.7,2.04,-1.0,-1.6,1.28,1.16,1.1,285.0,90.5
2024-05-04,33,BW-203,Bramblewick Trail Bars Dark Choc 12ct,Bars,ThriftLane,277.9,6.49,6.49,1803.34,6.49,0,0.0,0,0,0,0,0,1,87,0.57,0,329.7,2.04,-1.0,-1.6,1.28,1.16,1.1,277.9,0.0
2024-05-11,34,BW-203,Bramblewick Trail Bars Dark Choc 12ct,Bars,ThriftLane,383.5,6.49,6.49,2489.14,6.49,0,0.0,0,0,0,0,0,0,87,0.57,0,335.6,2.04,-1.0,-1.6,1.28,1.16,1.1,383.5,0.0
2024-05-18,35,BW-203,Bramblewick Trail Bars Dark Choc 12ct,Bars,ThriftLane,370.2,6.49,6.49,2402.41,6.49,0,0.0,0,0,0,1,0,0,88,0.576,0,398.1,2.04,-1.0,-1.6,1.28,1.16,1.1,370.2,0.0
2024-05-25,36,BW-203,Bramblewick Trail Bars Dark Choc 12ct,Bars,ThriftLane,341.3,6.99,6.99,2385.56,6.99,0,0.0,0,0,0,1,0,0,88,0.576,0,404.4,2.04,-1.0,-1.6,1.28,1.16,1.1,341.3,0.0
2024-06-01,37,BW-203,Bramblewick Trail Bars Dark Choc 12ct,Bars,ThriftLane,279.9,6.99,6.99,1956.29,6.99,0,0.0,0,0,0,0,1,0,87,0.57,0,330.9,2.04,-1.0,-1.6,1.28,1.16,1.1,279.9,0.0
2024-06-08,38,BW-203,Bramblewick Trail Bars Dark Choc 12ct,Bars,ThriftLane,416.9,6.99,6.29,2647.26,6.35,1,0.1,0,0,0,1,0,0,89,0.583,0,345.5,2.04,-1.0,-1.6,1.28,1.16,1.1,292.5,124.4
2024-06-15,39,BW-203,Bramblewick Trail Bars Dark Choc 12ct,Bars,ThriftLane,528.5,6.99,6.29,3340.39,6.32,1,0.1,0,0,0,0,0,0,94,0.615,0,372.3,2.04,-1.0,-1.6,1.28,1.16,1.1,292.5,236.0
2024-06-22,40,BW-203,Bramblewick Trail Bars Dark Choc 12ct,Bars,ThriftLane,373.9,6.99,6.99,2613.77,6.99,0,0.0,0,0,0,0,0,1,94,0.615,0,379.3,2.04,-1.0,-1.6,1.28,1.16,1.1,373.9,0.0
2024-06-29,41,BW-203,Bramblewick Trail Bars Dark Choc 12ct,Bars,ThriftLane,443.8,6.99,6.99,3102.47,6.99,0,0.0,0,0,0,1,0,0,95,0.622,0,495.4,2.04,-1.0,-1.6,1.28,1.16,1.1,443.8,0.0
2024-07-06,42,BW-203,Bramblewick Trail Bars Dark Choc 12ct,Bars,ThriftLane,516.2,6.99,6.99,3608.49,6.99,0,0.0,0,0,0,1,0,0,95,0.622,0,574.8,2.04,-1.0,-1.6,1.28,1.16,1.1,516.2,0.0
2024-07-13,43,BW-203,Bramblewick Trail Bars Dark Choc 12ct,Bars,ThriftLane,401.7,6.99,6.99,2807.56,6.99,0,0.0,0,0,0,1,0,0,94,0.615,0,394.8,2.04,-1.0,-1.6,1.28,1.16,1.1,401.7,0.0
2024-07-20,44,BW-203,Bramblewick Trail Bars Dark Choc 12ct,Bars,ThriftLane,429.9,6.99,6.99,3004.98,6.99,0,0.0,0,0,0,0,0,0,93,0.609,0,392.8,2.04,-1.0,-1.6,1.28,1.16,1.1,429.9,0.0
2024-07-27,45,BW-203,Bramblewick Trail Bars Dark Choc 12ct,Bars,ThriftLane,382.9,6.99,6.99,2676.7,6.99,0,0.0,0,0,0,0,1,0,93,0.609,0,393.2,2.04,-1.0,-1.6,1.28,1.16,1.1,382.9,0.0
2024-08-03,46,BW-203,Bramblewick Trail Bars Dark Choc 12ct,Bars,ThriftLane,342.2,6.99,6.29,2207.35,6.45,1,0.1,0,0,0,0,0,0,93,0.609,0,391.6,2.04,-1.0,-1.6,1.28,1.16,1.1,392.3,0.0
2024-08-10,47,BW-203,Bramblewick Trail Bars Dark Choc 12ct,Bars,ThriftLane,509.6,6.99,6.29,3256.04,6.39,1,0.1,0,0,0,1,0,0,94,0.615,0,392.1,2.04,-1.0,-1.6,1.28,1.16,1.1,392.3,117.3
2024-08-17,48,BW-203,Bramblewick Trail Bars Dark Choc 12ct,Bars,ThriftLane,361.6,6.99,6.99,2527.41,6.99,0,0.0,0,0,0,0,0,1,93,0.609,0,382.2,2.04,-1.0,-1.6,1.28,1.16,1.1,361.6,0.0
2024-08-24,49,BW-203,Bramblewick Trail Bars Dark Choc 12ct,Bars,ThriftLane,417.1,6.99,6.99,2915.23,6.99,0,0.0,0,0,0,0,1,0,93,0.609,0,438.0,2.04,-1.0,-1.6,1.28,1.16,1.1,417.1,0.0
2024-08-31,50,BW-203,Bramblewick Trail Bars Dark Choc 12ct,Bars,ThriftLane,662.6,6.99,5.94,4048.63,6.11,1,0.15,0,0,0,1,0,0,95,0.622,0,436.6,2.04,-1.0,-1.6,1.28,1.16,1.1,409.4,253.2
2024-09-07,51,BW-203,Bramblewick Trail Bars Dark Choc 12ct,Bars,ThriftLane,419.2,6.99,5.94,2523.39,6.02,1,0.15,0,0,0,1,0,0,95,0.622,0,363.0,2.04,-1.0,-1.6,1.28,1.16,1.1,409.4,9.8
2024-09-14,52,BW-203,Bramblewick Trail Bars Dark Choc 12ct,Bars,ThriftLane,306.1,6.99,6.99,2139.83,6.99,0,0.0,0,0,0,1,0,1,98,0.642,0,362.8,2.04,-1.0,-1.6,1.28,1.16,1.1,306.1,0.0
2024-09-21,53,BW-203,Bramblewick Trail Bars Dark Choc 12ct,Bars,ThriftLane,358.1,6.99,6.99,2503.25,6.99,0,0.0,0,0,0,0,0,0,99,0.648,0,354.2,2.04,-1.0,-1.6,1.28,1.16,1.1,358.1,0.0
2024-09-28,54,BW-203,Bramblewick Trail Bars Dark Choc 12ct,Bars,ThriftLane,292.8,6.99,6.99,2046.93,6.99,0,0.0,0,0,0,0,0,0,100,0.655,0,345.2,2.04,-1.0,-1.6,1.28,1.16,1.1,292.8,0.0
2024-10-05,55,BW-203,Bramblewick Trail Bars Dark Choc 12ct,Bars,ThriftLane,321.1,6.99,6.99,2244.58,6.99,0,0.0,0,0,0,0,0,0,99,0.648,0,329.7,2.04,-1.0,-1.6,1.28,1.16,1.1,321.1,0.0
2024-10-12,56,BW-203,Bramblewick Trail Bars Dark Choc 12ct,Bars,ThriftLane,318.6,6.99,6.99,2226.81,6.99,0,0.0,0,0,0,0,0,0,98,0.642,0,315.1,2.04,-1.0,-1.6,1.28,1.16,1.1,318.6,0.0
2024-10-19,57,BW-203,Bramblewick Trail Bars Dark Choc 12ct,Bars,ThriftLane,343.1,6.99,6.99,2398.19,6.99,0,0.0,0,0,0,0,0,0,98,0.642,0,304.7,2.04,-1.0,-1.6,1.28,1.16,1.1,343.1,0.0
2024-10-26,58,BW-203,Bramblewick Trail Bars Dark Choc 12ct,Bars,ThriftLane,267.0,6.99,6.99,1866.24,6.99,0,0.0,0,0,0,1,1,0,99,0.648,0,298.5,2.04,-1.0,-1.6,1.28,1.16,1.1,267.0,0.0
2024-11-02,59,BW-203,Bramblewick Trail Bars Dark Choc 12ct,Bars,ThriftLane,374.4,6.99,5.94,2253.65,6.02,1,0.15,0,0,0,0,0,0,99,0.648,0,290.4,2.04,-1.0,-1.6,1.28,1.16,1.1,319.8,54.5
2024-11-09,60,BW-203,Bramblewick Trail Bars Dark Choc 12ct,Bars,ThriftLane,286.2,6.99,6.99,2000.42,6.99,0,0.0,0,0,0,0,0,1,99,0.648,0,283.6,2.04,-1.0,-1.6,1.28,1.16,1.1,286.2,0.0
2024-11-16,61,BW-203,Bramblewick Trail Bars Dark Choc 12ct,Bars,ThriftLane,187.5,6.99,6.99,1310.33,6.99,0,0.0,0,0,0,1,1,0,100,0.655,0,281.2,2.04,-1.0,-1.6,1.28,1.16,1.1,187.5,0.0
2024-11-23,62,BW-203,Bramblewick Trail Bars Dark Choc 12ct,Bars,ThriftLane,647.4,6.99,5.24,3670.8,5.67,1,0.25,1,1,0,1,0,0,100,0.655,0,293.2,2.04,-1.0,-1.6,1.28,1.16,1.1,305.7,341.7
2024-11-30,63,BW-203,Bramblewick Trail Bars Dark Choc 12ct,Bars,ThriftLane,250.5,6.99,6.99,1750.99,6.99,0,0.0,0,0,0,0,0,1,99,0.648,0,294.6,2.04,-1.0,-1.6,1.28,1.16,1.1,250.5,0.0
2024-12-07,64,BW-203,Bramblewick Trail Bars Dark Choc 12ct,Bars,ThriftLane,254.0,6.99,6.99,1775.53,6.99,0,0.0,0,0,0,1,0,0,100,0.655,0,273.5,2.04,-1.0,-1.6,1.28,1.16,1.1,254.0,0.0
2024-12-14,65,BW-203,Bramblewick Trail Bars Dark Choc 12ct,Bars,ThriftLane,360.4,6.99,6.99,2519.23,6.99,0,0.0,0,0,0,0,0,0,105,0.687,0,297.8,2.04,-1.0,-1.6,1.28,1.16,1.1,360.4,0.0
2024-12-21,66,BW-203,Bramblewick Trail Bars Dark Choc 12ct,Bars,ThriftLane,327.6,6.99,6.99,2290.03,6.99,0,0.0,0,0,0,0,1,0,106,0.694,0,315.8,2.04,-1.0,-1.6,1.28,1.16,1.1,327.6,0.0
2024-12-28,67,BW-203,Bramblewick Trail Bars Dark Choc 12ct,Bars,ThriftLane,739.5,6.99,5.59,4267.18,5.77,1,0.2,1,1,0,0,0,0,105,0.687,0,304.1,2.04,-1.0,-1.6,1.28,1.16,1.1,276.6,462.9
2025-01-04,68,BW-203,Bramblewick Trail Bars Dark Choc 12ct,Bars,ThriftLane,788.2,6.99,5.59,4634.35,5.88,1,0.2,1,1,0,1,0,0,105,0.687,0,331.3,2.04,-1.0,-1.6,1.28,1.16,1.1,276.6,511.6
2025-01-11,69,BW-203,Bramblewick Trail Bars Dark Choc 12ct,Bars,ThriftLane,901.7,6.99,5.59,5274.78,5.85,1,0.2,1,1,0,1,0,0,106,0.694,0,338.8,2.04,-1.0,-1.6,1.28,1.16,1.1,276.6,625.1
2025-01-18,70,BW-203,Bramblewick Trail Bars Dark Choc 12ct,Bars,ThriftLane,215.6,6.99,6.99,1506.99,6.99,0,0.0,0,0,0,1,0,1,104,0.681,0,299.1,2.04,-1.0,-1.6,1.28,1.16,1.1,215.6,0.0
2025-01-25,71,BW-203,Bramblewick Trail Bars Dark Choc 12ct,Bars,ThriftLane,319.7,6.99,6.99,2234.67,6.99,0,0.0,0,0,0,0,0,0,104,0.681,0,303.7,2.04,-1.0,-1.6,1.28,1.16,1.1,319.7,0.0
2025-02-01,72,BW-203,Bramblewick Trail Bars Dark Choc 12ct,Bars,ThriftLane,251.2,6.99,6.99,1755.66,6.99,0,0.0,0,0,0,1,0,0,106,0.694,0,314.4,2.04,-1.0,-1.6,1.28,1.16,1.1,251.2,0.0
2025-02-08,73,BW-203,Bramblewick Trail Bars Dark Choc 12ct,Bars,ThriftLane,287.1,6.99,6.99,2006.56,6.99,0,0.0,0,0,0,0,1,0,105,0.687,0,316.3,2.04,-1.0,-1.6,1.28,1.16,1.1,287.1,0.0
2025-02-15,74,BW-203,Bramblewick Trail Bars Dark Choc 12ct,Bars,ThriftLane,657.9,6.99,5.24,3486.71,5.3,1,0.25,0,1,0,1,0,0,106,0.694,0,324.2,2.04,-1.0,-1.6,1.28,1.16,1.1,270.6,387.3
2025-02-22,75,BW-203,Bramblewick Trail Bars Dark Choc 12ct,Bars,ThriftLane,673.9,6.99,5.24,3787.26,5.62,1,0.25,0,1,0,1,0,0,105,0.687,0,325.8,2.04,-1.0,-1.6,1.28,1.16,1.1,270.6,403.3
2025-03-01,76,BW-203,Bramblewick Trail Bars Dark Choc 12ct,Bars,ThriftLane,305.8,6.99,6.99,2137.77,6.99,0,0.0,0,0,0,0,0,1,106,0.694,0,333.4,2.04,-1.0,-1.6,1.28,1.16,1.1,305.8,0.0
2025-03-08,77,BW-203,Bramblewick Trail Bars Dark Choc 12ct,Bars,ThriftLane,373.7,6.99,6.99,2611.86,6.99,0,0.0,0,0,0,0,0,0,104,0.681,0,331.3,2.04,-1.0,-1.6,1.28,1.16,1.1,373.7,0.0
2025-03-15,78,BW-203,Bramblewick Trail Bars Dark Choc 12ct,Bars,ThriftLane,342.7,6.99,6.99,2395.43,6.99,0,0.0,0,0,0,0,1,0,111,0.727,0,358.0,2.04,-1.0,-1.6,1.28,1.16,1.1,342.7,0.0
2025-03-22,79,BW-203,Bramblewick Trail Bars Dark Choc 12ct,Bars,ThriftLane,417.0,6.99,6.29,2681.58,6.43,1,0.1,0,0,0,0,0,0,110,0.72,0,359.0,2.04,-1.0,-1.6,1.28,1.16,1.1,312.8,104.2
2025-03-29,80,BW-203,Bramblewick Trail Bars Dark Choc 12ct,Bars,ThriftLane,341.8,6.99,6.99,2389.22,6.99,0,0.0,0,0,0,0,0,1,111,0.727,0,366.6,2.04,-1.0,-1.6,1.28,1.16,1.1,341.8,0.0
2025-04-05,81,BW-203,Bramblewick Trail Bars Dark Choc 12ct,Bars,ThriftLane,370.4,6.99,6.99,2589.12,6.99,0,0.0,0,0,0,0,0,0,110,0.72,0,367.8,2.04,-1.0,-1.6,1.28,1.16,1.1,370.4,0.0
2025-04-12,82,BW-203,Bramblewick Trail Bars Dark Choc 12ct,Bars,ThriftLane,357.3,6.99,6.99,2497.53,6.99,0,0.0,0,0,0,1,1,0,110,0.72,0,372.6,2.04,-1.0,-1.6,1.28,1.16,1.1,357.3,0.0
2025-04-19,83,BW-203,Bramblewick Trail Bars Dark Choc 12ct,Bars,ThriftLane,568.8,6.99,5.94,3515.35,6.18,1,0.15,0,0,0,1,0,0,110,0.72,0,377.9,2.04,-1.0,-1.6,1.28,1.16,1.1,342.2,226.5
2025-04-26,84,BW-203,Bramblewick Trail Bars Dark Choc 12ct,Bars,ThriftLane,305.7,6.99,6.99,2136.69,6.99,0,0.0,0,0,0,1,0,1,112,0.733,0,390.6,2.04,-1.0,-1.6,1.28,1.16,1.1,305.7,0.0
2025-05-03,85,BW-203,Bramblewick Trail Bars Dark Choc 12ct,Bars,ThriftLane,388.8,6.99,6.99,2717.61,6.99,0,0.0,0,0,0,0,0,0,112,0.733,0,397.2,2.04,-1.0,-1.6,1.28,1.16,1.1,388.8,0.0
2025-05-10,86,BW-203,Bramblewick Trail Bars Dark Choc 12ct,Bars,ThriftLane,379.6,6.99,6.99,2653.46,6.99,0,0.0,0,0,0,0,0,0,111,0.727,0,400.7,2.04,-1.0,-1.6,1.28,1.16,1.1,379.6,0.0
2025-05-17,87,BW-203,Bramblewick Trail Bars Dark Choc 12ct,Bars,ThriftLane,384.7,6.99,6.99,2689.3,6.99,0,0.0,0,0,0,1,0,0,112,0.733,0,412.2,2.04,-1.0,-1.6,1.28,1.16,1.1,384.7,0.0
2025-05-24,88,BW-203,Bramblewick Trail Bars Dark Choc 12ct,Bars,ThriftLane,424.4,6.99,6.99,2966.34,6.99,0,0.0,0,0,0,1,1,0,112,0.733,0,483.8,2.04,-1.0,-1.6,1.28,1.16,1.1,424.4,0.0
2025-05-31,89,BW-203,Bramblewick Trail Bars Dark Choc 12ct,Bars,ThriftLane,1333.9,6.99,5.24,7456.23,5.59,1,0.25,1,1,0,1,0,0,112,0.733,0,529.7,2.04,-1.0,-1.6,1.28,1.16,1.1,375.0,958.9
2025-06-07,90,BW-203,Bramblewick Trail Bars Dark Choc 12ct,Bars,ThriftLane,867.4,6.99,5.24,4649.26,5.36,1,0.25,1,1,0,1,0,0,110,0.72,0,430.5,2.04,-1.0,-1.6,1.28,1.16,1.1,375.0,492.4
2025-06-14,91,BW-203,Bramblewick Trail Bars Dark Choc 12ct,Bars,ThriftLane,447.8,6.99,6.99,3130.36,6.99,0,0.0,0,0,0,0,0,1,117,0.766,0,467.1,2.04,-1.0,-1.6,1.28,1.16,1.1,447.8,0.0
2025-06-21,92,BW-203,Bramblewick Trail Bars Dark Choc 12ct,Bars,ThriftLane,444.8,6.99,6.99,3109.37,6.99,0,0.0,0,0,0,0,0,0,117,0.766,0,475.9,2.04,-1.0,-1.6,1.28,1.16,1.1,444.8,0.0
2025-06-28,93,BW-203,Bramblewick Trail Bars Dark Choc 12ct,Bars,ThriftLane,552.6,6.99,6.99,3862.7,6.99,0,0.0,0,0,0,0,0,0,118,0.773,0,620.2,2.04,-1.0,-1.6,1.28,1.16,1.1,552.6,0.0
2025-07-05,94,BW-203,Bramblewick Trail Bars Dark Choc 12ct,Bars,ThriftLane,716.2,6.99,6.99,5006.5,6.99,0,0.0,0,0,0,0,0,0,117,0.766,0,713.5,2.04,-1.0,-1.6,1.28,1.16,1.1,716.2,0.0
2025-07-12,95,BW-203,Bramblewick Trail Bars Dark Choc 12ct,Bars,ThriftLane,406.5,6.99,6.99,2841.4,6.99,0,0.0,0,0,0,1,1,0,118,0.773,0,499.5,2.04,-1.0,-1.6,1.28,1.16,1.1,406.5,0.0
2025-07-19,96,BW-203,Bramblewick Trail Bars Dark Choc 12ct,Bars,ThriftLane,644.7,7.49,6.37,4216.41,6.54,1,0.15,0,0,0,0,0,0,117,0.766,0,464.9,2.04,-1.0,-1.6,1.28,1.16,1.1,434.6,210.1
2025-07-26,97,BW-203,Bramblewick Trail Bars Dark Choc 12ct,Bars,ThriftLane,649.0,7.49,6.37,4166.71,6.42,1,0.15,0,0,0,0,0,0,118,0.773,0,469.3,2.04,-1.0,-1.6,1.28,1.16,1.1,434.6,214.4
2025-08-02,98,BW-203,Bramblewick Trail Bars Dark Choc 12ct,Bars,ThriftLane,433.0,7.49,7.49,3243.0,7.49,0,0.0,0,0,0,0,0,1,118,0.773,0,467.4,2.04,-1.0,-1.6,1.28,1.16,1.1,433.0,0.0
2025-08-09,99,BW-203,Bramblewick Trail Bars Dark Choc 12ct,Bars,ThriftLane,466.8,7.49,7.49,3496.1,7.49,0,0.0,0,0,0,0,1,0,117,0.766,0,459.0,2.04,-1.0,-1.6,1.28,1.16,1.1,466.8,0.0
2025-08-16,100,BW-203,Bramblewick Trail Bars Dark Choc 12ct,Bars,ThriftLane,553.1,7.49,6.74,3744.19,6.77,1,0.1,0,0,0,1,0,0,116,0.759,0,448.5,2.04,-1.0,-1.6,1.28,1.16,1.1,446.3,106.8
2025-08-23,101,BW-203,Bramblewick Trail Bars Dark Choc 12ct,Bars,ThriftLane,613.0,7.49,6.74,4186.96,6.83,1,0.1,0,0,0,0,0,0,118,0.773,0,522.7,2.04,-1.0,-1.6,1.28,1.16,1.1,446.3,166.7
2025-08-30,102,BW-203,Bramblewick Trail Bars Dark Choc 12ct,Bars,ThriftLane,430.2,7.49,7.49,3221.95,7.49,0,0.0,0,0,0,0,0,1,117,0.766,0,505.8,2.04,-1.0,-1.6,1.28,1.16,1.1,430.2,0.0
2025-09-06,103,BW-203,Bramblewick Trail Bars Dark Choc 12ct,Bars,ThriftLane,468.3,7.49,7.49,3507.67,7.49,0,0.0,0,0,0,0,0,0,117,0.766,0,420.6,2.04,-1.0,-1.6,1.28,1.16,1.1,468.3,0.0
2025-09-13,104,BW-203,Bramblewick Trail Bars Dark Choc 12ct,Bars,ThriftLane,465.9,7.49,7.49,3489.64,7.49,0,0.0,0,0,0,0,0,0,121,0.792,0,421.3,2.04,-1.0,-1.6,1.28,1.16,1.1,465.9,0.0
2025-09-20,105,BW-203,Bramblewick Trail Bars Dark Choc 12ct,Bars,ThriftLane,456.2,7.49,7.49,3417.22,7.49,0,0.0,0,0,0,0,0,0,121,0.792,0,407.2,2.04,-1.0,-1.6,1.28,1.16,1.1,456.2,0.0
2025-09-27,106,BW-203,Bramblewick Trail Bars Dark Choc 12ct,Bars,ThriftLane,310.5,7.49,7.49,2325.74,7.49,0,0.0,0,0,0,1,0,0,121,0.792,0,393.0,2.04,-1.0,-1.6,1.28,1.16,1.1,310.5,0.0
2025-10-04,107,BW-203,Bramblewick Trail Bars Dark Choc 12ct,Bars,ThriftLane,287.6,7.49,7.49,2153.99,7.49,0,0.0,0,0,0,1,1,0,121,0.792,0,379.1,2.04,-1.0,-1.6,1.28,1.16,1.1,287.6,0.0
2025-10-11,108,BW-203,Bramblewick Trail Bars Dark Choc 12ct,Bars,ThriftLane,446.1,7.49,6.74,3082.36,6.91,1,0.1,0,0,0,1,0,0,121,0.792,0,366.0,2.04,-1.0,-1.6,1.28,1.16,1.1,444.6,1.5
2025-10-18,109,BW-203,Bramblewick Trail Bars Dark Choc 12ct,Bars,ThriftLane,480.5,7.49,6.74,3296.3,6.86,1,0.1,0,0,0,0,0,0,123,0.805,0,359.7,2.04,-1.0,-1.6,1.28,1.16,1.1,444.6,35.9
2025-10-25,110,BW-203,Bramblewick Trail Bars Dark Choc 12ct,Bars,ThriftLane,325.5,7.49,7.49,2438.35,7.49,0,0.0,0,0,0,0,0,1,123,0.805,0,348.8,2.04,-1.0,-1.6,1.28,1.16,1.1,325.5,0.0
2025-11-01,111,BW-203,Bramblewick Trail Bars Dark Choc 12ct,Bars,ThriftLane,368.2,7.49,7.49,2757.56,7.49,0,0.0,0,0,0,0,1,0,123,0.805,0,339.4,2.04,-1.0,-1.6,1.28,1.16,1.1,368.2,0.0
2025-11-08,112,BW-203,Bramblewick Trail Bars Dark Choc 12ct,Bars,ThriftLane,335.4,7.49,6.74,2320.67,6.92,1,0.1,0,0,0,0,0,0,121,0.792,0,326.1,2.04,-1.0,-1.6,1.28,1.16,1.1,399.2,0.0
2025-11-15,113,BW-203,Bramblewick Trail Bars Dark Choc 12ct,Bars,ThriftLane,417.0,7.49,6.74,2852.24,6.84,1,0.1,0,0,0,0,0,0,123,0.805,0,325.3,2.04,-1.0,-1.6,1.28,1.16,1.1,399.2,17.8
2025-11-22,114,BW-203,Bramblewick Trail Bars Dark Choc 12ct,Bars,ThriftLane,255.8,7.49,7.49,1916.08,7.49,0,0.0,0,0,0,0,0,1,123,0.805,0,339.2,2.04,-1.0,-1.6,1.28,1.16,1.1,255.8,0.0
2025-11-29,115,BW-203,Bramblewick Trail Bars Dark Choc 12ct,Bars,ThriftLane,277.5,7.49,7.49,2078.26,7.49,0,0.0,0,0,0,1,0,0,123,0.805,0,344.3,2.04,-1.0,-1.6,1.28,1.16,1.1,277.5,0.0
2025-12-06,116,BW-203,Bramblewick Trail Bars Dark Choc 12ct,Bars,ThriftLane,247.9,7.49,7.49,1856.67,7.49,0,0.0,0,0,0,1,0,0,123,0.805,0,316.5,2.04,-1.0,-1.6,1.28,1.16,1.1,247.9,0.0
2025-12-13,117,BW-203,Bramblewick Trail Bars Dark Choc 12ct,Bars,ThriftLane,318.7,7.49,7.49,2387.08,7.49,0,0.0,0,0,0,1,0,0,127,0.831,0,338.8,2.04,-1.0,-1.6,1.28,1.16,1.1,318.7,0.0
2025-12-20,118,BW-203,Bramblewick Trail Bars Dark Choc 12ct,Bars,ThriftLane,295.6,7.49,7.49,2214.15,7.49,0,0.0,0,0,0,1,0,0,128,0.838,0,358.7,2.04,-1.0,-1.6,1.28,1.16,1.1,295.6,0.0
2025-12-27,119,BW-203,Bramblewick Trail Bars Dark Choc 12ct,Bars,ThriftLane,309.6,7.49,7.49,2318.71,7.49,0,0.0,0,0,0,1,0,0,129,0.845,0,351.4,2.04,-1.0,-1.6,1.28,1.16,1.1,309.6,0.0
2026-01-03,120,BW-203,Bramblewick Trail Bars Dark Choc 12ct,Bars,ThriftLane,398.2,7.49,7.49,2982.63,7.49,0,0.0,0,0,0,0,1,0,127,0.831,0,376.9,2.04,-1.0,-1.6,1.28,1.16,1.1,398.2,0.0
2026-01-10,121,BW-203,Bramblewick Trail Bars Dark Choc 12ct,Bars,ThriftLane,458.2,7.49,6.37,2964.61,6.47,1,0.15,0,0,0,1,0,0,128,0.838,0,384.8,2.04,-1.0,-1.6,1.28,1.16,1.1,302.6,155.6
2026-01-17,122,BW-203,Bramblewick Trail Bars Dark Choc 12ct,Bars,ThriftLane,514.2,7.49,6.37,3388.61,6.59,1,0.15,0,0,0,1,0,0,129,0.845,0,349.0,2.04,-1.0,-1.6,1.28,1.16,1.1,302.6,211.6
2026-01-24,123,BW-203,Bramblewick Trail Bars Dark Choc 12ct,Bars,ThriftLane,257.5,7.49,7.49,1928.86,7.49,0,0.0,0,0,0,1,0,1,127,0.831,0,348.9,2.04,-1.0,-1.6,1.28,1.16,1.1,257.5,0.0
2026-01-31,124,BW-203,Bramblewick Trail Bars Dark Choc 12ct,Bars,ThriftLane,415.6,7.49,7.49,3112.5,7.49,0,0.0,0,0,0,0,0,0,129,0.845,0,360.0,2.04,-1.0,-1.6,1.28,1.16,1.1,415.6,0.0
2026-02-07,125,BW-203,Bramblewick Trail Bars Dark Choc 12ct,Bars,ThriftLane,313.0,7.49,7.49,2344.13,7.49,0,0.0,0,0,0,0,1,0,128,0.838,0,362.8,2.04,-1.0,-1.6,1.28,1.16,1.1,313.0,0.0
2026-02-14,126,BW-203,Bramblewick Trail Bars Dark Choc 12ct,Bars,ThriftLane,312.2,7.49,5.99,1942.04,6.22,1,0.2,1,1,1,1,0,0,128,0.838,0,368.3,2.04,-1.0,-1.6,1.28,1.16,1.1,311.3,0.9
2026-02-21,127,BW-203,Bramblewick Trail Bars Dark Choc 12ct,Bars,ThriftLane,396.0,7.49,5.99,2463.19,6.22,1,0.2,1,1,1,1,0,0,128,0.838,0,373.6,2.04,-1.0,-1.6,1.28,1.16,1.1,311.3,84.7
2026-02-28,128,BW-203,Bramblewick Trail Bars Dark Choc 12ct,Bars,ThriftLane,462.9,7.49,5.99,2846.8,6.15,1,0.2,1,1,1,0,0,0,129,0.845,0,381.6,2.04,-1.0,-1.6,1.28,1.16,1.1,311.3,151.6
2026-03-07,129,BW-203,Bramblewick Trail Bars Dark Choc 12ct,Bars,ThriftLane,256.2,7.49,7.49,1919.17,7.49,0,0.0,0,0,0,1,0,1,127,0.831,0,380.6,2.04,-1.0,-1.6,1.28,1.16,1.1,256.2,0.0
2026-03-14,130,BW-203,Bramblewick Trail Bars Dark Choc 12ct,Bars,ThriftLane,438.3,7.49,7.49,3282.57,7.49,0,0.0,0,0,0,0,1,0,135,0.884,0,409.5,2.04,-1.0,-1.6,1.28,1.16,1.1,438.3,0.0
2026-03-21,131,BW-203,Bramblewick Trail Bars Dark Choc 12ct,Bars,ThriftLane,878.3,7.49,5.99,5497.95,6.26,1,0.2,0,1,1,1,0,0,133,0.871,0,408.3,2.04,-1.0,-1.6,1.28,1.16,1.1,311.3,567.0
2026-03-28,132,BW-203,Bramblewick Trail Bars Dark Choc 12ct,Bars,ThriftLane,357.1,7.49,7.49,2674.45,7.49,0,0.0,0,0,0,1,0,1,135,0.884,0,419.4,2.04,-1.0,-1.6,1.28,1.16,1.1,357.1,0.0
2026-04-04,133,BW-203,Bramblewick Trail Bars Dark Choc 12ct,Bars,ThriftLane,365.1,7.49,7.49,2734.26,7.49,0,0.0,0,0,0,0,0,0,135,0.884,0,424.6,2.04,-1.0,-1.6,1.28,1.16,1.1,365.1,0.0
2026-04-11,134,BW-203,Bramblewick Trail Bars Dark Choc 12ct,Bars,ThriftLane,355.1,7.79,7.79,2765.9,7.79,0,0.0,0,0,0,0,1,0,135,0.884,0,413.6,2.04,-1.0,-1.6,1.28,1.16,1.1,355.1,0.0
2026-04-18,135,BW-203,Bramblewick Trail Bars Dark Choc 12ct,Bars,ThriftLane,445.1,7.79,7.01,3137.68,7.05,1,0.1,0,0,0,0,0,0,134,0.877,0,416.3,2.04,-1.0,-1.6,1.28,1.16,1.1,356.1,89.0
2026-04-25,136,BW-203,Bramblewick Trail Bars Dark Choc 12ct,Bars,ThriftLane,312.7,7.79,7.01,2201.08,7.04,1,0.1,0,0,0,1,0,0,135,0.884,0,425.9,2.04,-1.0,-1.6,1.28,1.16,1.1,356.1,0.0
2026-05-02,137,BW-203,Bramblewick Trail Bars Dark Choc 12ct,Bars,ThriftLane,399.7,7.79,7.79,3113.95,7.79,0,0.0,0,0,0,1,0,1,135,0.884,0,433.0,2.04,-1.0,-1.6,1.28,1.16,1.1,399.7,0.0
2026-05-09,138,BW-203,Bramblewick Trail Bars Dark Choc 12ct,Bars,ThriftLane,530.7,7.79,7.79,4134.1,7.79,0,0.0,0,0,0,0,0,0,134,0.877,0,437.6,2.04,-1.0,-1.6,1.28,1.16,1.1,530.7,0.0
2026-05-16,139,BW-203,Bramblewick Trail Bars Dark Choc 12ct,Bars,ThriftLane,383.1,7.79,7.79,2983.97,7.79,0,0.0,0,0,0,0,0,0,133,0.871,0,442.7,2.04,-1.0,-1.6,1.28,1.16,1.1,383.1,0.0
2026-05-23,140,BW-203,Bramblewick Trail Bars Dark Choc 12ct,Bars,ThriftLane,408.3,7.79,7.79,3180.58,7.79,0,0.0,0,0,0,1,0,0,135,0.884,0,527.4,2.04,-1.0,-1.6,1.28,1.16,1.1,408.3,0.0
2026-05-30,141,BW-203,Bramblewick Trail Bars Dark Choc 12ct,Bars,ThriftLane,519.0,7.79,7.79,4042.74,7.79,0,0.0,0,0,0,1,1,0,133,0.871,0,568.9,2.04,-1.0,-1.6,1.28,1.16,1.1,519.0,0.0
2026-06-06,142,BW-203,Bramblewick Trail Bars Dark Choc 12ct,Bars,ThriftLane,553.4,7.79,6.62,3757.33,6.79,1,0.15,0,0,0,1,0,0,133,0.871,0,470.7,2.04,-1.0,-1.6,1.28,1.16,1.1,391.4,162.0
2026-06-13,143,BW-203,Bramblewick Trail Bars Dark Choc 12ct,Bars,ThriftLane,506.0,7.79,7.79,3941.84,7.79,0,0.0,0,0,0,0,0,1,140,0.917,0,505.5,2.04,-1.0,-1.6,1.28,1.16,1.1,506.0,0.0
2026-06-20,144,BW-203,Bramblewick Trail Bars Dark Choc 12ct,Bars,ThriftLane,493.3,7.79,7.79,3842.47,7.79,0,0.0,0,0,0,0,0,0,141,0.923,0,518.7,2.04,-1.0,-1.6,1.28,1.16,1.1,493.3,0.0
2026-06-27,145,BW-203,Bramblewick Trail Bars Dark Choc 12ct,Bars,ThriftLane,535.1,7.79,7.79,4168.42,7.79,0,0.0,0,0,0,1,1,0,141,0.923,0,670.3,2.04,-1.0,-1.6,1.28,1.16,1.1,535.1,0.0
2026-07-04,146,BW-203,Bramblewick Trail Bars Dark Choc 12ct,Bars,ThriftLane,976.5,7.79,6.62,6728.17,6.89,1,0.15,0,0,0,0,0,0,139,0.91,0,766.7,2.04,-1.0,-1.6,1.28,1.16,1.1,499.6,476.8
2026-07-11,147,BW-203,Bramblewick Trail Bars Dark Choc 12ct,Bars,ThriftLane,757.5,7.79,6.62,5173.91,6.83,1,0.15,0,0,0,0,0,0,139,0.91,0,532.2,2.04,-1.0,-1.6,1.28,1.16,1.1,499.6,257.8
2026-07-18,148,BW-203,Bramblewick Trail Bars Dark Choc 12ct,Bars,ThriftLane,536.1,7.79,7.79,4176.29,7.79,0,0.0,0,0,0,0,0,1,140,0.917,0,539.1,2.04,-1.0,-1.6,1.28,1.16,1.1,536.1,0.0
2026-07-25,149,BW-203,Bramblewick Trail Bars Dark Choc 12ct,Bars,ThriftLane,532.3,7.79,7.79,4146.59,7.79,0,0.0,0,0,0,0,0,0,139,0.91,0,535.8,2.04,-1.0,-1.6,1.28,1.16,1.1,532.3,0.0
2026-08-01,150,BW-203,Bramblewick Trail Bars Dark Choc 12ct,Bars,ThriftLane,601.4,7.79,7.79,4684.77,7.79,0,0.0,0,0,0,0,1,0,140,0.917,0,537.4,2.04,-1.0,-1.6,1.28,1.16,1.1,601.4,0.0
2026-08-08,151,BW-203,Bramblewick Trail Bars Dark Choc 12ct,Bars,ThriftLane,1412.5,7.79,6.23,9082.27,6.43,1,0.2,1,1,0,0,0,0,141,0.923,0,536.1,2.04,-1.0,-1.6,1.28,1.16,1.1,525.6,886.8
2026-08-15,152,BW-203,Bramblewick Trail Bars Dark Choc 12ct,Bars,ThriftLane,1254.2,7.79,6.23,8127.3,6.48,1,0.2,1,1,0,0,0,0,141,0.923,0,528.3,2.04,-1.0,-1.6,1.28,1.16,1.1,525.6,728.6
2026-08-22,153,BW-203,Bramblewick Trail Bars Dark Choc 12ct,Bars,ThriftLane,1049.4,7.79,6.23,6705.86,6.39,1,0.2,1,1,0,0,0,0,140,0.917,0,601.1,2.04,-1.0,-1.6,1.28,1.16,1.1,525.6,523.8
2026-08-29,154,BW-203,Bramblewick Trail Bars Dark Choc 12ct,Bars,ThriftLane,511.2,7.79,7.79,3982.29,7.79,0,0.0,0,0,0,0,0,1,141,0.923,0,590.7,2.04,-1.0,-1.6,1.28,1.16,1.1,511.2,0.0
2026-09-05,155,BW-203,Bramblewick Trail Bars Dark Choc 12ct,Bars,ThriftLane,480.1,7.79,7.79,3740.17,7.79,0,0.0,0,0,0,0,0,0,141,0.923,0,491.2,2.04,-1.0,-1.6,1.28,1.16,1.1,480.1,0.0
